student_id,roll_no,department,semester,attendance_percentage,current_cgpa,previous_cgpa,cgpa_trend,backlogs,internal_marks,assignment_score,credits_completed,event_participation,internship_status,skill_score,placement_status,at_risk,risk_probability_ground_truth
STU-0756,22CS856,CSE,7,91.5,9.43,9.63,declining,0,90.8,92.4,143,89.4,Completed,80.1,Placed,0,0.091
STU-2718,25IT118,IT,2,89.5,9.01,9.24,declining,0,88.8,84.1,43,96.1,,92.0,Not Eligible,0,0.098
STU-5537,25EE237,EEE,2,82.9,8.44,8.63,declining,0,82.7,73.0,44,85.0,,70.3,Not Eligible,0,0.085
STU-8295,23CI295,Civil,6,81.7,6.47,6.74,declining,0,60.9,87.9,124,76.6,,82.3,In Process,0,0.18
STU-2517,25IT817,IT,2,78.7,7.89,8.17,declining,0,82.7,85.4,38,53.9,,61.5,Not Eligible,0,0.257
STU-3393,22IT793,IT,8,88.8,9.24,9.4,declining,1,99.0,86.0,165,83.8,Completed,87.0,In Process,0,0.141
STU-1484,25CS684,CSE,1,85.2,7.89,7.94,stable,0,87.4,84.0,23,41.1,,73.8,Not Eligible,0,0.099
STU-0009,23CS109,CSE,5,77.3,9.22,9.01,improving,0,91.3,78.5,101,62.0,Completed,85.4,Eligible,0,0.048
STU-3041,22IT441,IT,7,78.3,7.65,8.61,declining,0,79.5,75.1,148,77.2,Completed,86.5,Placed,0,0.402
STU-8287,22CI287,Civil,8,74.0,7.49,7.95,declining,0,82.4,74.0,164,74.5,,73.9,Not Eligible,0,0.287
STU-7989,22CI889,Civil,7,70.5,7.69,7.96,declining,0,80.0,72.8,149,38.7,Completed,81.3,Placed,0,0.155
STU-4561,23EC161,ECE,5,73.6,7.25,7.15,stable,0,69.4,70.8,105,72.6,Completed,75.4,Eligible,0,0.068
STU-3199,25IT599,IT,2,74.6,8.8,8.86,stable,0,85.4,81.5,44,97.0,Ongoing,80.0,Not Eligible,0,0.137
STU-1064,24CS264,CSE,4,83.4,8.23,8.05,improving,0,76.2,88.5,80,92.5,,82.2,Not Eligible,0,0.111
STU-1713,22CS913,CSE,7,82.7,8.46,8.77,declining,0,70.4,80.7,149,65.8,Ongoing,91.2,Placed,0,0.188
STU-5637,23EE337,EEE,6,83.4,7.26,6.22,improving,0,69.8,89.2,128,46.4,,74.9,Eligible,0,0.074
STU-0263,25CS363,CSE,2,92.5,7.98,8.04,stable,0,86.4,74.4,40,58.8,,62.0,Not Eligible,0,0.141
STU-7312,22ME212,Mechanical,8,87.2,6.7,6.65,stable,0,68.7,94.5,170,41.2,,64.5,In Process,0,0.06
STU-1260,23CS460,CSE,5,75.4,9.69,9.55,stable,0,94.9,73.2,106,42.2,Completed,80.2,Eligible,0,0.069
STU-4556,23EC156,ECE,6,69.6,6.36,6.61,declining,0,66.5,69.6,126,62.8,,78.2,In Process,0,0.246
STU-4371,24EC871,ECE,4,78.9,8.37,8.59,declining,0,88.1,72.2,82,44.9,,76.3,Not Eligible,0,0.154
STU-0426,23CS526,CSE,5,91.5,8.63,8.2,improving,0,88.0,94.9,107,82.5,Completed,98.0,Eligible,0,0.144
STU-1010,24CS210,CSE,4,71.5,6.96,6.54,improving,0,82.8,63.5,80,38.7,,64.0,Not Eligible,0,0.154
STU-2394,23IT694,IT,6,84.4,7.05,6.5,improving,0,72.6,89.0,122,71.6,,73.5,Eligible,0,0.133
STU-3103,23IT503,IT,6,75.5,6.82,6.79,stable,0,60.9,70.2,128,56.8,Completed,88.1,Eligible,0,0.162
STU-7439,24ME339,Mechanical,3,92.8,7.66,7.74,stable,0,73.8,90.9,61,78.4,,78.3,Not Eligible,0,0.074
STU-2510,22IT810,IT,8,89.7,8.55,8.3,improving,0,90.6,90.5,164,71.4,,75.1,Placed,0,0.038
STU-0022,25CS122,CSE,2,83.6,9.41,9.16,improving,0,89.4,85.8,40,69.3,Ongoing,86.6,Not Eligible,0,0.093
STU-2777,22IT177,IT,7,72.4,7.35,7.25,stable,0,75.3,67.0,149,77.3,,54.2,Placed,0,0.093
STU-4818,22EC418,ECE,7,71.0,8.81,8.91,stable,0,84.7,62.9,145,51.4,Completed,98.0,Placed,0,0.219
STU-0772,22CS872,CSE,7,74.5,8.07,8.02,stable,0,83.0,72.0,147,23.1,Completed,79.0,Placed,0,0.067
STU-0213,23CS313,CSE,6,80.6,7.19,7.67,declining,0,81.8,71.0,127,76.2,,69.2,Eligible,0,0.108
STU-0298,25CS398,CSE,2,86.4,7.56,8.4,declining,0,72.1,84.1,42,65.6,Ongoing,71.3,Not Eligible,0,0.312
STU-2255,25IT555,IT,2,83.0,7.79,7.65,stable,0,70.2,78.4,44,98.0,,86.6,Not Eligible,0,0.09
STU-3651,24EC151,ECE,4,77.1,9.64,9.81,declining,0,99.0,77.5,86,41.8,,78.8,Not Eligible,0,0.136
STU-5370,22EE970,EEE,8,86.8,8.27,8.31,stable,0,76.8,88.7,166,57.1,Completed,94.1,Placed,0,0.084
STU-5646,25EE346,EEE,1,90.0,7.25,7.27,stable,0,76.2,92.2,23,55.4,,88.3,Not Eligible,0,0.168
STU-5560,23EE260,EEE,6,59.9,6.37,6.28,stable,0,67.0,54.4,126,52.1,,54.9,In Process,1,0.637
STU-5898,23EE598,EEE,6,82.2,6.49,6.43,stable,0,69.2,89.7,127,59.0,Completed,81.6,In Process,0,0.083
STU-1719,22CS919,CSE,8,94.4,6.69,6.27,improving,0,70.8,99.0,168,83.3,Ongoing,53.4,In Process,0,0.086
STU-4575,25EC175,ECE,1,83.6,8.01,8.63,declining,0,79.7,77.3,23,23.4,,77.2,Not Eligible,0,0.225
STU-4194,25EC694,ECE,2,93.6,7.8,7.75,stable,0,79.6,100.0,40,49.8,,78.7,Not Eligible,0,0.109
STU-4564,25EC164,ECE,2,88.5,6.16,6.16,stable,0,55.6,76.9,44,54.1,,75.4,Not Eligible,0,0.186
STU-6629,24ME429,Mechanical,4,74.1,7.33,7.29,stable,0,77.2,75.5,86,38.1,,73.1,Not Eligible,0,0.17
STU-1479,22CS679,CSE,7,81.2,8.16,7.31,improving,0,81.1,85.1,149,53.5,Completed,87.3,Placed,0,0.145
STU-0083,24CS183,CSE,3,72.0,8.93,8.94,stable,0,91.8,76.5,65,38.9,,95.7,Not Eligible,0,0.082
STU-3480,23IT880,IT,5,84.2,6.56,5.97,improving,0,69.5,84.2,105,68.3,,61.4,Eligible,0,0.06
STU-1167,22CS367,CSE,7,83.6,8.08,8.0,stable,0,82.9,81.9,145,72.4,,75.5,Placed,0,0.07
STU-3766,25EC266,ECE,1,76.5,5.84,5.71,stable,0,56.4,67.2,21,46.9,,52.8,Not Eligible,0,0.235
STU-1048,25CS248,CSE,1,83.4,8.99,9.19,declining,0,96.3,93.5,23,89.8,,54.5,Not Eligible,0,0.113
STU-3484,22IT884,IT,7,75.2,7.09,7.07,stable,0,80.6,82.5,143,63.4,,75.7,Placed,0,0.103
STU-7247,25ME147,Mechanical,2,77.3,7.04,7.02,stable,0,75.4,76.0,40,98.0,,71.2,Not Eligible,0,0.167
STU-6091,25EE791,EEE,2,91.6,7.19,7.46,declining,0,75.4,95.9,38,98.0,,75.6,Not Eligible,0,0.127
STU-2061,25CS361,CSE,1,66.4,9.95,9.8,improving,0,99.0,71.0,18,55.0,,98.0,Not Eligible,0,0.186
STU-0497,23CS597,CSE,5,72.4,8.14,8.62,declining,1,76.4,63.1,97,59.6,Completed,76.9,In Process,0,0.444
STU-1753,25CS953,CSE,1,80.6,7.93,7.97,stable,0,82.8,85.4,21,28.2,,98.0,Not Eligible,0,0.105
STU-0135,22CS235,CSE,8,90.1,6.53,6.28,improving,0,57.7,82.6,168,37.4,,74.2,Not Eligible,0,0.167
STU-3412,25IT812,IT,2,75.5,8.89,8.75,stable,0,82.9,73.2,40,48.8,,97.4,Not Eligible,0,0.08
STU-3564,25EC964,ECE,1,78.4,7.92,7.77,improving,0,84.0,77.8,23,66.6,,60.3,Not Eligible,0,0.053
STU-0519,22CS619,CSE,8,81.2,7.41,7.9,declining,0,75.7,78.9,164,40.9,Ongoing,65.3,Placed,0,0.092
STU-3097,24IT497,IT,3,87.1,5.74,6.09,declining,0,58.1,91.3,63,74.0,,30.0,Not Eligible,0,0.25
STU-6968,25ME768,Mechanical,2,84.7,5.15,4.92,improving,1,51.0,77.6,36,98.0,,42.9,Not Eligible,1,0.684
STU-7630,23CI530,Civil,6,73.9,7.19,6.77,improving,0,69.9,77.7,122,43.5,,72.4,Eligible,0,0.094
STU-5657,25EE357,EEE,1,71.3,6.33,6.75,declining,1,60.2,73.3,19,98.0,Ongoing,67.3,Not Eligible,0,0.364
STU-2888,23IT288,IT,5,92.3,9.6,9.73,stable,0,92.5,95.2,106,52.3,,97.2,Eligible,0,0.132
STU-1171,23CS371,CSE,5,76.9,9.18,9.82,declining,0,87.4,66.0,107,62.2,Ongoing,56.1,Eligible,0,0.245
STU-6986,25ME786,Mechanical,2,81.0,7.41,7.82,declining,0,68.7,66.3,42,62.6,,98.0,Not Eligible,0,0.168
STU-4632,25EC232,ECE,2,80.2,7.31,6.7,improving,0,77.1,80.7,43,51.0,,54.9,Not Eligible,0,0.141
STU-6350,23ME150,Mechanical,5,75.2,6.87,7.27,declining,0,74.8,75.1,107,64.7,,62.7,Eligible,0,0.171
STU-4532,23EC132,ECE,6,96.7,9.03,8.58,improving,0,96.6,98.4,128,63.7,,98.0,Eligible,0,0.056
STU-5476,25EE176,EEE,1,65.9,7.54,6.98,improving,0,79.0,75.6,23,60.9,,61.8,Not Eligible,0,0.147
STU-5020,24EC620,ECE,3,79.0,8.33,8.55,declining,0,75.4,78.3,63,60.0,,97.0,Not Eligible,0,0.033
STU-8193,25CI193,Civil,2,67.0,7.38,6.92,improving,3,76.1,67.7,30,90.1,,78.9,Not Eligible,1,0.739
STU-2308,25IT608,IT,2,79.0,7.82,7.45,improving,0,84.9,94.2,44,69.3,,78.1,Not Eligible,0,0.067
STU-1441,22CS641,CSE,8,73.1,9.01,8.8,improving,0,93.1,76.2,164,35.9,Completed,84.1,Placed,0,0.057
STU-6824,22ME624,Mechanical,7,83.7,5.71,5.86,declining,0,60.9,83.8,149,39.4,,58.1,In Process,0,0.179
STU-2257,24IT557,IT,3,79.4,5.94,5.65,improving,0,62.0,79.2,63,51.5,,36.9,Not Eligible,0,0.201
STU-1435,25CS635,CSE,2,99.0,6.57,6.46,stable,0,59.8,83.7,40,85.6,,57.6,Not Eligible,0,0.076
STU-2722,24IT122,IT,4,76.4,6.8,6.74,stable,0,55.3,75.5,85,62.8,,74.4,Not Eligible,0,0.128
STU-7557,22ME457,Mechanical,8,74.5,7.64,7.54,stable,0,73.5,78.3,169,98.0,Completed,72.0,Placed,0,0.065
STU-0108,23CS208,CSE,6,76.9,6.76,6.84,stable,1,57.6,77.8,123,62.7,Completed,69.4,In Process,0,0.223
STU-2749,22IT149,IT,8,89.7,7.55,7.82,declining,0,72.0,79.8,168,51.2,Completed,53.8,Placed,0,0.082
STU-7502,25ME402,Mechanical,1,80.8,7.79,6.69,improving,0,82.5,77.5,18,11.5,,67.8,Not Eligible,0,0.087
STU-4343,25EC843,ECE,2,83.2,7.17,6.93,improving,0,81.0,81.2,44,18.0,,53.9,Not Eligible,0,0.096
STU-3591,23EC991,ECE,5,83.1,7.69,7.79,stable,0,74.5,78.9,105,78.1,Ongoing,77.8,Eligible,0,0.126
STU-1586,25CS786,CSE,2,79.5,9.95,10.0,stable,0,94.5,82.0,40,92.4,,79.7,Not Eligible,0,0.131
STU-7743,23CI643,Civil,6,85.4,6.73,6.63,stable,0,71.8,87.4,122,49.3,Completed,71.1,Eligible,0,0.074
STU-8378,24CI378,Civil,3,71.7,7.15,7.6,declining,0,59.1,74.0,64,71.2,,54.3,Not Eligible,0,0.179
STU-5681,25EE381,EEE,1,85.7,7.6,7.7,stable,0,85.0,79.5,19,91.7,,68.9,Not Eligible,0,0.108
STU-6504,24ME304,Mechanical,4,69.2,8.14,8.47,declining,0,78.7,62.9,80,42.0,,90.4,Not Eligible,0,0.238
STU-3308,24IT708,IT,3,82.9,8.26,8.45,declining,0,87.1,84.0,64,80.1,,68.8,Not Eligible,0,0.101
STU-6118,23EE818,EEE,6,94.0,6.87,6.83,stable,0,69.0,100.0,122,60.9,,55.2,Eligible,0,0.064
STU-7468,24ME368,Mechanical,4,85.5,8.28,7.99,improving,0,81.8,79.7,82,55.9,,73.4,Not Eligible,0,0.064
STU-2139,25CS439,CSE,2,98.3,8.13,8.81,declining,0,84.5,89.8,42,26.5,,77.8,Not Eligible,0,0.263
STU-4635,25EC235,ECE,1,61.9,8.13,7.83,improving,0,86.8,59.2,18,40.4,,65.5,Not Eligible,0,0.453
STU-0655,24CS755,CSE,4,80.5,7.85,7.88,stable,0,72.3,78.9,82,5.0,,60.9,Not Eligible,0,0.255
STU-8125,25CI125,Civil,2,81.4,7.02,7.06,stable,0,65.1,80.7,44,95.3,,57.2,Not Eligible,0,0.067
STU-5819,22EE519,EEE,7,71.2,6.9,5.73,improving,1,69.9,67.0,141,59.7,Completed,79.5,In Process,0,0.215
STU-2426,22IT726,IT,8,73.2,8.67,8.51,improving,0,77.0,65.3,170,58.9,Ongoing,78.0,Placed,0,0.153
STU-2664,23IT964,IT,5,66.2,8.91,9.75,declining,0,86.7,63.8,101,73.7,Ongoing,68.1,Eligible,1,0.527
STU-6561,23ME361,Mechanical,6,78.4,8.01,7.68,improving,0,78.9,87.8,122,90.9,,91.3,Eligible,0,0.146
STU-0770,22CS870,CSE,7,79.9,8.56,8.92,declining,0,81.9,86.4,148,48.0,Completed,90.5,Placed,0,0.128
STU-4534,24EC134,ECE,3,87.3,6.67,6.19,improving,1,70.5,82.3,60,70.7,,58.2,Not Eligible,0,0.297
STU-2082,25CS382,CSE,1,87.7,7.98,8.2,declining,0,80.9,74.9,21,43.6,,69.1,Not Eligible,0,0.07
STU-2025,24CS325,CSE,4,84.9,7.17,7.35,declining,0,78.3,79.9,80,83.5,,75.0,Not Eligible,0,0.113
STU-8113,22CI113,Civil,7,98.8,7.68,7.94,declining,0,75.4,85.3,145,58.1,,70.2,Not Eligible,0,0.112
STU-3355,22IT755,IT,8,73.1,8.52,8.12,improving,0,89.2,70.4,169,59.3,Completed,72.2,Placed,0,0.137
STU-4686,25EC286,ECE,2,79.5,9.02,9.77,declining,0,94.7,82.4,42,22.8,,98.0,Not Eligible,0,0.367
STU-5652,25EE352,EEE,1,82.5,8.01,7.8,improving,0,73.4,83.8,18,7.4,Ongoing,70.5,Not Eligible,0,0.161
STU-6194,24EE894,EEE,3,81.5,6.83,7.13,declining,0,68.5,74.4,59,27.7,,64.7,Not Eligible,0,0.134
STU-6375,22ME175,Mechanical,7,81.8,7.74,7.13,improving,0,77.7,79.6,147,16.8,,83.2,In Process,0,0.168
STU-7235,22ME135,Mechanical,7,80.2,7.14,7.42,declining,0,71.0,90.7,148,46.3,,80.1,In Process,0,0.068
STU-5822,23EE522,EEE,5,73.7,6.86,6.97,stable,0,67.8,96.3,106,82.6,,73.3,Eligible,0,0.091
STU-0242,22CS342,CSE,8,82.8,9.48,9.86,declining,0,99.0,73.1,169,20.9,Completed,71.9,Placed,0,0.129
STU-5418,22EE118,EEE,8,88.6,8.37,8.11,improving,0,86.0,92.4,164,32.9,Ongoing,81.3,Placed,0,0.13
STU-6926,22ME726,Mechanical,8,75.4,7.38,7.25,stable,1,83.3,72.0,164,98.0,,40.4,In Process,0,0.252
STU-3163,24IT563,IT,3,89.1,9.26,9.01,improving,0,88.9,81.4,61,48.7,,83.0,Not Eligible,0,0.099
STU-3953,22EC453,ECE,7,86.0,8.04,7.81,improving,0,85.3,87.1,147,59.9,Ongoing,82.4,Placed,0,0.134
STU-3187,24IT587,IT,3,76.0,9.09,8.98,stable,0,94.3,80.2,65,92.4,,82.0,Not Eligible,0,0.101
STU-4431,23EC931,ECE,6,81.2,9.95,10.0,stable,0,95.7,77.5,124,44.2,Completed,85.2,Eligible,0,0.103
STU-0494,25CS594,CSE,2,89.6,6.72,6.85,stable,0,65.9,85.4,42,39.9,,43.8,Not Eligible,0,0.069
STU-4716,23EC316,ECE,6,81.9,8.15,8.27,stable,0,89.5,74.4,126,22.3,Completed,60.0,Eligible,0,0.111
STU-5035,23EC635,ECE,6,69.7,6.41,6.82,declining,0,65.3,68.1,127,83.4,Ongoing,48.4,In Process,0,0.292
STU-3088,22IT488,IT,8,81.3,9.06,9.3,declining,0,92.5,70.6,166,46.1,Completed,85.8,Placed,0,0.144
STU-7882,22CI782,Civil,8,84.2,6.77,6.58,improving,0,66.6,82.2,169,41.2,Ongoing,72.2,Not Eligible,0,0.07
STU-2723,25IT123,IT,2,74.3,8.19,8.56,declining,0,80.6,76.8,43,91.3,,59.7,Not Eligible,0,0.193
STU-3796,25EC296,ECE,1,82.5,9.25,9.54,declining,0,95.6,92.0,19,5.4,,90.2,Not Eligible,0,0.386
STU-4593,24EC193,ECE,3,99.0,8.47,8.31,improving,0,72.8,98.7,63,46.4,,66.7,Not Eligible,0,0.082
STU-4490,24EC990,ECE,4,94.1,7.72,7.65,stable,0,81.0,83.5,80,71.0,,78.8,Not Eligible,0,0.082
STU-3428,25IT828,IT,2,75.4,8.06,8.19,stable,0,77.6,72.6,44,57.3,,71.8,Not Eligible,0,0.169
STU-3897,24EC397,ECE,3,91.7,6.27,6.7,declining,0,63.9,88.6,61,20.2,,81.7,Not Eligible,0,0.266
STU-1647,25CS847,CSE,1,77.6,8.3,8.27,stable,0,88.4,78.5,21,52.1,,84.3,Not Eligible,0,0.071
STU-4755,24EC355,ECE,4,65.0,9.4,9.97,declining,1,92.0,56.3,80,58.1,,93.1,Not Eligible,1,0.648
STU-6944,23ME744,Mechanical,5,79.4,6.56,6.75,declining,0,70.9,89.1,106,59.7,Completed,66.9,Eligible,0,0.136
STU-3959,25EC459,ECE,2,83.4,7.3,7.12,improving,0,81.2,86.7,43,70.1,,98.0,Not Eligible,0,0.091
STU-7213,25ME113,Mechanical,1,62.5,6.14,6.01,stable,1,57.4,60.9,18,52.4,,49.9,Not Eligible,1,0.801
STU-6913,25ME713,Mechanical,1,74.5,5.94,6.13,declining,0,55.7,72.0,23,69.3,,68.9,Not Eligible,0,0.247
STU-5279,23EE879,EEE,6,90.5,8.35,8.44,stable,0,85.2,96.8,128,42.5,Completed,81.0,Eligible,0,0.082
STU-0909,25CS109,CSE,2,89.3,7.36,6.46,improving,0,64.3,81.9,42,48.4,,58.2,Not Eligible,0,0.079
STU-6731,23ME531,Mechanical,6,85.3,6.12,5.98,stable,0,51.9,88.8,127,81.1,Completed,66.7,In Process,0,0.245
STU-3204,24IT604,IT,3,87.3,7.98,8.24,declining,0,76.4,91.4,63,78.7,,87.0,Not Eligible,0,0.19
STU-1765,25CS965,CSE,2,76.0,7.6,7.25,improving,1,74.0,82.9,34,84.2,Ongoing,77.3,Not Eligible,0,0.3
STU-1539,25CS739,CSE,2,78.3,6.82,6.81,stable,1,68.4,74.4,40,61.1,,68.3,Not Eligible,0,0.15
STU-5365,25EE965,EEE,2,77.9,7.89,8.0,stable,0,82.6,73.4,40,77.6,,69.6,Not Eligible,0,0.093
STU-1066,23CS266,CSE,6,77.8,7.69,8.27,declining,0,73.9,76.5,124,76.8,Ongoing,77.8,Eligible,0,0.195
STU-6686,24ME486,Mechanical,4,83.8,7.65,7.55,stable,0,76.4,82.3,82,78.7,,69.1,Not Eligible,0,0.069
STU-6852,25ME652,Mechanical,2,82.5,7.85,8.12,declining,0,79.6,80.3,40,34.8,Ongoing,49.1,Not Eligible,0,0.263
STU-0411,24CS511,CSE,3,88.7,6.05,6.16,stable,2,55.7,87.4,57,41.8,,84.0,Not Eligible,0,0.492
STU-0536,22CS636,CSE,8,75.1,8.51,8.58,stable,0,89.1,80.3,168,81.4,Ongoing,87.8,Placed,0,0.128
STU-1500,22CS700,CSE,7,83.2,6.73,6.59,stable,0,59.8,84.5,149,74.5,Completed,72.6,Placed,0,0.055
STU-0567,24CS667,CSE,4,86.9,8.75,8.56,improving,0,89.2,83.3,84,64.9,,66.7,Not Eligible,0,0.06
STU-0880,25CS980,CSE,2,76.7,7.87,7.77,stable,0,74.7,72.6,42,90.7,,70.4,Not Eligible,0,0.051
STU-5656,22EE356,EEE,8,76.2,9.3,8.94,improving,0,87.3,83.3,164,58.3,Ongoing,88.1,Placed,0,0.095
STU-3217,22IT617,IT,8,64.8,9.05,8.64,improving,0,92.4,56.5,169,46.4,Completed,78.3,Placed,0,0.23
STU-3639,23EC139,ECE,6,78.5,7.39,7.58,declining,0,73.3,81.5,126,62.4,,56.7,Eligible,0,0.154
STU-5604,24EE304,EEE,3,99.0,6.6,6.37,improving,0,70.7,90.6,64,98.0,,49.1,Not Eligible,0,0.122
STU-8187,23CI187,Civil,6,82.5,7.58,7.56,stable,0,73.6,82.2,122,90.3,,83.3,Eligible,0,0.133
STU-1537,25CS737,CSE,2,86.7,9.95,10.0,stable,0,99.0,92.5,44,23.2,,91.4,Not Eligible,0,0.164
STU-1543,23CS743,CSE,5,81.8,7.8,7.09,improving,0,72.0,80.8,107,81.4,Completed,86.1,Eligible,0,0.099
STU-2676,22IT976,IT,8,77.3,8.78,8.55,improving,0,87.4,80.4,166,47.6,Completed,98.0,Placed,0,0.073
STU-2229,23IT529,IT,6,98.2,7.88,7.75,stable,0,82.1,91.7,128,26.3,,75.5,Eligible,0,0.149
STU-2557,25IT857,IT,1,86.2,7.18,7.47,declining,0,61.8,89.1,19,75.3,Ongoing,73.8,Not Eligible,0,0.067
STU-8316,22CI316,Civil,8,80.4,6.18,6.41,declining,0,63.7,75.1,166,31.8,,53.2,Placed,0,0.217
STU-5424,24EE124,EEE,3,89.3,8.51,7.97,improving,0,86.1,84.5,64,55.3,,91.5,Not Eligible,0,0.039
STU-1514,25CS714,CSE,1,76.6,7.77,7.82,stable,0,81.2,81.4,19,67.9,,74.2,Not Eligible,0,0.165
STU-6814,25ME614,Mechanical,2,74.0,7.39,6.68,improving,0,71.0,66.1,44,83.2,,73.9,Not Eligible,0,0.065
STU-1145,24CS345,CSE,3,89.4,8.28,8.12,improving,0,79.8,94.8,63,60.7,,74.5,Not Eligible,0,0.05
STU-4449,25EC949,ECE,2,72.6,7.55,7.37,improving,0,70.0,74.5,42,36.7,,87.6,Not Eligible,0,0.093
STU-7685,23CI585,Civil,5,87.8,7.35,6.95,improving,0,73.1,94.3,107,59.2,Completed,73.8,Eligible,0,0.039
STU-5255,24EE855,EEE,4,83.5,7.14,6.98,improving,0,75.0,83.3,85,79.4,,61.8,Not Eligible,0,0.069
STU-4554,24EC154,ECE,4,79.1,7.16,6.83,improving,0,79.9,76.3,82,43.7,,66.4,Not Eligible,0,0.108
STU-5465,23EE165,EEE,6,80.7,6.41,5.95,improving,0,57.4,77.5,128,61.9,,80.0,In Process,0,0.095
STU-1448,22CS648,CSE,7,90.0,9.03,9.27,declining,0,88.3,99.2,148,65.3,Ongoing,68.0,Placed,0,0.142
STU-7994,24CI894,Civil,3,67.6,6.41,6.28,stable,2,62.1,60.7,57,74.8,,71.3,Not Eligible,0,0.435
STU-2495,22IT795,IT,8,99.0,7.36,7.98,declining,0,83.5,85.0,164,47.8,Completed,67.5,Not Eligible,0,0.32
STU-2086,24CS386,CSE,4,96.0,8.56,8.72,declining,0,83.7,83.3,84,73.5,,73.4,Not Eligible,0,0.124
STU-1209,24CS409,CSE,3,90.6,8.47,8.32,improving,0,83.3,87.4,63,55.2,,83.3,Not Eligible,0,0.111
STU-4011,23EC511,ECE,6,67.8,7.88,8.03,declining,1,81.1,65.0,120,63.4,Completed,74.9,In Process,0,0.394
STU-6032,25EE732,EEE,2,79.1,8.71,8.94,declining,0,97.1,78.2,42,47.0,Ongoing,74.7,Not Eligible,0,0.185
STU-7791,25CI691,Civil,1,63.3,6.17,5.97,improving,0,59.7,73.9,18,79.7,,54.7,Not Eligible,0,0.473
STU-5323,25EE923,EEE,1,89.8,8.8,7.96,improving,0,91.2,92.8,19,39.3,,72.6,Not Eligible,0,0.167
STU-0399,23CS499,CSE,6,65.0,6.98,6.98,stable,2,65.7,74.3,118,33.9,,57.5,In Process,1,0.768
STU-7794,24CI694,Civil,4,88.3,6.31,6.09,improving,0,52.9,82.3,84,67.1,,54.1,Not Eligible,0,0.181
STU-6042,24EE742,EEE,3,75.2,6.75,7.05,declining,1,72.0,77.0,59,58.3,,71.0,Not Eligible,0,0.322
STU-6907,24ME707,Mechanical,4,89.9,6.88,6.98,stable,0,74.3,88.1,80,66.7,,68.1,Not Eligible,0,0.057
STU-2189,24IT489,IT,3,83.3,9.23,9.15,stable,0,97.1,91.8,61,17.8,,97.3,Not Eligible,0,0.096
STU-8038,24CI938,Civil,4,76.4,8.01,7.8,improving,0,73.7,83.7,80,82.6,,71.6,Not Eligible,0,0.121
STU-4025,23EC525,ECE,6,99.0,9.06,8.96,stable,0,91.5,97.6,127,60.5,Ongoing,98.0,Eligible,0,0.11
STU-0359,22CS459,CSE,8,92.7,8.83,9.2,declining,0,92.5,91.0,169,36.8,,63.8,Placed,0,0.183
STU-4073,24EC573,ECE,3,86.8,6.89,6.87,stable,0,62.9,88.6,59,50.4,,60.9,Not Eligible,0,0.05
STU-2001,24CS301,CSE,3,99.0,8.13,8.86,declining,0,88.1,87.0,59,83.6,,80.8,Not Eligible,0,0.233
STU-6891,25ME691,Mechanical,1,85.9,6.76,6.72,stable,0,62.5,77.9,18,90.7,,70.4,Not Eligible,0,0.087
STU-3457,24IT857,IT,4,83.7,9.27,9.07,improving,0,86.9,74.1,84,86.3,,94.9,Not Eligible,0,0.1
STU-2193,24IT493,IT,3,99.0,7.18,7.4,declining,0,65.2,89.4,59,71.9,Ongoing,83.8,Not Eligible,0,0.129
STU-3063,25IT463,IT,2,70.0,9.95,10.0,stable,0,95.5,72.6,40,80.7,,98.0,Not Eligible,0,0.187
STU-5183,22EC783,ECE,8,92.0,7.37,7.7,declining,0,82.1,91.5,170,52.9,Completed,59.5,In Process,0,0.127
STU-5051,25EC651,ECE,1,79.6,8.74,9.13,declining,0,87.5,73.5,21,49.9,,79.3,Not Eligible,0,0.137
STU-2014,25CS314,CSE,2,82.7,8.41,8.36,stable,0,78.9,77.6,44,58.5,,94.7,Not Eligible,0,0.139
STU-4527,22EC127,ECE,7,84.5,6.82,6.39,improving,0,70.2,82.0,145,49.0,,83.8,In Process,0,0.065
STU-5003,23EC603,ECE,6,87.4,7.27,7.65,declining,0,74.3,81.1,124,50.3,Completed,89.9,Eligible,0,0.169
STU-4032,22EC532,ECE,7,84.5,7.85,7.66,improving,0,76.0,75.9,149,59.2,Completed,88.3,Placed,0,0.065
STU-3351,25IT751,IT,1,82.1,7.14,7.52,declining,1,70.4,79.6,19,40.9,,61.6,Not Eligible,0,0.272
STU-0509,22CS609,CSE,8,73.9,9.46,9.15,improving,0,93.9,73.7,168,76.7,Ongoing,96.5,Placed,0,0.066
STU-4120,22EC620,ECE,7,95.7,7.99,7.75,improving,0,77.5,86.6,143,73.8,,76.9,Placed,0,0.064
STU-8417,23CI417,Civil,5,69.7,6.74,7.02,declining,0,63.1,68.3,101,76.1,Ongoing,47.3,Eligible,0,0.239
STU-2835,22IT235,IT,7,81.4,7.65,6.96,improving,0,69.8,81.3,145,50.2,Completed,66.8,Placed,0,0.096
STU-3076,24IT476,IT,3,76.1,8.58,7.88,improving,0,83.5,73.5,64,84.5,Ongoing,69.9,Not Eligible,0,0.089
STU-1752,25CS952,CSE,2,88.4,8.23,8.0,improving,0,80.9,73.3,40,71.5,Ongoing,83.9,Not Eligible,0,0.121
STU-3530,25EC930,ECE,1,67.0,7.19,7.14,stable,0,76.0,76.3,18,80.9,,61.4,Not Eligible,0,0.166
STU-7707,25CI607,Civil,1,73.7,8.31,8.3,stable,0,80.0,83.9,19,90.3,,62.5,Not Eligible,0,0.126
STU-7431,25ME331,Mechanical,1,89.5,6.54,7.32,declining,3,67.4,94.9,18,62.0,,63.5,Not Eligible,1,0.883
STU-5252,23EE852,EEE,6,79.9,7.28,7.3,stable,0,78.0,80.6,124,91.4,Completed,71.5,Eligible,0,0.099
STU-2871,22IT271,IT,7,80.4,7.46,7.13,improving,0,82.5,88.3,149,63.7,,67.2,Placed,0,0.072
STU-6215,24EE915,EEE,3,88.9,7.56,7.09,improving,0,71.3,86.5,59,33.7,,64.8,Not Eligible,0,0.114
STU-1507,23CS707,CSE,5,91.6,7.73,7.66,stable,0,77.9,80.9,105,49.3,Completed,83.8,Eligible,0,0.11
STU-5938,25EE638,EEE,2,81.1,8.33,8.21,stable,0,88.6,70.1,43,93.3,,87.0,Not Eligible,0,0.052
STU-7703,23CI603,Civil,5,78.6,6.51,6.5,stable,0,73.9,72.3,107,43.9,,52.0,Eligible,0,0.118
STU-6707,24ME507,Mechanical,4,79.8,8.24,8.18,stable,0,86.0,79.8,86,87.6,,70.4,Not Eligible,0,0.048
STU-5759,25EE459,EEE,1,98.6,7.72,7.15,improving,0,75.7,91.1,23,76.1,,88.3,Not Eligible,0,0.054
STU-4066,24EC566,ECE,3,85.9,8.91,8.96,stable,0,92.9,87.5,61,45.8,,84.4,Not Eligible,0,0.085
STU-6130,24EE830,EEE,4,92.3,7.29,7.35,stable,0,64.8,89.4,85,74.7,,66.9,Not Eligible,0,0.097
STU-8376,24CI376,Civil,3,82.4,8.74,9.03,declining,0,94.5,87.7,61,15.1,Ongoing,81.6,Not Eligible,0,0.123
STU-7702,25CI602,Civil,1,86.7,7.93,7.7,improving,0,78.4,79.0,23,15.9,,83.9,Not Eligible,0,0.265
STU-4893,24EC493,ECE,3,76.7,8.7,8.67,stable,0,88.2,84.4,61,32.6,Ongoing,98.0,Not Eligible,0,0.089
STU-3899,23EC399,ECE,5,77.2,7.89,7.6,improving,0,79.2,82.2,101,28.9,Completed,66.0,Eligible,0,0.121
STU-6154,25EE854,EEE,2,99.0,7.44,7.69,declining,0,76.4,99.0,40,49.9,,73.7,Not Eligible,0,0.132
STU-1243,22CS443,CSE,7,97.9,7.88,7.98,stable,0,80.0,96.7,147,46.5,Completed,80.2,Placed,0,0.108
STU-1196,22CS396,CSE,7,90.2,8.83,8.85,stable,0,83.6,93.6,149,66.3,,98.0,Placed,0,0.104
STU-2991,23IT391,IT,5,84.5,7.09,7.08,stable,0,64.7,85.6,107,50.6,Completed,68.3,Eligible,0,0.088
STU-2514,22IT814,IT,7,95.3,8.6,9.31,declining,0,85.5,84.6,149,52.9,Completed,82.2,Placed,0,0.152
STU-3233,23IT633,IT,6,77.1,9.82,9.4,improving,0,95.8,79.3,128,49.4,Ongoing,97.5,Eligible,0,0.088
STU-4084,24EC584,ECE,3,65.2,8.41,8.47,stable,0,90.5,67.1,63,58.7,,77.3,Not Eligible,0,0.245
STU-1656,22CS856,CSE,8,85.5,8.5,8.25,improving,0,91.6,82.9,168,28.5,Completed,86.6,Placed,0,0.095
STU-4191,23EC691,ECE,5,72.9,8.61,8.51,stable,0,90.5,69.7,107,54.5,Ongoing,98.0,Eligible,0,0.101
STU-8347,22CI347,Civil,7,62.1,6.36,6.36,stable,0,62.0,65.5,145,45.6,,72.6,In Process,0,0.402
STU-2553,24IT853,IT,4,84.2,9.46,9.1,improving,0,92.9,82.2,85,93.7,,80.3,Not Eligible,0,0.05
STU-2951,24IT351,IT,3,86.8,7.37,7.67,declining,0,64.9,80.5,64,70.7,,64.1,Not Eligible,0,0.128
STU-0473,25CS573,CSE,1,75.4,8.73,8.84,stable,0,84.6,78.2,18,71.4,,75.5,Not Eligible,0,0.102
STU-4140,24EC640,ECE,3,91.3,7.94,8.58,declining,0,82.4,83.0,65,74.1,,66.3,Not Eligible,0,0.145
STU-5831,24EE531,EEE,4,76.3,6.7,7.01,declining,0,67.0,85.3,82,37.0,,78.9,Not Eligible,0,0.227
STU-4196,23EC696,ECE,5,84.6,5.8,6.29,declining,2,51.1,84.6,93,43.1,,51.3,In Process,1,0.849
STU-6344,23ME144,Mechanical,6,64.4,8.24,7.61,improving,0,75.8,64.3,128,48.5,Ongoing,97.9,Eligible,0,0.186
STU-8145,25CI145,Civil,1,70.8,7.04,6.59,improving,0,71.2,71.2,22,48.1,,74.3,Not Eligible,0,0.138
STU-2950,23IT350,IT,6,87.0,7.68,6.95,improving,0,76.1,91.1,128,72.5,Completed,74.2,Eligible,0,0.063
STU-3909,22EC409,ECE,7,95.9,7.77,7.58,improving,0,79.1,97.6,147,35.4,Completed,61.0,Placed,0,0.141
STU-6778,23ME578,Mechanical,5,66.2,6.13,5.66,improving,1,58.8,66.1,97,48.5,Completed,37.6,In Process,1,0.556
STU-5158,24EC758,ECE,3,80.8,8.29,8.1,improving,0,85.8,79.1,59,57.7,,98.0,Not Eligible,0,0.091
STU-1782,22CS982,CSE,8,86.2,7.04,6.58,improving,0,71.3,93.5,164,49.1,Ongoing,63.4,Not Eligible,0,0.136
STU-0662,22CS762,CSE,8,73.7,7.6,7.77,declining,0,80.0,72.3,170,62.1,Completed,52.1,Placed,0,0.19
STU-4039,22EC539,ECE,7,84.5,8.0,7.41,improving,0,75.8,83.5,148,49.5,Ongoing,67.0,Placed,0,0.103
STU-8243,22CI243,Civil,8,85.4,7.99,7.91,stable,0,81.6,79.7,168,92.0,Completed,93.4,Placed,0,0.066
STU-7051,24ME851,Mechanical,4,95.8,8.35,8.0,improving,0,79.7,98.9,82,85.3,,79.9,Not Eligible,0,0.081
STU-0388,25CS488,CSE,2,79.8,8.25,7.75,improving,0,73.4,82.3,38,74.4,,87.5,Not Eligible,0,0.075
STU-5765,25EE465,EEE,1,91.1,7.93,8.55,declining,0,74.2,85.2,22,40.9,,85.9,Not Eligible,0,0.23
STU-8294,25CI294,Civil,1,81.2,7.72,6.85,improving,0,78.6,80.5,23,49.0,,74.3,Not Eligible,0,0.073
STU-7057,22ME857,Mechanical,8,75.2,7.53,8.21,declining,0,79.4,77.1,166,60.8,Completed,62.4,In Process,0,0.18
STU-5347,22EE947,EEE,8,80.8,7.73,7.47,improving,0,79.6,77.3,164,82.8,Completed,88.3,Placed,0,0.076
STU-7058,25ME858,Mechanical,1,90.7,6.75,6.63,stable,1,72.3,87.5,19,29.7,,55.6,Not Eligible,0,0.242
STU-2508,24IT808,IT,4,86.0,8.17,8.29,stable,0,94.5,83.9,86,60.4,,92.3,Not Eligible,0,0.176
STU-6894,22ME694,Mechanical,7,85.4,6.11,5.87,improving,0,61.9,78.2,149,69.4,,43.4,Placed,0,0.168
STU-2451,22IT751,IT,8,90.5,8.16,8.29,stable,0,82.0,87.8,169,59.1,Ongoing,94.0,Placed,0,0.1
STU-0317,24CS417,CSE,4,97.4,8.68,7.71,improving,0,86.9,84.7,80,57.5,,74.7,Not Eligible,0,0.084
STU-0645,25CS745,CSE,1,73.5,9.01,9.07,stable,1,88.7,76.1,18,52.5,,74.0,Not Eligible,0,0.269
STU-2463,25IT763,IT,2,81.8,7.29,7.06,improving,0,74.3,78.6,38,37.5,Ongoing,78.8,Not Eligible,0,0.14
STU-2554,22IT854,IT,8,88.4,8.53,8.28,improving,0,81.6,77.1,166,72.5,Completed,91.1,Placed,0,0.076
STU-2617,24IT917,IT,3,76.1,8.11,8.17,stable,3,74.5,68.3,53,35.5,,94.2,Not Eligible,1,0.783
STU-5600,25EE300,EEE,1,68.3,7.31,7.48,declining,1,74.5,57.6,18,28.9,,81.1,Not Eligible,1,0.518
STU-0534,23CS634,CSE,5,81.3,8.62,8.81,declining,0,88.4,80.9,107,54.6,,62.0,Eligible,0,0.065
STU-4456,25EC956,ECE,2,79.5,6.94,7.35,declining,0,73.5,73.5,43,79.4,,75.3,Not Eligible,0,0.192
STU-0435,25CS535,CSE,1,71.7,8.4,8.45,stable,0,86.1,73.5,19,83.5,,98.0,Not Eligible,0,0.112
STU-2085,23CS385,CSE,5,64.9,7.51,8.31,declining,0,71.8,76.9,107,64.0,Completed,67.6,Eligible,1,0.503
STU-2011,25CS311,CSE,1,65.7,8.74,8.31,improving,0,87.0,62.4,19,53.6,,80.2,Not Eligible,0,0.312
STU-3561,25EC961,ECE,2,81.1,8.5,8.17,improving,0,81.4,86.9,43,74.6,,70.2,Not Eligible,0,0.072
STU-5669,22EE369,EEE,7,86.5,8.13,8.44,declining,0,79.0,86.8,148,94.4,Ongoing,52.9,Placed,0,0.115
STU-6598,22ME398,Mechanical,8,80.4,7.55,8.0,declining,0,77.2,81.2,166,64.6,,79.8,Placed,0,0.202
STU-2766,25IT166,IT,2,83.3,8.33,8.19,stable,0,76.8,74.9,38,46.1,,77.3,Not Eligible,0,0.056
STU-7402,23ME302,Mechanical,5,73.6,8.39,7.7,improving,0,84.2,74.2,103,33.0,,98.0,Eligible,0,0.08
STU-1912,22CS212,CSE,7,87.1,9.03,8.97,stable,0,90.2,85.3,149,30.3,Completed,98.0,Placed,0,0.065
STU-6897,22ME697,Mechanical,7,78.9,8.37,8.41,stable,0,82.5,74.8,147,49.6,,78.4,Placed,0,0.07
STU-4427,24EC927,ECE,4,78.4,8.16,7.88,improving,0,82.4,69.4,85,44.4,,76.5,Not Eligible,0,0.087
STU-6622,23ME422,Mechanical,6,74.4,8.29,7.73,improving,0,76.5,66.7,126,67.9,,81.7,Eligible,0,0.132
STU-7169,23ME969,Mechanical,6,76.1,6.15,5.88,improving,0,62.1,72.8,124,81.4,Completed,64.4,In Process,0,0.287
STU-0437,25CS537,CSE,1,79.6,8.65,8.22,improving,0,89.3,82.3,21,59.8,,76.1,Not Eligible,0,0.106
STU-6006,23EE706,EEE,6,76.5,8.1,7.6,improving,0,86.3,75.4,124,18.8,Ongoing,75.1,Eligible,0,0.048
STU-4904,22EC504,ECE,7,91.1,8.21,7.63,improving,0,79.5,90.8,143,62.1,Ongoing,86.0,Placed,0,0.073
STU-4669,24EC269,ECE,3,81.5,7.14,6.98,improving,0,70.1,85.4,63,28.1,,54.3,Not Eligible,0,0.04
STU-7530,24ME430,Mechanical,3,78.8,6.57,6.05,improving,0,64.8,75.1,65,86.7,,62.2,Not Eligible,0,0.039
STU-3692,24EC192,ECE,3,93.7,7.97,6.89,improving,0,77.3,80.1,64,5.0,,72.6,Not Eligible,0,0.155
STU-1402,25CS602,CSE,2,81.8,8.29,8.86,declining,0,79.2,81.2,42,61.9,,70.5,Not Eligible,0,0.132
STU-1816,22CS116,CSE,8,99.0,8.05,7.9,improving,0,79.0,88.2,169,22.4,Ongoing,68.6,Placed,0,0.146
STU-0549,23CS649,CSE,5,79.2,7.31,7.02,improving,1,71.2,78.6,103,52.6,Completed,69.3,In Process,0,0.158
STU-7967,25CI867,Civil,1,83.8,7.73,7.64,stable,0,81.4,79.5,18,53.7,,65.7,Not Eligible,0,0.138
STU-4475,25EC975,ECE,1,61.0,6.77,6.41,improving,0,63.1,62.2,19,81.5,,72.4,Not Eligible,0,0.368
STU-2274,24IT574,IT,4,81.6,8.17,7.67,improving,0,85.4,81.3,80,60.4,,47.4,Not Eligible,0,0.064
STU-5660,22EE360,EEE,7,86.5,7.16,6.66,improving,0,60.0,88.7,145,68.2,,72.6,In Process,0,0.091
STU-1084,22CS284,CSE,7,92.5,8.85,8.79,stable,0,92.8,98.6,145,77.7,Completed,73.9,Placed,0,0.077
STU-7089,23ME889,Mechanical,5,72.3,8.42,8.29,stable,0,91.0,75.7,103,28.0,Completed,85.4,Eligible,0,0.183
STU-5059,24EC659,ECE,4,74.5,8.85,9.23,declining,0,88.3,63.6,80,82.2,,90.6,Not Eligible,0,0.209
STU-1119,24CS319,CSE,3,74.2,7.7,7.61,stable,0,79.7,82.2,65,78.2,,82.8,Not Eligible,0,0.151
STU-7881,23CI781,Civil,6,77.7,7.74,8.18,declining,0,77.2,65.3,122,64.5,Completed,85.0,Eligible,0,0.239
STU-8147,23CI147,Civil,5,82.1,6.97,6.85,stable,0,72.4,87.4,105,85.5,,61.8,Eligible,0,0.048
STU-5074,22EC674,ECE,7,71.0,7.43,7.39,stable,3,70.9,69.9,133,49.7,Ongoing,78.6,In Process,1,0.676
STU-0100,25CS200,CSE,1,92.8,9.29,9.22,stable,0,99.0,89.6,19,54.5,,70.3,Not Eligible,0,0.073
STU-4792,24EC392,ECE,3,79.9,7.85,7.64,improving,0,79.4,77.2,63,74.8,,76.5,Not Eligible,0,0.072
STU-2232,22IT532,IT,7,88.2,8.31,8.2,stable,0,84.7,77.2,148,50.1,,88.0,Placed,0,0.103
STU-6109,25EE809,EEE,1,85.4,6.41,6.54,stable,0,63.1,80.8,18,78.7,,82.2,Not Eligible,0,0.079
STU-4627,23EC227,ECE,6,85.2,9.95,9.51,improving,0,99.0,86.2,128,88.7,,98.0,Eligible,0,0.092
STU-2234,24IT534,IT,4,70.7,8.18,8.1,stable,1,77.3,65.9,78,68.2,,84.8,Not Eligible,0,0.307
STU-1943,22CS243,CSE,7,79.4,8.41,8.57,declining,0,84.1,68.8,147,49.2,,79.8,Not Eligible,0,0.078
STU-1329,23CS529,CSE,6,90.3,6.71,6.72,stable,0,78.2,88.0,126,87.1,,74.5,Eligible,0,0.088
STU-0746,22CS846,CSE,8,99.0,8.27,8.14,stable,0,84.3,96.8,169,94.0,Completed,80.3,Placed,0,0.063
STU-3256,25IT656,IT,2,78.3,9.95,10.0,stable,0,96.2,77.6,42,40.5,,98.0,Not Eligible,0,0.161
STU-1195,25CS395,CSE,1,67.4,7.65,7.64,stable,0,73.4,67.2,21,51.2,,98.0,Not Eligible,0,0.182
STU-2240,25IT540,IT,2,92.2,8.11,8.07,stable,0,82.3,94.3,42,25.0,,73.3,Not Eligible,0,0.166
STU-6792,23ME592,Mechanical,5,87.4,7.99,7.4,improving,0,76.7,81.1,101,47.7,,98.0,Eligible,0,0.081
STU-2487,24IT787,IT,3,78.2,8.4,8.41,stable,0,92.5,68.0,65,24.3,,88.1,Not Eligible,0,0.264
STU-2339,22IT639,IT,7,74.8,8.65,8.45,improving,0,84.4,74.0,147,58.0,Completed,74.5,Placed,0,0.055
STU-2783,23IT183,IT,5,79.3,8.13,8.68,declining,0,89.2,66.7,103,58.4,Completed,59.2,Eligible,0,0.14
STU-3812,23EC312,ECE,6,91.2,7.63,7.36,improving,0,81.7,88.9,124,67.8,Completed,57.5,Eligible,0,0.094
STU-7995,23CI895,Civil,5,82.5,8.43,8.93,declining,0,80.0,74.7,105,90.3,,82.5,Eligible,0,0.222
STU-1558,24CS758,CSE,4,94.1,9.41,9.37,stable,0,99.0,93.8,80,62.2,,92.2,Not Eligible,0,0.072
STU-3339,22IT739,IT,7,72.1,7.95,7.8,improving,0,81.4,71.6,149,44.6,Completed,75.4,Placed,0,0.123
STU-7759,22CI659,Civil,7,89.7,8.13,8.11,stable,0,76.5,69.9,149,57.7,,66.0,Placed,0,0.117
STU-6122,25EE822,EEE,1,81.9,7.04,6.72,improving,0,70.0,74.3,21,60.7,,78.9,Not Eligible,0,0.133
STU-8144,25CI144,Civil,1,86.1,7.31,7.47,declining,0,70.7,82.9,19,42.9,,56.0,Not Eligible,0,0.091
STU-3108,23IT508,IT,6,74.2,9.14,8.56,improving,0,96.4,72.4,128,84.9,Completed,76.6,Eligible,0,0.081
STU-1970,25CS270,CSE,1,82.0,7.31,7.3,stable,0,69.3,89.2,19,73.9,,76.3,Not Eligible,0,0.075
STU-0366,24CS466,CSE,3,88.5,8.36,8.82,declining,0,90.9,83.4,59,70.1,,98.0,Not Eligible,0,0.254
STU-8289,25CI289,Civil,1,80.9,6.28,6.5,declining,0,72.2,81.6,21,79.9,,50.6,Not Eligible,0,0.108
STU-1882,22CS182,CSE,7,95.6,7.43,7.7,declining,0,73.6,92.9,149,76.0,,55.4,In Process,0,0.112
STU-5672,25EE372,EEE,2,92.0,9.91,9.84,stable,0,95.0,91.5,38,29.1,,98.0,Not Eligible,0,0.093
STU-6730,25ME530,Mechanical,2,92.5,6.35,6.43,stable,0,65.0,76.3,44,98.0,,72.0,Not Eligible,0,0.172
STU-3777,24EC277,ECE,3,75.7,7.74,8.11,declining,0,74.8,72.5,64,44.7,,72.9,Not Eligible,0,0.204
STU-4687,25EC287,ECE,2,86.9,6.81,6.29,improving,0,75.7,68.8,40,47.2,,72.5,Not Eligible,0,0.055
STU-6755,23ME555,Mechanical,6,83.7,6.65,6.5,improving,0,68.0,82.7,122,69.0,Completed,60.3,Eligible,0,0.093
STU-1862,23CS162,CSE,6,84.2,8.48,8.55,stable,0,81.2,73.9,127,38.1,,98.0,Eligible,0,0.152
STU-0493,24CS593,CSE,3,97.0,8.03,7.52,improving,0,77.8,97.3,59,67.4,,68.5,Not Eligible,0,0.088
STU-1378,24CS578,CSE,4,76.4,7.29,7.93,declining,0,72.1,71.0,86,68.7,,66.4,Not Eligible,0,0.18
STU-7740,22CI640,Civil,7,82.1,7.22,7.49,declining,0,74.8,86.6,147,54.4,,68.3,Not Eligible,0,0.078
STU-0212,23CS312,CSE,6,79.4,9.08,9.17,stable,0,91.7,71.1,128,98.0,Completed,98.0,Eligible,0,0.141
STU-0910,24CS110,CSE,3,83.5,7.77,7.58,improving,0,84.0,79.0,65,41.1,,81.1,Not Eligible,0,0.101
STU-5621,24EE321,EEE,4,74.6,8.16,8.04,stable,3,81.6,67.7,68,47.0,,71.9,Not Eligible,1,0.742
STU-4447,22EC947,ECE,8,92.0,9.28,9.19,stable,1,94.8,95.5,165,41.0,Completed,89.4,Placed,0,0.311
STU-4072,24EC572,ECE,3,88.9,6.49,6.84,declining,0,64.8,87.0,61,32.2,,55.9,Not Eligible,0,0.159
STU-6784,22ME584,Mechanical,8,82.8,5.76,5.87,stable,0,60.2,79.3,170,45.6,,76.8,In Process,0,0.217
STU-5523,24EE223,EEE,4,75.4,6.54,6.12,improving,0,67.3,71.5,82,44.5,Ongoing,77.3,Not Eligible,0,0.083
STU-0037,24CS137,CSE,3,93.1,8.86,8.58,improving,0,89.3,89.5,61,55.7,,98.0,Not Eligible,0,0.158
STU-2337,23IT637,IT,6,83.0,9.22,9.5,declining,0,94.7,75.9,127,37.0,Completed,98.0,Eligible,0,0.067
STU-4153,25EC653,ECE,2,88.0,7.02,6.87,improving,0,73.2,89.3,43,65.3,,83.4,Not Eligible,0,0.056
STU-7339,22ME239,Mechanical,7,80.8,6.79,6.72,stable,0,63.5,82.7,147,48.3,Ongoing,52.5,Placed,0,0.064
STU-7695,23CI595,Civil,6,80.0,8.9,9.06,declining,0,89.8,75.2,127,78.7,Ongoing,76.6,Eligible,0,0.06
STU-5858,24EE558,EEE,4,75.1,6.61,6.01,improving,0,74.2,82.0,84,45.0,,76.0,Not Eligible,0,0.059
STU-2856,22IT256,IT,8,67.6,8.98,9.15,declining,0,94.5,62.4,164,61.1,Ongoing,96.0,Placed,0,0.202
STU-3946,24EC446,ECE,4,80.1,8.14,7.96,improving,0,83.0,80.5,82,19.6,,77.5,Not Eligible,0,0.123
STU-8211,22CI211,Civil,8,83.4,7.66,7.16,improving,0,74.1,78.8,164,49.5,Completed,67.8,Placed,0,0.104
STU-7700,25CI600,Civil,1,76.5,6.94,6.91,stable,1,66.5,80.2,18,94.2,Ongoing,85.5,Not Eligible,0,0.257
STU-5125,22EC725,ECE,8,95.8,7.36,6.72,improving,0,75.0,86.9,170,52.8,,56.8,Placed,0,0.154
STU-4785,25EC385,ECE,2,90.8,7.27,7.27,stable,0,78.3,86.9,42,90.5,Ongoing,29.4,Not Eligible,0,0.078
STU-6921,24ME721,Mechanical,3,83.3,8.47,8.77,declining,0,86.0,74.4,64,62.6,,84.5,Not Eligible,0,0.116
STU-1433,24CS633,CSE,4,89.5,6.46,6.87,declining,0,65.4,86.5,86,37.3,,60.3,Not Eligible,0,0.202
STU-0332,23CS432,CSE,6,99.0,8.56,8.18,improving,0,88.9,84.8,124,98.0,Completed,91.3,Eligible,0,0.042
STU-7442,24ME342,Mechanical,3,93.9,8.01,8.43,declining,0,84.1,90.0,61,88.2,,55.6,Not Eligible,0,0.079
STU-1078,23CS278,CSE,6,86.5,7.37,7.08,improving,0,79.7,89.1,128,41.1,,78.7,Eligible,0,0.072
STU-3262,24IT662,IT,4,78.8,7.81,8.03,declining,0,79.3,83.3,80,62.1,,74.7,Not Eligible,0,0.15
STU-5492,25EE192,EEE,1,83.9,6.63,6.35,improving,0,60.8,85.5,18,44.7,Ongoing,72.9,Not Eligible,0,0.061
STU-4277,23EC777,ECE,6,69.2,8.53,8.28,improving,0,82.5,72.9,128,40.8,Completed,58.1,Eligible,0,0.124
STU-7061,25ME861,Mechanical,2,59.2,8.73,8.78,stable,0,93.1,64.1,42,37.5,,87.1,Not Eligible,1,0.538
STU-2725,23IT125,IT,6,72.9,7.28,7.29,stable,1,65.9,86.7,120,44.6,Completed,70.9,In Process,0,0.189
STU-4646,23EC246,ECE,5,85.4,7.03,7.44,declining,0,68.4,93.2,103,44.9,Ongoing,83.3,Eligible,0,0.139
STU-2646,22IT946,IT,7,84.6,8.33,8.24,stable,0,81.3,85.0,143,78.1,Completed,79.6,Placed,0,0.105
STU-0112,25CS212,CSE,2,73.1,7.97,7.39,improving,0,81.2,75.5,42,57.4,,89.7,Not Eligible,0,0.085
STU-2304,25IT604,IT,1,76.6,8.52,8.91,declining,0,90.7,74.8,18,73.9,Ongoing,75.1,Not Eligible,0,0.206
STU-4778,22EC378,ECE,8,81.1,7.31,7.25,stable,0,77.5,72.0,169,60.4,Completed,78.6,In Process,0,0.157
STU-7582,25CI482,Civil,2,75.0,8.22,8.59,declining,1,84.0,77.0,40,94.1,,80.2,Not Eligible,0,0.319
STU-7961,24CI861,Civil,4,81.7,7.9,8.08,declining,0,83.6,79.0,80,22.7,,52.9,Not Eligible,0,0.112
STU-0803,23CS903,CSE,5,88.1,8.54,7.48,improving,0,83.8,85.2,101,71.1,,91.4,Eligible,0,0.07
STU-6828,22ME628,Mechanical,8,80.7,6.43,5.85,improving,0,64.4,84.5,170,54.9,Completed,60.6,In Process,0,0.146
STU-0719,25CS819,CSE,1,83.1,9.07,9.22,declining,0,79.8,81.0,23,82.7,,93.9,Not Eligible,0,0.072
STU-0586,25CS686,CSE,2,86.0,8.62,8.6,stable,0,85.1,83.3,40,58.9,,98.0,Not Eligible,0,0.126
STU-0218,23CS318,CSE,6,86.2,8.78,9.05,declining,0,89.8,78.9,126,60.4,Completed,70.0,Eligible,0,0.156
STU-0428,22CS528,CSE,8,94.3,6.17,5.89,improving,0,62.3,99.6,166,52.1,,76.1,Not Eligible,0,0.126
STU-1564,24CS764,CSE,3,82.3,8.73,8.76,stable,0,99.0,70.7,64,71.8,,95.5,Not Eligible,0,0.074
STU-6258,22EE958,EEE,8,89.7,6.8,6.82,stable,0,63.8,93.0,169,66.4,,71.1,Placed,0,0.069
STU-6936,24ME736,Mechanical,3,85.2,8.5,8.73,declining,0,86.7,90.0,63,35.8,,64.8,Not Eligible,0,0.169
STU-4984,24EC584,ECE,3,77.1,8.08,7.69,improving,0,83.0,71.0,65,51.7,,70.3,Not Eligible,0,0.092
STU-5136,24EC736,ECE,4,83.0,6.79,6.39,improving,3,73.4,78.8,73,61.3,,67.9,Not Eligible,0,0.486
STU-6650,25ME450,Mechanical,2,79.1,7.23,6.71,improving,0,79.3,83.8,40,74.1,,82.0,Not Eligible,0,0.053
STU-0999,22CS199,CSE,8,83.4,7.56,7.21,improving,0,70.2,86.5,166,33.0,Completed,64.2,Placed,0,0.153
STU-7167,24ME967,Mechanical,4,91.0,7.22,6.29,improving,0,76.4,93.6,85,44.7,,76.8,Not Eligible,0,0.085
STU-2120,22CS420,CSE,8,77.3,8.52,8.32,improving,0,86.6,77.4,164,87.3,Ongoing,70.7,Placed,0,0.135
STU-5678,25EE378,EEE,2,68.4,8.36,8.71,declining,0,83.6,65.9,40,18.2,,77.7,Not Eligible,0,0.224
STU-7220,24ME120,Mechanical,4,88.7,6.62,6.82,declining,0,64.5,83.3,86,76.1,,65.9,Not Eligible,0,0.091
STU-7984,22CI884,Civil,7,96.9,7.88,7.36,improving,0,81.7,80.1,143,65.5,,75.4,Not Eligible,0,0.075
STU-4838,25EC438,ECE,1,98.9,6.85,6.85,stable,0,70.4,89.0,19,73.6,,74.0,Not Eligible,0,0.08
STU-3635,25EC135,ECE,2,75.1,6.43,5.84,improving,0,60.2,79.3,38,61.8,,50.1,Not Eligible,0,0.087
STU-1606,24CS806,CSE,4,81.3,8.16,8.13,stable,0,73.8,85.2,85,39.4,,68.1,Not Eligible,0,0.099
STU-4947,25EC547,ECE,1,85.1,7.71,7.66,stable,0,68.3,89.2,22,50.8,,70.9,Not Eligible,0,0.059
STU-5150,24EC750,ECE,4,87.3,8.69,8.49,improving,0,89.7,79.1,86,95.2,,98.0,Not Eligible,0,0.048
STU-5004,22EC604,ECE,8,83.3,7.74,7.58,improving,0,80.8,83.2,164,47.7,,69.6,In Process,0,0.051
STU-1493,25CS693,CSE,2,79.6,8.03,7.92,stable,0,79.5,71.7,43,24.8,,66.3,Not Eligible,0,0.083
STU-5159,23EC759,ECE,6,89.0,7.46,6.92,improving,0,77.7,85.5,126,5.0,Completed,65.7,Eligible,0,0.203
STU-0011,25CS111,CSE,1,84.9,7.27,7.44,declining,0,75.0,72.0,22,72.6,Ongoing,90.4,Not Eligible,0,0.079
STU-7079,25ME879,Mechanical,2,88.5,6.71,6.5,improving,0,77.6,80.5,40,98.0,,54.0,Not Eligible,0,0.156
STU-7773,24CI673,Civil,4,72.6,7.07,6.82,improving,0,75.3,76.2,80,56.7,,80.6,Not Eligible,0,0.069
STU-2996,23IT396,IT,6,76.0,7.65,6.99,improving,0,81.0,76.6,127,81.2,,66.7,Eligible,0,0.11
STU-5869,24EE569,EEE,3,85.1,6.2,6.3,stable,0,69.5,81.4,61,29.6,,73.6,Not Eligible,0,0.164
STU-8383,25CI383,Civil,1,76.1,8.75,8.92,declining,0,92.8,81.5,22,35.0,,84.9,Not Eligible,0,0.128
STU-5384,23EE984,EEE,6,86.3,8.61,8.52,stable,0,83.7,84.2,128,59.9,Completed,76.7,Eligible,0,0.098
STU-3605,23EC105,ECE,5,84.6,8.34,8.61,declining,0,89.9,80.2,106,64.5,,70.5,Eligible,0,0.12
STU-3072,24IT472,IT,4,71.0,7.48,8.11,declining,0,72.4,66.1,84,56.5,,61.6,Not Eligible,0,0.42
STU-0046,23CS146,CSE,6,78.8,8.54,7.93,improving,0,79.4,79.2,127,26.5,Completed,78.2,Eligible,0,0.219
STU-7983,22CI883,Civil,7,81.1,8.35,8.12,improving,0,84.5,88.3,143,67.3,,86.3,Placed,0,0.181
STU-2672,23IT972,IT,5,88.9,7.93,7.88,stable,0,73.8,85.3,101,98.0,Completed,83.8,Eligible,0,0.085
STU-8363,22CI363,Civil,8,67.9,7.8,8.06,declining,0,71.0,63.7,169,40.3,Completed,73.1,Placed,0,0.198
STU-6332,23ME132,Mechanical,6,71.7,6.37,6.15,improving,0,61.8,71.6,126,91.1,Completed,80.9,In Process,0,0.11
STU-3112,24IT512,IT,3,85.8,7.28,7.37,stable,0,75.2,90.0,59,32.6,,42.8,Not Eligible,0,0.095
STU-3597,24EC997,ECE,4,83.1,9.1,8.87,improving,0,88.2,88.9,82,48.2,,98.0,Not Eligible,0,0.076
STU-8086,25CI986,Civil,2,73.0,6.7,6.88,declining,1,77.2,84.2,38,41.6,,72.8,Not Eligible,0,0.394
STU-4957,25EC557,ECE,2,80.2,7.61,7.29,improving,0,72.9,81.4,42,73.8,,72.6,Not Eligible,0,0.141
STU-7473,25ME373,Mechanical,1,75.0,7.22,7.01,improving,0,69.9,71.3,18,64.1,,48.0,Not Eligible,0,0.088
STU-4266,24EC766,ECE,3,87.9,7.45,7.46,stable,0,73.0,83.3,65,72.0,,52.4,Not Eligible,0,0.056
STU-6419,23ME219,Mechanical,5,81.9,7.67,7.84,declining,0,77.0,79.3,106,8.7,,72.0,Eligible,0,0.273
STU-1557,23CS757,CSE,5,86.0,9.54,9.71,declining,0,98.7,89.0,106,5.7,Completed,77.8,Eligible,0,0.269
STU-3216,22IT616,IT,8,88.4,8.06,8.65,declining,0,76.2,90.8,169,83.8,Completed,89.3,Placed,0,0.19
STU-3167,22IT567,IT,7,99.0,7.58,8.07,declining,0,83.6,88.5,149,16.6,Ongoing,76.0,In Process,0,0.386
STU-1395,24CS595,CSE,3,79.4,6.95,5.88,improving,0,67.1,74.2,65,65.7,,83.5,Not Eligible,0,0.077
STU-1510,22CS710,CSE,7,93.5,6.63,6.06,improving,0,69.3,94.8,148,38.7,Completed,53.1,In Process,0,0.12
STU-6440,24ME240,Mechanical,3,86.7,8.42,8.26,improving,0,95.3,79.3,63,52.7,Ongoing,82.6,Not Eligible,0,0.114
STU-4763,25EC363,ECE,1,84.0,6.59,6.5,stable,0,65.1,81.4,19,65.2,,64.6,Not Eligible,0,0.067
STU-4045,24EC545,ECE,4,72.6,9.14,9.46,declining,0,99.0,76.0,85,69.8,Ongoing,98.0,Not Eligible,0,0.251
STU-7578,23CI478,Civil,6,75.5,8.41,8.34,stable,0,78.9,70.5,128,48.9,Ongoing,89.8,Eligible,0,0.07
STU-4751,25EC351,ECE,2,90.8,7.41,6.96,improving,0,76.2,94.5,38,51.7,,85.1,Not Eligible,0,0.141
STU-0595,22CS695,CSE,8,88.8,8.01,7.77,improving,0,82.8,75.4,164,64.0,Completed,74.9,Placed,0,0.108
STU-5667,23EE367,EEE,6,73.1,8.53,9.27,declining,0,81.5,74.4,126,91.4,,90.2,Eligible,0,0.495
STU-2439,23IT739,IT,6,88.0,7.45,7.37,stable,0,78.5,80.9,128,42.3,Completed,61.2,Eligible,0,0.063
STU-0565,24CS665,CSE,3,87.1,7.82,7.35,improving,0,70.7,85.6,59,40.6,,78.2,Not Eligible,0,0.082
STU-1734,24CS934,CSE,4,83.7,8.24,8.21,stable,0,84.8,88.2,82,38.1,,77.9,Not Eligible,0,0.1
STU-5135,24EC735,ECE,3,92.8,5.28,5.57,declining,0,49.6,85.0,64,40.4,Ongoing,50.3,Not Eligible,1,0.519
STU-2333,22IT633,IT,8,75.3,8.96,8.69,improving,0,87.3,70.0,168,58.8,Ongoing,98.0,Placed,0,0.113
STU-5079,23EC679,ECE,5,76.9,6.25,5.74,improving,0,64.2,71.0,106,82.3,Completed,58.8,In Process,0,0.117
STU-7565,23ME465,Mechanical,6,74.3,7.6,7.03,improving,0,77.9,74.8,122,80.2,,61.1,Eligible,0,0.185
STU-0752,22CS852,CSE,8,84.1,8.83,9.11,declining,0,80.7,73.8,166,56.9,Ongoing,95.9,Placed,0,0.141
STU-1642,22CS842,CSE,7,94.3,7.32,7.29,stable,0,63.5,96.7,148,33.5,,81.4,Not Eligible,0,0.057
STU-8001,25CI901,Civil,2,71.6,6.12,6.06,stable,0,62.5,66.3,43,67.3,,67.9,Not Eligible,0,0.11
STU-3181,24IT581,IT,4,71.0,7.87,7.54,improving,0,86.2,65.9,85,55.0,,75.6,Not Eligible,0,0.209
STU-1305,23CS505,CSE,6,93.0,7.42,7.14,improving,0,69.9,96.7,126,59.9,,72.1,Eligible,0,0.16
STU-2924,25IT324,IT,1,77.6,8.81,8.41,improving,0,86.8,78.9,22,69.0,,79.8,Not Eligible,0,0.164
STU-0825,23CS925,CSE,5,80.9,7.61,7.28,improving,0,73.1,78.1,107,74.3,Completed,68.8,Eligible,0,0.155
STU-2738,24IT138,IT,4,82.8,8.37,8.27,stable,0,83.5,81.2,85,27.5,,74.1,Not Eligible,0,0.131
STU-6479,22ME279,Mechanical,7,62.8,6.54,6.89,declining,3,62.7,64.8,137,35.3,,51.2,Not Eligible,1,0.955
STU-6838,24ME638,Mechanical,3,80.6,8.04,8.43,declining,0,87.5,85.1,65,67.6,,73.8,Not Eligible,0,0.154
STU-4184,25EC684,ECE,1,76.5,7.36,7.81,declining,0,74.8,76.9,18,51.9,,98.0,Not Eligible,0,0.161
STU-6830,22ME630,Mechanical,7,67.5,7.22,7.32,stable,1,70.2,65.8,144,26.9,,55.6,Placed,0,0.241
STU-2470,23IT770,IT,5,89.7,7.19,7.18,stable,0,73.0,74.6,101,29.0,,67.8,Eligible,0,0.082
STU-5481,24EE181,EEE,4,77.2,9.8,9.96,declining,0,93.2,76.3,82,71.2,,78.4,Not Eligible,0,0.157
STU-4148,25EC648,ECE,1,77.5,8.59,8.5,stable,0,90.9,82.3,23,35.2,,83.5,Not Eligible,0,0.048
STU-7308,23ME208,Mechanical,6,86.0,6.87,6.75,stable,0,63.8,94.0,127,40.2,,65.1,Eligible,0,0.137
STU-3534,23EC934,ECE,6,75.0,6.49,6.05,improving,0,67.9,80.6,128,57.4,Ongoing,41.4,In Process,0,0.132
STU-0779,23CS879,CSE,6,78.5,8.31,8.96,declining,0,82.3,79.3,127,94.1,Ongoing,98.0,Eligible,0,0.145
STU-2611,25IT911,IT,2,86.2,8.58,8.49,stable,0,94.7,86.5,43,28.7,,80.0,Not Eligible,0,0.105
STU-2535,25IT835,IT,2,86.1,7.01,7.21,declining,0,67.7,85.2,40,70.3,,78.7,Not Eligible,0,0.079
STU-0562,25CS662,CSE,2,81.9,8.06,7.61,improving,0,87.9,77.7,38,52.1,,83.2,Not Eligible,0,0.176
STU-6442,23ME242,Mechanical,6,77.7,6.04,6.5,declining,0,59.4,72.2,128,74.8,,33.7,In Process,0,0.297
STU-6928,22ME728,Mechanical,7,78.4,7.67,7.78,stable,0,78.5,73.1,143,22.8,Completed,69.6,Placed,0,0.065
STU-1116,23CS316,CSE,5,95.5,7.49,7.31,improving,0,72.9,78.7,106,41.2,Completed,78.1,Eligible,0,0.133
STU-4675,23EC275,ECE,5,71.5,8.1,8.71,declining,0,79.4,81.8,105,19.5,Completed,73.3,Eligible,0,0.337
STU-1820,24CS120,CSE,3,63.7,7.03,6.94,stable,0,72.0,59.7,59,96.6,,56.3,Not Eligible,1,0.53
STU-7252,24ME152,Mechanical,4,81.5,9.27,9.98,declining,0,92.9,84.2,85,46.7,,70.3,Not Eligible,0,0.235
STU-1894,25CS194,CSE,2,83.2,8.09,8.45,declining,0,80.9,85.2,42,45.1,,65.9,Not Eligible,0,0.212
STU-2630,24IT930,IT,4,94.6,8.13,7.96,improving,0,74.2,100.0,84,62.8,,85.5,Not Eligible,0,0.116
STU-3400,22IT800,IT,8,71.5,9.41,9.29,stable,0,96.7,71.8,164,28.5,,95.7,Placed,0,0.134
STU-0222,23CS322,CSE,5,90.3,7.94,8.22,declining,0,76.1,82.6,107,79.8,Completed,73.7,Eligible,0,0.175
STU-7322,25ME222,Mechanical,2,96.2,7.29,7.6,declining,0,68.8,86.7,40,34.3,,70.0,Not Eligible,0,0.244
STU-3774,22EC274,ECE,8,87.3,8.03,8.13,stable,0,76.8,77.2,168,80.4,,68.7,Placed,0,0.14
STU-2713,25IT113,IT,1,84.8,7.27,7.1,improving,0,71.3,78.9,19,73.3,,66.7,Not Eligible,0,0.083
STU-7595,25CI495,Civil,1,88.1,6.72,7.01,declining,0,58.0,86.4,18,50.9,,43.6,Not Eligible,0,0.17
STU-3983,23EC483,ECE,5,81.3,6.42,6.3,stable,0,60.7,79.0,105,56.1,,74.0,In Process,0,0.125
STU-7948,23CI848,Civil,6,58.5,8.56,8.33,improving,0,95.4,71.3,127,36.6,,97.2,Eligible,1,0.553
STU-6517,25ME317,Mechanical,2,73.5,6.51,7.85,declining,0,56.5,61.9,42,93.7,,68.1,Not Eligible,1,0.668
STU-0481,23CS581,CSE,5,79.7,8.21,8.62,declining,0,74.0,88.8,105,52.3,Completed,87.6,Eligible,0,0.166
STU-5572,22EE272,EEE,7,66.8,8.79,8.88,stable,0,91.9,77.9,147,61.7,Ongoing,81.8,Placed,0,0.27
STU-3016,24IT416,IT,4,84.9,7.01,7.06,stable,0,80.1,94.3,86,63.7,,50.6,Not Eligible,0,0.116
STU-4949,25EC549,ECE,2,76.4,8.62,8.59,stable,3,92.2,79.5,32,44.7,,88.1,Not Eligible,0,0.463
STU-4258,22EC758,ECE,8,80.0,6.64,6.0,improving,0,69.3,91.8,168,33.5,,59.3,Placed,0,0.063
STU-1467,22CS667,CSE,8,86.8,8.54,8.54,stable,0,91.1,79.5,169,62.9,Completed,76.8,Placed,0,0.105
STU-0581,24CS681,CSE,4,65.2,8.13,7.5,improving,0,80.2,61.4,85,21.6,Ongoing,59.1,Not Eligible,0,0.464
STU-7457,23ME357,Mechanical,6,77.0,7.95,8.31,declining,0,88.5,72.3,124,40.0,,52.6,Eligible,0,0.217
STU-0255,25CS355,CSE,2,78.5,9.59,9.17,improving,0,89.6,66.3,43,24.3,,90.9,Not Eligible,0,0.149
STU-2346,23IT646,IT,5,97.6,8.22,8.72,declining,0,78.5,92.2,106,86.3,Completed,60.9,Eligible,0,0.117
STU-3926,23EC426,ECE,6,97.1,6.95,6.92,stable,0,70.9,97.4,126,5.0,Completed,79.8,Eligible,0,0.155
STU-1607,25CS807,CSE,1,89.0,7.35,7.03,improving,0,79.7,77.8,22,72.6,,83.1,Not Eligible,0,0.102
STU-4360,25EC860,ECE,1,67.3,6.68,6.35,improving,2,80.0,74.1,18,94.9,,58.6,Not Eligible,1,0.658
STU-4271,24EC771,ECE,4,64.3,8.76,8.88,stable,0,94.3,69.9,85,84.2,,70.5,Not Eligible,0,0.383
STU-5891,23EE591,EEE,5,74.1,7.03,6.55,improving,0,67.6,75.8,107,40.0,,60.2,Eligible,0,0.118
STU-5017,24EC617,ECE,3,87.0,5.97,5.88,stable,2,64.7,91.6,51,46.9,Ongoing,64.8,Not Eligible,0,0.384
STU-7086,24ME886,Mechanical,4,81.1,6.32,6.3,stable,0,75.0,76.4,84,39.3,,78.7,Not Eligible,0,0.245
STU-5964,24EE664,EEE,3,78.0,6.97,6.37,improving,0,66.4,95.1,63,85.4,,56.4,Not Eligible,0,0.103
STU-6955,22ME755,Mechanical,7,87.4,6.82,6.62,improving,0,65.0,84.7,147,46.0,,75.9,Not Eligible,0,0.104
STU-2288,23IT588,IT,5,82.6,8.51,8.24,improving,0,82.7,78.2,101,37.8,Completed,98.0,Eligible,0,0.147
STU-4604,24EC204,ECE,4,69.5,7.82,8.08,declining,0,75.6,58.1,86,67.3,,90.1,Not Eligible,0,0.266
STU-2035,23CS335,CSE,5,82.7,8.57,7.97,improving,0,91.4,89.0,107,14.6,Completed,65.4,Eligible,0,0.157
STU-3099,23IT499,IT,6,88.7,8.87,8.77,stable,0,93.2,88.8,124,96.5,Completed,78.6,Eligible,0,0.093
STU-7513,24ME413,Mechanical,3,73.0,7.83,7.7,stable,2,83.5,71.7,51,66.8,,90.5,Not Eligible,1,0.546
STU-1299,23CS499,CSE,5,83.7,7.31,7.49,declining,0,72.9,77.7,101,83.8,,86.8,Eligible,0,0.152
STU-2843,25IT243,IT,1,70.2,7.7,7.58,stable,1,82.7,65.7,18,31.9,,85.6,Not Eligible,0,0.288
STU-5935,23EE635,EEE,5,75.1,7.95,8.14,declining,0,76.1,73.0,107,21.0,,78.6,Eligible,0,0.153
STU-3376,25IT776,IT,2,87.6,8.4,8.02,improving,0,78.4,84.0,38,77.7,,67.6,Not Eligible,0,0.067
STU-4630,23EC230,ECE,6,80.3,6.43,5.72,improving,4,69.5,71.6,112,29.5,Completed,74.4,In Process,1,0.821
STU-4365,25EC865,ECE,2,73.7,9.9,10.0,stable,0,99.0,75.0,42,61.5,,86.2,Not Eligible,0,0.133
STU-3445,24IT845,IT,4,84.2,9.5,9.36,stable,0,96.7,90.9,82,45.6,,70.8,Not Eligible,0,0.097
STU-4319,24EC819,ECE,4,69.6,6.97,7.21,declining,2,68.2,79.3,77,46.2,,57.3,Not Eligible,1,0.613
STU-2854,23IT254,IT,5,67.9,6.55,5.98,improving,0,72.6,67.6,103,34.8,Ongoing,71.4,Eligible,0,0.196
STU-0223,25CS323,CSE,1,80.4,6.69,6.62,stable,0,66.7,90.7,23,55.4,,55.6,Not Eligible,0,0.044
STU-8404,25CI404,Civil,1,93.3,4.93,4.45,improving,0,45.8,86.9,18,52.3,,43.8,Not Eligible,1,0.561
STU-0615,22CS715,CSE,7,79.1,8.42,8.38,stable,0,84.3,86.6,149,70.9,Completed,76.5,Placed,0,0.078
STU-4205,25EC705,ECE,1,93.8,7.22,6.66,improving,0,69.3,90.1,21,62.6,Ongoing,86.0,Not Eligible,0,0.073
STU-1532,23CS732,CSE,5,86.4,8.88,8.97,stable,0,89.3,83.5,106,84.4,Ongoing,97.6,Eligible,0,0.125
STU-2362,25IT662,IT,2,97.2,7.06,6.82,improving,0,72.6,93.9,38,43.2,,58.6,Not Eligible,0,0.084
STU-7065,24ME865,Mechanical,4,89.6,8.35,8.48,stable,0,89.4,84.5,85,69.0,Ongoing,90.1,Not Eligible,0,0.16
STU-4888,23EC488,ECE,5,68.8,8.64,8.87,declining,0,85.0,71.9,103,47.5,Completed,76.5,Eligible,0,0.325
STU-1806,22CS106,CSE,7,83.8,9.73,9.74,stable,0,98.2,93.5,143,48.0,Completed,72.8,Placed,0,0.085
STU-2012,25CS312,CSE,1,81.6,8.62,8.3,improving,0,76.1,84.9,23,81.6,,68.5,Not Eligible,0,0.139
STU-2581,23IT881,IT,6,92.5,7.24,7.87,declining,0,83.2,84.6,128,51.6,,81.4,Eligible,0,0.253
STU-3313,22IT713,IT,7,99.0,8.37,7.95,improving,0,80.0,100.0,147,53.9,Completed,86.9,Placed,0,0.085
STU-2458,23IT758,IT,5,99.0,9.17,8.83,improving,0,96.2,82.8,105,57.6,Completed,79.2,Eligible,0,0.077
STU-4790,24EC390,ECE,3,64.6,9.09,9.13,stable,3,92.6,76.7,49,64.6,,67.3,Not Eligible,1,0.879
STU-5697,25EE397,EEE,1,64.6,7.43,7.48,stable,0,67.4,66.8,21,55.7,,55.2,Not Eligible,0,0.191
STU-1685,25CS885,CSE,2,99.0,8.72,8.96,declining,0,88.3,94.9,38,63.8,,73.5,Not Eligible,0,0.076
STU-5883,22EE583,EEE,7,87.3,7.18,7.29,stable,0,84.0,86.2,143,69.6,Completed,74.8,In Process,0,0.107
STU-2141,22IT441,IT,8,78.0,8.32,7.71,improving,0,80.9,77.9,168,98.0,Ongoing,98.0,Placed,0,0.094
STU-5244,22EE844,EEE,7,65.0,6.99,6.79,improving,0,70.0,73.0,143,53.3,,93.1,Not Eligible,0,0.241
STU-3205,22IT605,IT,8,85.9,8.02,8.66,declining,0,88.6,75.8,164,52.8,Completed,66.4,Placed,0,0.142
STU-3719,25EC219,ECE,1,99.0,7.31,7.33,stable,0,70.8,93.9,22,22.5,,67.6,Not Eligible,0,0.118
STU-3916,22EC416,ECE,7,93.9,6.26,6.08,improving,0,54.5,100.0,147,62.6,Ongoing,55.0,In Process,0,0.133
STU-0751,25CS851,CSE,1,83.8,7.02,7.16,stable,1,69.7,71.8,19,56.6,,34.2,Not Eligible,0,0.279
STU-5346,22EE946,EEE,7,69.6,7.04,6.79,improving,4,74.8,66.9,132,35.2,Ongoing,74.4,Placed,1,0.806
STU-5732,23EE432,EEE,5,77.6,8.76,9.15,declining,0,81.2,80.2,105,35.8,Ongoing,78.0,Eligible,0,0.112
STU-0765,25CS865,CSE,1,75.8,9.01,8.55,improving,0,93.5,76.9,22,41.9,,98.0,Not Eligible,0,0.104
STU-2137,25CS437,CSE,1,85.4,8.34,8.52,declining,0,82.0,70.9,18,52.3,,67.2,Not Eligible,0,0.137
STU-4005,22EC505,ECE,7,60.8,7.91,7.28,improving,0,85.6,51.5,148,67.9,Completed,81.8,Placed,0,0.412
STU-4504,23EC104,ECE,5,70.5,6.79,7.09,declining,0,66.3,61.8,107,98.0,,70.6,Eligible,0,0.263
STU-6663,25ME463,Mechanical,2,70.7,7.14,7.46,declining,0,74.0,61.9,42,56.3,,51.6,Not Eligible,0,0.224
STU-3745,25EC245,ECE,2,91.2,8.72,9.43,declining,0,85.8,80.9,38,32.9,,85.9,Not Eligible,0,0.176
STU-3381,22IT781,IT,7,88.0,7.93,7.75,improving,0,79.4,68.9,148,53.8,Completed,85.5,Placed,0,0.13
STU-6836,24ME636,Mechanical,4,94.8,8.52,8.71,declining,0,82.4,94.0,84,90.8,,97.1,Not Eligible,0,0.134
STU-5239,23EE839,EEE,5,58.5,7.02,6.45,improving,0,68.0,64.2,103,58.2,,50.6,Eligible,1,0.544
STU-1026,24CS226,CSE,4,83.1,7.86,7.74,stable,0,73.3,78.2,86,40.5,Ongoing,72.9,Not Eligible,0,0.079
STU-6220,25EE920,EEE,1,73.5,7.72,8.01,declining,0,75.8,84.6,19,58.8,,83.6,Not Eligible,0,0.177
STU-4655,24EC255,ECE,4,72.6,7.74,7.51,improving,0,77.6,66.1,80,60.4,,81.5,Not Eligible,0,0.149
STU-2057,24CS357,CSE,4,89.6,8.36,7.75,improving,0,81.7,91.0,82,62.7,,89.3,Not Eligible,0,0.132
STU-1562,25CS762,CSE,2,77.2,7.67,6.89,improving,0,67.1,85.9,44,74.6,,82.1,Not Eligible,0,0.101
STU-3806,25EC306,ECE,1,93.1,9.37,9.64,declining,0,90.2,92.3,21,54.9,,86.6,Not Eligible,0,0.093
STU-1822,25CS122,CSE,1,81.9,6.33,5.48,improving,1,68.5,81.2,18,76.3,,68.0,Not Eligible,0,0.279
STU-6478,24ME278,Mechanical,3,74.1,7.92,8.01,stable,0,78.3,76.3,61,45.7,,85.8,Not Eligible,0,0.075
STU-4050,24EC550,ECE,3,77.6,7.97,7.99,stable,0,86.8,65.4,64,55.0,,75.2,Not Eligible,0,0.037
STU-6452,25ME252,Mechanical,2,80.7,6.32,6.48,declining,1,55.3,70.8,34,70.7,,37.1,Not Eligible,0,0.231
STU-1073,25CS273,CSE,1,85.8,7.49,6.98,improving,0,74.3,85.1,19,52.9,,62.2,Not Eligible,0,0.068
STU-7027,22ME827,Mechanical,7,87.7,7.83,7.96,stable,0,78.1,84.1,149,43.4,,73.9,In Process,0,0.121
STU-1921,23CS221,CSE,6,88.3,7.41,7.79,declining,0,69.0,83.6,127,84.1,,82.6,Eligible,0,0.239
STU-4070,23EC570,ECE,6,72.5,9.04,8.76,improving,0,99.0,70.8,127,45.2,Completed,77.1,Eligible,0,0.075
STU-3096,25IT496,IT,2,76.5,8.62,8.11,improving,0,86.6,79.3,43,34.0,,82.3,Not Eligible,0,0.149
STU-6499,24ME299,Mechanical,3,64.8,6.94,7.31,declining,2,68.6,59.2,57,21.1,,64.8,Not Eligible,1,0.879
STU-1290,25CS490,CSE,1,99.0,7.14,7.5,declining,4,70.4,88.0,18,67.4,,50.5,Not Eligible,1,0.846
STU-4572,22EC172,ECE,7,71.9,7.08,7.19,stable,0,71.4,82.0,143,45.1,Completed,86.0,Placed,0,0.126
STU-6316,25EE116,EEE,2,84.9,7.37,7.41,stable,0,65.5,87.3,40,73.7,,66.7,Not Eligible,0,0.074
STU-3490,24IT890,IT,3,84.9,7.61,7.78,declining,0,77.5,81.6,63,29.7,Ongoing,84.8,Not Eligible,0,0.291
STU-5978,22EE678,EEE,8,90.8,7.02,6.48,improving,0,73.4,84.4,168,78.5,Ongoing,74.3,In Process,0,0.153
STU-0274,22CS374,CSE,8,93.2,9.78,9.98,declining,0,99.0,79.5,170,50.0,Completed,98.0,Placed,0,0.121
STU-0914,24CS114,CSE,4,84.3,7.92,8.23,declining,0,78.7,81.2,80,52.7,,72.4,Not Eligible,0,0.124
STU-5453,24EE153,EEE,4,78.0,8.95,8.75,improving,0,98.2,74.6,84,64.4,,85.0,Not Eligible,0,0.115
STU-7899,22CI799,Civil,7,72.6,5.57,5.83,declining,2,67.4,67.7,137,61.0,Completed,34.4,In Process,1,0.804
STU-1406,24CS606,CSE,4,80.4,7.84,7.65,improving,0,81.9,75.6,86,75.0,,76.7,Not Eligible,0,0.056
STU-6636,22ME436,Mechanical,8,69.8,7.61,7.23,improving,0,88.5,66.8,168,10.9,,85.4,Placed,0,0.115
STU-0049,23CS149,CSE,5,97.8,8.47,7.87,improving,0,93.9,87.6,106,76.3,Completed,69.0,Eligible,0,0.083
STU-1584,24CS784,CSE,4,80.0,8.92,8.64,improving,0,90.2,72.6,84,60.3,,77.3,Not Eligible,0,0.068
STU-4316,24EC816,ECE,3,68.6,7.81,8.67,declining,2,76.5,69.2,55,29.9,,78.4,Not Eligible,1,0.796
STU-2007,24CS307,CSE,4,81.2,8.44,8.9,declining,0,87.4,79.0,80,87.6,,98.0,Not Eligible,0,0.17
STU-5280,25EE880,EEE,1,80.7,8.27,8.0,improving,0,80.3,72.4,22,81.1,,79.5,Not Eligible,0,0.088
STU-2286,25IT586,IT,2,80.3,9.06,9.8,declining,0,91.5,73.9,44,48.9,,88.0,Not Eligible,0,0.2
STU-6385,24ME185,Mechanical,3,77.3,7.65,7.55,stable,0,66.6,67.3,64,82.8,,66.8,Not Eligible,0,0.122
STU-4972,23EC572,ECE,6,87.8,7.36,7.46,stable,0,72.1,89.3,127,44.4,Completed,92.6,Eligible,0,0.09
STU-0639,24CS739,CSE,3,80.1,7.41,7.32,stable,4,72.2,80.4,49,43.5,,85.0,Not Eligible,1,0.815
STU-2389,24IT689,IT,3,85.5,8.75,8.9,declining,0,89.1,86.6,64,95.0,,82.7,Not Eligible,0,0.123
STU-4302,24EC802,ECE,3,80.3,8.48,8.26,improving,0,83.3,88.6,64,67.9,,86.2,Not Eligible,0,0.095
STU-1780,22CS980,CSE,7,68.5,8.88,8.6,improving,0,97.3,56.8,143,68.7,Completed,81.8,Placed,0,0.177
STU-5200,25EC800,ECE,1,72.8,6.24,6.33,stable,1,62.6,72.2,18,94.0,,44.9,Not Eligible,0,0.42
STU-1355,24CS555,CSE,4,99.0,8.04,9.03,declining,0,86.5,92.0,85,73.1,,83.1,Not Eligible,0,0.286
STU-5173,24EC773,ECE,3,74.3,8.22,8.05,improving,0,79.6,69.1,61,35.5,,98.0,Not Eligible,0,0.067
STU-2665,25IT965,IT,1,82.7,8.29,8.31,stable,0,84.1,76.3,21,44.7,,74.0,Not Eligible,0,0.041
STU-1003,22CS203,CSE,7,67.8,8.27,8.38,stable,0,84.9,76.0,145,57.9,Ongoing,73.2,Placed,0,0.28
STU-0671,25CS771,CSE,2,91.6,7.19,7.44,declining,0,77.9,90.9,38,91.5,,66.1,Not Eligible,0,0.133
STU-6808,23ME608,Mechanical,5,71.4,6.58,6.13,improving,0,61.0,69.6,106,98.0,Completed,70.6,Eligible,0,0.11
STU-5425,24EE125,EEE,3,81.8,7.98,7.7,improving,0,78.5,84.9,64,67.2,,66.2,Not Eligible,0,0.066
STU-0612,22CS712,CSE,7,81.4,8.39,8.64,declining,0,93.0,80.3,145,44.1,Ongoing,98.0,Placed,0,0.151
STU-8233,23CI233,Civil,5,86.3,8.76,8.74,stable,0,86.8,84.2,105,45.2,,77.4,Eligible,0,0.137
STU-3316,25IT716,IT,2,89.6,8.49,8.34,improving,0,85.1,92.6,43,33.2,,68.6,Not Eligible,0,0.066
STU-0051,22CS151,CSE,8,93.5,8.69,8.93,declining,0,82.2,87.5,168,24.4,Completed,76.8,Placed,0,0.134
STU-5044,24EC644,ECE,4,97.1,7.7,7.57,stable,0,85.4,91.7,80,52.7,,75.2,Not Eligible,0,0.072
STU-5975,25EE675,EEE,1,84.1,6.22,6.08,stable,1,57.6,81.5,18,73.4,,42.0,Not Eligible,0,0.282
STU-0131,24CS231,CSE,4,92.5,7.86,8.11,declining,0,74.5,76.4,82,63.4,,76.3,Not Eligible,0,0.124
STU-3401,25IT801,IT,1,97.2,8.2,7.97,improving,0,74.6,100.0,18,27.0,,85.0,Not Eligible,0,0.133
STU-5269,25EE869,EEE,2,77.7,7.94,8.36,declining,0,80.3,77.4,43,72.5,,74.1,Not Eligible,0,0.15
STU-2719,25IT119,IT,2,78.6,8.41,8.2,improving,0,82.8,74.7,43,53.8,Ongoing,98.0,Not Eligible,0,0.101
STU-4308,25EC808,ECE,2,70.1,8.21,7.71,improving,0,83.4,70.3,42,45.7,Ongoing,95.9,Not Eligible,0,0.141
STU-0927,24CS127,CSE,3,84.8,8.07,7.36,improving,0,82.3,86.7,64,56.9,,88.3,Not Eligible,0,0.124
STU-6454,25ME254,Mechanical,2,74.1,7.87,7.92,stable,0,76.0,73.4,42,67.2,,87.7,Not Eligible,0,0.16
STU-4014,23EC514,ECE,6,86.1,6.7,5.94,improving,0,59.4,76.0,124,13.2,,95.2,Eligible,0,0.227
STU-0372,25CS472,CSE,1,82.6,9.17,8.83,improving,0,95.0,76.7,23,38.4,Ongoing,79.5,Not Eligible,0,0.136
STU-3710,25EC210,ECE,2,77.1,6.27,6.74,declining,0,62.7,72.0,42,30.6,,58.5,Not Eligible,0,0.253
STU-6205,25EE905,EEE,2,70.1,7.89,7.97,stable,0,83.8,71.4,44,84.8,,62.7,Not Eligible,0,0.126
STU-7846,22CI746,Civil,7,70.8,7.52,7.81,declining,2,76.0,67.0,135,75.0,,72.3,In Process,1,0.535
STU-2551,25IT851,IT,1,87.5,8.91,8.71,improving,0,91.0,85.0,23,72.3,Ongoing,81.3,Not Eligible,0,0.036
STU-7570,24ME470,Mechanical,3,75.5,6.61,6.31,improving,0,53.0,91.2,59,44.6,,75.5,Not Eligible,0,0.09
STU-0528,24CS628,CSE,3,75.8,9.29,9.04,improving,1,93.9,67.2,57,50.4,,98.0,Not Eligible,0,0.154
STU-1980,22CS280,CSE,7,73.9,8.35,8.31,stable,0,80.3,80.2,148,68.2,Completed,83.6,Placed,0,0.13
STU-0276,24CS376,CSE,4,78.8,8.54,8.46,stable,0,87.9,79.8,82,42.1,,81.3,Not Eligible,0,0.082
STU-0747,24CS847,CSE,3,69.7,7.66,7.37,improving,0,79.6,73.9,64,54.3,Ongoing,55.5,Not Eligible,0,0.137
STU-0475,23CS575,CSE,5,83.5,8.49,8.3,improving,0,90.4,79.7,101,45.1,Completed,76.6,Eligible,0,0.104
STU-3118,25IT518,IT,1,88.6,6.72,5.57,improving,0,72.2,80.2,21,64.9,,65.4,Not Eligible,0,0.103
STU-0250,22CS350,CSE,7,81.2,8.5,8.72,declining,0,91.9,73.3,149,59.2,Completed,93.1,Placed,0,0.07
STU-3281,23IT681,IT,5,99.0,9.57,10.0,declining,0,86.9,90.3,103,93.9,Completed,88.2,Eligible,0,0.098
STU-8205,25CI205,Civil,1,93.0,7.21,7.3,stable,1,65.0,92.8,18,77.5,,54.0,Not Eligible,0,0.131
STU-5581,22EE281,EEE,7,72.0,6.41,7.08,declining,0,63.4,73.1,149,29.7,,61.4,Placed,0,0.417
STU-7577,24CI477,Civil,4,94.8,8.04,8.32,declining,0,77.3,94.0,86,68.7,,94.3,Not Eligible,0,0.1
STU-1410,22CS610,CSE,7,91.4,8.39,8.71,declining,0,92.9,97.1,145,57.6,Completed,91.0,Placed,0,0.174
STU-4264,24EC764,ECE,4,87.9,9.05,8.62,improving,0,85.4,79.5,80,61.3,,68.2,Not Eligible,0,0.055
STU-1596,23CS796,CSE,5,85.9,8.37,8.12,improving,0,77.5,89.3,105,58.2,Completed,76.2,Eligible,0,0.07
STU-2324,23IT624,IT,5,73.0,7.06,6.69,improving,0,69.8,80.6,101,68.2,Ongoing,56.0,Eligible,0,0.102
STU-2874,23IT274,IT,6,99.0,7.8,8.22,declining,0,78.5,95.8,127,82.5,Completed,59.4,Eligible,0,0.13
STU-7156,25ME956,Mechanical,2,77.3,6.42,6.87,declining,0,62.6,83.3,42,81.6,,58.8,Not Eligible,0,0.269
STU-8080,22CI980,Civil,7,76.6,8.29,8.7,declining,0,82.5,72.8,143,69.1,,84.4,Placed,0,0.165
STU-3755,24EC255,ECE,4,88.6,7.77,7.73,stable,0,84.4,81.6,85,53.5,,72.7,Not Eligible,0,0.108
STU-1876,23CS176,CSE,5,85.0,9.7,9.72,stable,0,92.2,74.6,103,40.8,Ongoing,85.0,Eligible,0,0.088
STU-8167,23CI167,Civil,6,88.0,6.37,5.93,improving,0,63.8,92.2,126,64.8,Completed,70.7,In Process,0,0.056
STU-8423,25CI423,Civil,2,68.6,7.09,6.83,improving,1,75.8,62.3,38,63.3,,87.0,Not Eligible,0,0.263
STU-3232,23IT632,IT,6,78.3,6.98,7.12,stable,0,65.7,80.4,122,71.1,Ongoing,50.4,Eligible,0,0.102
STU-8381,24CI381,Civil,3,70.5,7.67,7.9,declining,0,80.4,69.7,63,61.2,,88.9,Not Eligible,0,0.218
STU-4795,23EC395,ECE,6,76.7,5.47,5.23,improving,4,68.2,72.3,111,34.5,,38.2,In Process,1,0.91
STU-7946,24CI846,Civil,4,86.0,7.72,7.37,improving,0,72.8,76.5,86,38.3,,77.6,Not Eligible,0,0.082
STU-1239,22CS439,CSE,8,90.5,8.55,8.03,improving,0,83.3,81.0,164,81.4,Completed,91.0,Placed,0,0.092
STU-1014,25CS214,CSE,1,81.2,8.65,8.37,improving,0,80.4,88.0,18,74.5,,87.6,Not Eligible,0,0.075
STU-6363,24ME163,Mechanical,3,86.4,7.33,7.07,improving,0,74.8,95.7,61,76.2,,75.3,Not Eligible,0,0.055
STU-1101,25CS301,CSE,1,70.8,8.29,8.8,declining,0,86.1,62.9,22,54.7,,73.9,Not Eligible,0,0.228
STU-7215,23ME115,Mechanical,5,86.0,7.48,7.15,improving,0,76.7,73.3,106,78.5,Ongoing,65.7,Eligible,0,0.093
STU-4835,25EC435,ECE,1,77.5,7.86,7.83,stable,0,80.8,90.4,18,37.5,,83.1,Not Eligible,0,0.117
STU-4151,22EC651,ECE,8,75.0,6.42,6.47,stable,0,67.3,83.1,166,53.1,,48.2,In Process,0,0.158
STU-2281,23IT581,IT,5,82.8,8.25,8.15,stable,0,82.2,82.3,106,35.2,,62.9,Eligible,0,0.068
STU-5799,22EE499,EEE,8,76.0,6.45,6.45,stable,0,58.8,71.6,166,86.6,Completed,57.6,Placed,0,0.172
STU-8256,23CI256,Civil,6,85.8,7.78,8.35,declining,0,74.6,73.1,124,78.9,,65.3,Eligible,0,0.182
STU-5875,22EE575,EEE,7,95.2,6.94,6.61,improving,2,63.6,93.8,137,62.7,,79.8,Not Eligible,1,0.55
STU-2934,22IT334,IT,7,77.8,9.19,8.94,improving,0,93.6,76.5,147,37.9,Ongoing,98.0,Placed,0,0.151
STU-5257,25EE857,EEE,2,68.9,6.81,6.57,improving,1,79.4,77.9,34,37.1,,67.1,Not Eligible,0,0.292
STU-4189,23EC689,ECE,5,85.4,6.94,6.59,improving,0,75.2,91.2,105,47.6,,56.7,Eligible,0,0.084
STU-3596,24EC996,ECE,4,68.2,8.54,8.24,improving,0,90.9,68.0,80,71.8,,98.0,Not Eligible,0,0.127
STU-8006,22CI906,Civil,7,82.4,5.98,5.73,improving,0,61.0,91.6,145,69.6,,71.3,Not Eligible,0,0.218
STU-1946,24CS246,CSE,4,76.5,7.51,7.55,stable,0,81.5,77.6,80,37.5,,68.9,Not Eligible,0,0.107
STU-1682,22CS882,CSE,8,84.4,7.99,7.43,improving,0,74.7,88.1,166,33.4,Completed,69.1,Placed,0,0.089
STU-0899,25CS999,CSE,1,83.0,7.38,7.21,improving,0,77.3,66.9,23,27.5,,83.4,Not Eligible,0,0.133
STU-8094,22CI994,Civil,7,70.7,8.99,9.14,declining,0,89.2,71.6,148,51.2,,93.0,In Process,0,0.164
STU-2243,23IT543,IT,5,81.8,6.86,6.61,improving,0,70.7,97.2,105,78.9,Ongoing,83.6,Eligible,0,0.034
STU-2050,25CS350,CSE,1,80.1,8.38,8.64,declining,0,85.8,78.1,23,30.7,,76.5,Not Eligible,0,0.304
STU-1989,24CS289,CSE,4,83.5,7.43,7.5,stable,0,82.6,93.8,80,82.0,Ongoing,77.7,Not Eligible,0,0.062
STU-1618,23CS818,CSE,6,91.8,8.73,9.1,declining,0,84.7,97.7,127,39.3,Completed,72.2,Eligible,0,0.196
STU-0945,25CS145,CSE,2,88.9,6.52,6.42,stable,0,60.1,81.3,38,72.7,,62.2,Not Eligible,0,0.212
STU-4470,22EC970,ECE,7,87.3,7.85,8.3,declining,0,65.3,86.4,147,66.3,,61.6,Placed,0,0.208
STU-6851,25ME651,Mechanical,2,73.3,6.08,5.86,improving,0,57.7,68.8,42,77.6,,70.0,Not Eligible,0,0.185
STU-1035,25CS235,CSE,1,91.7,7.26,7.59,declining,0,70.0,91.5,23,78.8,,70.1,Not Eligible,0,0.133
STU-6010,22EE710,EEE,8,92.2,7.2,7.26,stable,0,74.4,100.0,169,23.8,,75.7,Not Eligible,0,0.149
STU-5435,24EE135,EEE,4,86.6,8.03,8.58,declining,0,75.2,80.3,84,66.5,,80.5,Not Eligible,0,0.264
STU-4525,22EC125,ECE,8,79.6,7.94,7.83,stable,0,77.9,69.8,168,59.2,,84.4,Placed,0,0.105
STU-4003,23EC503,ECE,6,98.9,9.23,9.96,declining,0,92.0,100.0,124,57.0,Ongoing,85.2,Eligible,0,0.209
STU-5381,22EE981,EEE,8,96.2,6.41,6.15,improving,0,55.5,76.3,169,38.7,Completed,61.0,Placed,0,0.136
STU-0755,25CS855,CSE,2,96.0,8.82,8.61,improving,0,83.8,93.5,43,88.2,,84.6,Not Eligible,0,0.116
STU-4354,22EC854,ECE,8,83.5,7.57,7.62,stable,0,80.2,80.5,169,71.5,Ongoing,60.4,Placed,0,0.075
STU-0559,23CS659,CSE,6,87.9,7.72,8.04,declining,0,72.1,93.9,127,88.2,Completed,59.0,Eligible,0,0.218
STU-0125,25CS225,CSE,2,99.0,6.92,6.87,stable,0,72.8,96.6,43,90.5,,61.9,Not Eligible,0,0.056
STU-5199,22EC799,ECE,7,84.5,6.46,6.58,stable,3,66.3,86.5,135,52.1,Completed,63.6,Not Eligible,1,0.694
STU-6549,25ME349,Mechanical,1,84.2,8.37,8.68,declining,0,80.6,75.5,21,90.5,,89.5,Not Eligible,0,0.11
STU-3577,24EC977,ECE,3,73.6,7.83,8.14,declining,0,73.4,64.3,64,65.6,,88.2,Not Eligible,0,0.299
STU-2400,25IT700,IT,1,93.2,7.87,8.39,declining,0,80.5,88.3,21,60.8,,66.0,Not Eligible,0,0.146
STU-3280,24IT680,IT,3,88.9,8.46,7.95,improving,0,90.7,88.4,64,84.6,,85.4,Not Eligible,0,0.072
STU-4502,25EC102,ECE,2,83.1,7.67,7.5,improving,0,80.3,74.7,38,98.0,,86.6,Not Eligible,0,0.05
STU-4861,24EC461,ECE,4,89.5,7.49,7.84,declining,1,75.5,90.6,81,49.3,,88.0,Not Eligible,0,0.231
STU-8409,25CI409,Civil,2,84.0,9.43,9.57,stable,0,97.9,84.9,40,40.2,,90.3,Not Eligible,0,0.074
STU-5287,24EE887,EEE,4,84.6,7.34,7.49,declining,0,73.5,82.3,82,31.9,,71.8,Not Eligible,0,0.227
STU-0993,24CS193,CSE,3,67.5,8.13,8.12,stable,1,81.8,69.0,55,78.7,,91.3,Not Eligible,0,0.328
STU-1574,22CS774,CSE,7,97.6,8.09,8.22,stable,0,82.1,89.6,148,62.3,Completed,74.2,Placed,0,0.137
STU-3248,24IT648,IT,4,73.5,8.59,8.74,declining,0,87.8,82.1,86,79.4,,74.0,Not Eligible,0,0.209
STU-4256,24EC756,ECE,4,90.4,6.42,5.7,improving,0,56.4,87.3,84,72.8,Ongoing,61.1,Not Eligible,0,0.159
STU-1320,25CS520,CSE,1,88.9,8.21,7.53,improving,0,83.5,91.5,18,77.8,,75.7,Not Eligible,0,0.032
STU-8313,25CI313,Civil,1,79.5,6.86,6.71,improving,0,64.2,88.5,22,57.8,,79.6,Not Eligible,0,0.11
STU-7309,23ME209,Mechanical,6,73.7,6.47,6.99,declining,4,58.0,72.7,111,30.8,,40.3,In Process,1,0.886
STU-1732,23CS932,CSE,5,84.7,8.19,8.32,stable,0,73.8,87.6,101,52.4,Ongoing,79.1,Eligible,0,0.038
STU-2268,25IT568,IT,2,84.8,7.76,7.54,improving,0,73.3,77.3,42,74.8,,77.2,Not Eligible,0,0.127
STU-3947,25EC447,ECE,1,88.7,9.67,9.21,improving,0,99.0,87.2,19,94.0,,77.0,Not Eligible,0,0.043
STU-4832,25EC432,ECE,2,81.4,7.48,8.04,declining,0,84.5,82.9,38,88.7,,57.2,Not Eligible,0,0.163
STU-0936,24CS136,CSE,3,84.2,7.73,7.46,improving,0,75.7,78.5,59,59.2,Ongoing,83.8,Not Eligible,0,0.088
STU-1502,24CS702,CSE,4,90.8,8.21,8.19,stable,0,88.0,90.0,86,64.1,,76.9,Not Eligible,0,0.06
STU-6542,23ME342,Mechanical,6,82.0,7.4,6.64,improving,0,67.3,82.5,128,49.1,,91.7,Eligible,0,0.091
STU-6569,22ME369,Mechanical,7,82.6,8.29,7.67,improving,0,88.5,88.2,143,80.0,,84.4,Placed,0,0.121
STU-0929,23CS129,CSE,5,83.9,9.05,9.02,stable,0,96.2,88.3,105,43.8,,76.2,Eligible,0,0.179
STU-3036,25IT436,IT,2,94.1,6.84,6.67,improving,0,66.6,89.3,43,49.2,Ongoing,57.4,Not Eligible,0,0.134
STU-3151,25IT551,IT,1,75.2,8.13,8.25,stable,0,74.1,79.3,19,82.5,,60.2,Not Eligible,0,0.127
STU-5400,25EE100,EEE,1,75.9,6.75,6.62,stable,0,73.2,82.2,21,55.7,,49.1,Not Eligible,0,0.118
STU-7458,23ME358,Mechanical,6,73.2,5.83,5.2,improving,1,50.9,71.2,124,54.5,,56.4,In Process,0,0.314
STU-3791,24EC291,ECE,4,84.4,7.87,7.8,stable,0,68.7,88.5,85,71.6,,96.3,Not Eligible,0,0.079
STU-1123,22CS323,CSE,7,95.7,8.07,7.34,improving,0,80.0,99.6,148,46.4,,88.8,Placed,0,0.088
STU-8133,22CI133,Civil,7,69.4,6.37,5.56,improving,0,63.2,60.2,145,49.0,,44.9,Not Eligible,0,0.175
STU-2647,25IT947,IT,1,77.9,8.71,8.49,improving,0,88.0,78.7,23,18.5,,93.8,Not Eligible,0,0.196
STU-6720,25ME520,Mechanical,2,81.3,6.74,6.18,improving,2,68.2,67.3,30,59.1,,63.7,Not Eligible,0,0.222
STU-4710,25EC310,ECE,1,83.3,8.73,8.9,declining,0,86.9,79.9,19,42.5,,91.7,Not Eligible,0,0.153
STU-7934,24CI834,Civil,4,79.9,6.61,6.64,stable,0,64.3,84.3,84,74.3,,30.9,Not Eligible,0,0.117
STU-8017,24CI917,Civil,3,74.7,7.65,7.17,improving,0,77.8,76.6,61,70.1,,68.5,Not Eligible,0,0.067
STU-2285,25IT585,IT,1,79.3,7.31,7.73,declining,0,74.3,80.4,19,55.5,,58.3,Not Eligible,0,0.134
STU-1070,24CS270,CSE,3,70.8,8.12,7.81,improving,0,88.4,75.4,64,36.4,,91.9,Not Eligible,0,0.115
STU-8015,24CI915,Civil,3,67.0,7.57,8.03,declining,0,74.5,68.5,65,73.8,,73.9,Not Eligible,0,0.331
STU-5311,24EE911,EEE,4,81.4,6.27,6.6,declining,1,66.7,78.6,82,86.7,,48.5,Not Eligible,0,0.34
STU-8401,24CI401,Civil,3,80.3,7.58,7.2,improving,0,66.6,78.2,61,56.2,Ongoing,82.1,Not Eligible,0,0.064
STU-0627,24CS727,CSE,4,94.9,9.13,9.16,stable,0,91.2,94.1,85,73.8,,98.0,Not Eligible,0,0.177
STU-2660,25IT960,IT,2,83.8,7.2,7.35,declining,0,61.5,71.7,38,88.0,,82.0,Not Eligible,0,0.196
STU-6539,23ME339,Mechanical,6,78.2,7.25,7.15,stable,0,66.7,73.9,126,8.3,Completed,44.2,Eligible,0,0.227
STU-1037,24CS237,CSE,3,89.4,8.09,7.38,improving,0,84.1,94.0,65,40.5,,86.9,Not Eligible,0,0.06
STU-7250,22ME150,Mechanical,7,76.8,7.18,6.96,improving,0,63.9,68.0,147,37.3,Completed,56.5,In Process,0,0.074
STU-7535,24ME435,Mechanical,3,78.6,7.28,6.97,improving,0,76.9,78.8,61,31.4,,88.2,Not Eligible,0,0.121
STU-6280,22EE980,EEE,7,73.9,7.28,7.26,stable,0,73.8,76.7,148,61.0,,62.3,In Process,0,0.123
STU-6552,22ME352,Mechanical,8,76.6,8.5,8.73,declining,0,86.6,85.4,166,64.5,,67.0,Placed,0,0.155
STU-7935,24CI835,Civil,4,77.5,7.26,7.14,stable,1,82.0,81.6,82,96.1,,79.4,Not Eligible,0,0.258
STU-3515,25IT915,IT,2,82.1,7.77,7.1,improving,0,79.4,73.2,43,45.4,,78.2,Not Eligible,0,0.076
STU-6878,22ME678,Mechanical,7,63.0,6.93,7.38,declining,0,70.7,79.8,149,38.1,,81.1,In Process,1,0.585
STU-1517,23CS717,CSE,6,78.0,7.0,7.33,declining,1,69.8,80.5,123,52.0,,49.1,In Process,0,0.315
STU-0044,22CS144,CSE,8,82.1,8.27,8.06,improving,0,83.9,86.6,166,69.0,Ongoing,98.0,Placed,0,0.13
STU-0681,22CS781,CSE,7,80.8,8.55,8.12,improving,0,84.2,94.5,149,57.9,Ongoing,88.6,Placed,0,0.096
STU-4125,23EC625,ECE,5,85.2,7.51,7.73,declining,0,74.6,88.4,107,24.7,Ongoing,58.7,Eligible,0,0.122
STU-7382,25ME282,Mechanical,2,67.6,6.61,6.62,stable,0,71.5,71.5,40,18.7,,42.8,Not Eligible,0,0.289
STU-5262,24EE862,EEE,4,93.0,7.99,7.86,stable,0,87.3,83.5,80,76.5,,98.0,Not Eligible,0,0.052
STU-1831,22CS131,CSE,8,87.3,9.42,8.47,improving,0,99.0,85.1,164,66.7,Completed,79.5,Placed,0,0.058
STU-0733,23CS833,CSE,6,84.2,8.88,8.7,improving,0,88.8,81.0,127,65.5,Completed,93.7,Eligible,0,0.078
STU-4967,25EC567,ECE,2,86.5,7.45,6.98,improving,0,65.3,84.0,38,80.6,,59.2,Not Eligible,0,0.047
STU-3487,24IT887,IT,4,73.3,7.1,6.74,improving,0,70.6,65.4,86,18.1,,75.6,Not Eligible,0,0.183
STU-4917,24EC517,ECE,3,98.1,6.8,6.51,improving,0,66.9,100.0,65,72.6,,88.4,Not Eligible,0,0.164
STU-3288,25IT688,IT,2,90.6,7.6,7.93,declining,0,80.8,84.2,44,59.7,,80.3,Not Eligible,0,0.082
STU-4417,25EC917,ECE,1,74.4,8.03,7.87,improving,0,74.1,63.7,19,48.3,,69.1,Not Eligible,0,0.056
STU-1212,24CS412,CSE,4,88.6,7.37,8.25,declining,0,85.4,78.2,84,60.8,,72.5,Not Eligible,0,0.309
STU-3662,24EC162,ECE,3,88.3,7.88,8.55,declining,0,74.4,91.8,65,84.6,Ongoing,98.0,Not Eligible,0,0.194
STU-7041,24ME841,Mechanical,4,91.4,7.43,7.28,improving,0,73.4,94.4,86,65.7,,71.7,Not Eligible,0,0.107
STU-6805,24ME605,Mechanical,3,81.0,8.02,8.29,declining,0,75.0,73.9,64,73.3,,60.9,Not Eligible,0,0.111
STU-1118,22CS318,CSE,7,85.9,6.8,6.65,improving,0,71.6,75.7,143,51.4,Ongoing,56.8,In Process,0,0.098
STU-8247,24CI247,Civil,4,79.0,6.56,6.56,stable,0,69.0,81.3,84,71.7,,63.5,Not Eligible,0,0.114
STU-8040,25CI940,Civil,1,87.7,7.55,7.93,declining,0,83.1,81.3,21,56.0,Ongoing,85.7,Not Eligible,0,0.103
STU-7481,23ME381,Mechanical,6,82.1,7.69,7.7,stable,0,67.6,73.1,124,57.8,Completed,93.3,Eligible,0,0.088
STU-0792,23CS892,CSE,5,92.1,7.92,7.96,stable,0,81.3,88.5,101,71.3,Completed,68.3,Eligible,0,0.102
STU-1768,24CS968,CSE,4,90.7,8.48,8.09,improving,0,84.0,96.1,84,81.7,,75.1,Not Eligible,0,0.066
STU-8416,25CI416,Civil,2,72.3,6.95,6.89,stable,0,69.7,71.5,42,39.6,,79.0,Not Eligible,0,0.067
STU-0141,22CS241,CSE,8,94.8,7.85,8.26,declining,0,72.3,80.9,166,84.2,Ongoing,69.8,Placed,0,0.257
STU-1681,24CS881,CSE,3,83.1,6.96,6.86,stable,4,70.7,88.6,43,54.7,Ongoing,69.4,Not Eligible,1,0.724
STU-5319,22EE919,EEE,7,78.4,7.89,8.14,declining,0,81.3,74.1,148,57.2,,65.8,Placed,0,0.14
STU-7521,22ME421,Mechanical,8,69.6,6.97,6.75,improving,0,75.7,60.8,168,60.5,,56.0,In Process,0,0.18
STU-0861,22CS961,CSE,7,82.0,8.19,7.61,improving,0,78.4,85.1,147,70.6,Completed,82.6,Placed,0,0.125
STU-0773,25CS873,CSE,1,96.5,9.08,8.52,improving,0,92.7,91.0,21,91.7,,98.0,Not Eligible,0,0.061
STU-0960,23CS160,CSE,6,87.0,8.69,8.84,declining,0,76.5,77.4,124,40.5,Ongoing,84.3,Eligible,0,0.133
STU-6178,22EE878,EEE,8,92.7,7.33,7.42,stable,0,75.9,85.4,168,35.5,Ongoing,91.6,Placed,0,0.046
STU-0715,24CS815,CSE,3,74.9,7.99,7.86,stable,0,79.4,72.8,61,67.4,,70.8,Not Eligible,0,0.098
STU-0684,23CS784,CSE,6,93.2,7.56,7.6,stable,0,61.4,93.3,128,69.8,Completed,58.2,Eligible,0,0.114
STU-8186,24CI186,Civil,3,66.7,6.68,6.8,stable,0,59.2,69.9,64,58.9,,82.2,Not Eligible,0,0.277
STU-0355,25CS455,CSE,1,84.1,6.75,6.8,stable,0,70.9,75.8,18,54.4,,74.6,Not Eligible,0,0.132
STU-3969,24EC469,ECE,3,87.8,6.71,6.67,stable,0,71.4,81.4,64,77.3,,46.6,Not Eligible,0,0.132
STU-3761,23EC261,ECE,5,75.2,7.75,7.6,improving,0,75.9,76.0,105,87.5,,75.4,Eligible,0,0.115
STU-8010,23CI910,Civil,5,68.4,6.37,7.01,declining,0,70.1,71.0,103,52.0,Completed,67.7,In Process,0,0.385
STU-5852,25EE552,EEE,2,79.2,7.71,8.67,declining,0,79.6,69.1,40,59.8,,88.9,Not Eligible,0,0.333
STU-0924,22CS124,CSE,7,85.5,9.61,9.26,improving,0,96.1,84.6,143,50.7,Completed,98.0,Placed,0,0.063
STU-7294,24ME194,Mechanical,3,84.3,5.8,5.96,declining,0,58.3,72.7,64,82.1,,84.6,Not Eligible,0,0.229
STU-0771,25CS871,CSE,1,91.6,8.61,8.71,stable,0,90.1,78.2,18,65.6,,69.5,Not Eligible,0,0.073
STU-5989,23EE689,EEE,6,75.1,7.3,7.41,stable,0,72.9,81.7,126,55.2,,62.9,Eligible,0,0.104
STU-2905,25IT305,IT,1,75.8,6.8,6.93,stable,0,65.0,74.0,18,57.5,,64.7,Not Eligible,0,0.065
STU-6357,25ME157,Mechanical,2,73.7,5.1,5.5,declining,3,60.0,66.5,26,51.3,,50.3,Not Eligible,1,0.925
STU-7673,22CI573,Civil,8,81.4,6.25,5.71,improving,4,58.6,70.6,152,44.6,,58.5,In Process,1,0.84
STU-2853,22IT253,IT,8,74.0,7.15,7.3,declining,0,71.7,72.7,166,63.2,Completed,77.5,In Process,0,0.122
STU-7302,22ME202,Mechanical,8,79.1,7.52,7.28,improving,0,77.2,68.3,170,64.1,Completed,76.2,Placed,0,0.118
STU-6825,25ME625,Mechanical,2,84.9,7.68,8.11,declining,0,77.9,75.7,44,67.7,,98.0,Not Eligible,0,0.242
STU-3441,24IT841,IT,4,85.6,9.95,10.0,stable,0,89.2,75.6,82,35.4,Ongoing,93.0,Not Eligible,0,0.083
STU-4811,22EC411,ECE,8,87.5,8.56,8.68,stable,0,86.3,85.4,164,56.2,Completed,97.2,Placed,0,0.154
STU-1265,25CS465,CSE,1,82.1,7.51,7.42,stable,0,74.6,69.0,21,59.6,,55.6,Not Eligible,0,0.053
STU-3027,22IT427,IT,7,82.1,6.26,6.33,stable,0,59.1,99.2,143,60.9,Completed,76.2,Placed,0,0.075
STU-3325,24IT725,IT,4,89.1,7.02,6.54,improving,0,64.2,97.0,85,87.7,Ongoing,67.3,Not Eligible,0,0.067
STU-0403,24CS503,CSE,4,59.9,8.34,8.25,stable,0,80.0,57.4,85,65.1,,71.9,Not Eligible,1,0.683
STU-3020,23IT420,IT,5,73.8,7.11,7.28,declining,0,79.1,75.4,105,86.1,Completed,66.5,Eligible,0,0.197
STU-0067,25CS167,CSE,2,84.5,8.75,9.04,declining,0,94.4,79.5,43,85.8,,78.7,Not Eligible,0,0.094
STU-2111,25CS411,CSE,2,83.2,7.29,7.47,declining,0,81.2,88.4,42,62.2,,60.8,Not Eligible,0,0.095
STU-3001,25IT401,IT,2,96.0,7.76,7.96,declining,0,76.7,93.7,42,42.4,,64.9,Not Eligible,0,0.125
STU-0134,24CS234,CSE,3,86.0,9.26,9.39,stable,0,92.4,73.3,64,46.2,,74.9,Not Eligible,0,0.11
STU-5943,23EE643,EEE,6,76.9,6.96,7.32,declining,0,67.5,75.8,124,80.2,Ongoing,79.5,Eligible,0,0.1
STU-0327,23CS427,CSE,5,92.5,7.59,7.6,stable,0,69.6,80.1,103,66.7,,54.9,Eligible,0,0.079
STU-6722,23ME522,Mechanical,5,72.8,7.26,6.83,improving,0,70.9,75.5,105,98.0,Ongoing,61.0,Eligible,0,0.105
STU-6769,24ME569,Mechanical,4,61.5,6.41,6.83,declining,1,69.2,54.4,82,70.1,,46.7,Not Eligible,1,0.882
STU-7370,24ME270,Mechanical,3,77.4,6.47,6.82,declining,0,69.8,79.4,64,84.8,,59.6,Not Eligible,0,0.237
STU-0402,22CS502,CSE,8,71.8,8.86,8.98,stable,0,86.8,73.4,170,45.1,Completed,81.3,Placed,0,0.126
STU-1137,22CS337,CSE,7,97.2,7.77,8.21,declining,0,77.2,98.0,145,43.4,Completed,96.3,Placed,0,0.283
STU-7651,25CI551,Civil,2,68.4,6.99,7.58,declining,3,73.4,77.4,28,70.3,,72.8,Not Eligible,1,0.909
STU-3839,25EC339,ECE,2,64.5,7.85,7.94,stable,1,79.5,61.0,38,63.4,,68.2,Not Eligible,0,0.399
STU-0986,24CS186,CSE,4,87.0,7.93,8.12,declining,0,80.8,73.8,80,37.6,,78.1,Not Eligible,0,0.104
STU-6543,22ME343,Mechanical,8,65.6,7.35,7.47,stable,0,68.3,67.7,166,49.3,Completed,68.8,Not Eligible,0,0.183
STU-4016,24EC516,ECE,4,79.0,8.57,8.32,improving,0,89.6,79.6,84,71.7,,83.5,Not Eligible,0,0.066
STU-5088,23EC688,ECE,5,76.5,7.36,7.58,declining,0,77.4,84.5,107,54.5,,85.2,Eligible,0,0.124
STU-0982,22CS182,CSE,7,94.5,8.92,7.98,improving,0,83.6,94.9,147,51.8,,89.3,Placed,0,0.061
STU-2094,23CS394,CSE,5,81.7,6.87,6.8,stable,0,64.5,74.2,107,93.7,Ongoing,56.5,Eligible,0,0.068
STU-5433,23EE133,EEE,5,85.1,7.06,7.45,declining,1,72.3,81.8,97,63.5,,72.1,In Process,0,0.246
STU-8116,25CI116,Civil,1,75.1,6.15,6.62,declining,0,56.8,73.0,19,53.0,,83.5,Not Eligible,0,0.32
STU-7682,25CI582,Civil,2,77.4,6.93,6.95,stable,0,76.3,69.6,44,37.8,,83.9,Not Eligible,0,0.101
STU-1924,24CS224,CSE,3,69.0,7.21,6.98,improving,4,73.6,73.4,47,63.0,,91.3,Not Eligible,1,0.777
STU-7125,25ME925,Mechanical,1,73.1,7.44,6.8,improving,0,75.2,73.2,22,56.9,,85.9,Not Eligible,0,0.089
STU-5866,22EE566,EEE,7,89.6,7.32,7.3,stable,0,72.9,81.5,148,89.3,,85.8,Placed,0,0.099
STU-0648,23CS748,CSE,6,90.2,8.33,8.83,declining,0,87.0,90.2,124,24.5,,82.4,Eligible,0,0.28
STU-5185,25EC785,ECE,1,89.9,7.23,7.35,stable,0,68.2,87.9,21,35.4,,55.1,Not Eligible,0,0.178
STU-1189,24CS389,CSE,3,89.2,8.3,7.79,improving,0,84.7,80.8,59,72.9,,75.6,Not Eligible,0,0.072
STU-3377,24IT777,IT,3,78.9,8.82,8.84,stable,0,89.5,75.9,64,44.5,,93.4,Not Eligible,0,0.058
STU-7976,25CI876,Civil,1,74.1,6.06,5.89,improving,0,51.9,75.1,22,68.1,,55.8,Not Eligible,0,0.171
STU-2973,25IT373,IT,2,93.2,6.54,6.06,improving,0,56.0,93.6,40,51.4,Ongoing,63.3,Not Eligible,0,0.165
STU-5243,22EE843,EEE,7,86.0,9.16,8.8,improving,0,97.6,86.7,147,58.5,Completed,98.0,Placed,0,0.062
STU-7103,24ME903,Mechanical,4,93.6,8.17,8.35,declining,0,73.4,91.4,84,91.6,,64.5,Not Eligible,0,0.095
STU-0629,25CS729,CSE,1,77.2,7.73,7.69,stable,0,70.5,83.7,19,33.8,,52.2,Not Eligible,0,0.113
STU-3012,23IT412,IT,6,86.4,7.53,7.5,stable,0,69.9,85.2,128,43.8,Completed,68.8,Eligible,0,0.074
STU-2922,23IT322,IT,6,92.5,9.36,9.47,stable,0,96.3,90.3,128,94.0,Completed,85.1,Eligible,0,0.093
STU-2466,25IT766,IT,2,70.6,8.5,8.77,declining,0,90.1,76.5,42,68.5,,73.2,Not Eligible,0,0.093
STU-1650,23CS850,CSE,6,82.8,9.02,9.27,declining,0,84.8,85.6,126,67.1,,86.2,Eligible,0,0.117
STU-6221,22EE921,EEE,8,61.3,8.67,8.76,stable,0,82.8,73.5,164,57.1,Completed,78.8,Placed,1,0.585
STU-5706,23EE406,EEE,5,79.8,6.8,6.53,improving,0,67.7,75.8,103,61.7,Completed,70.1,Eligible,0,0.08
STU-3329,22IT729,IT,7,76.2,7.34,6.81,improving,0,78.7,72.0,149,25.8,Completed,56.5,Placed,0,0.114
STU-7559,25ME459,Mechanical,1,75.3,5.77,5.69,stable,0,58.4,70.1,23,56.3,,60.3,Not Eligible,0,0.248
STU-5948,22EE648,EEE,8,79.4,8.7,8.8,stable,0,90.6,83.9,164,73.0,Completed,74.5,Placed,0,0.071
STU-4305,24EC805,ECE,3,81.2,8.04,8.45,declining,0,80.4,80.3,59,72.4,,81.2,Not Eligible,0,0.125
STU-0226,25CS326,CSE,2,72.9,9.49,9.15,improving,0,94.5,72.4,44,54.5,,95.9,Not Eligible,0,0.065
STU-1444,24CS644,CSE,4,91.5,8.61,8.43,improving,0,90.1,84.7,80,87.0,,88.8,Not Eligible,0,0.14
STU-2280,22IT580,IT,7,87.9,7.91,8.74,declining,0,84.1,84.6,145,46.3,Ongoing,78.8,Placed,0,0.332
STU-6540,25ME340,Mechanical,1,72.0,7.22,6.61,improving,0,73.7,65.6,23,49.8,,74.8,Not Eligible,0,0.114
STU-6334,23ME134,Mechanical,6,72.3,7.94,7.77,improving,0,83.8,70.0,122,60.6,,73.9,Eligible,0,0.115
STU-6474,23ME274,Mechanical,6,74.6,7.41,7.57,declining,0,72.3,81.1,127,57.1,,41.8,Eligible,0,0.096
STU-4510,23EC110,ECE,5,84.8,7.51,8.13,declining,0,71.5,85.2,106,38.8,Completed,79.1,Eligible,0,0.353
STU-7733,23CI633,Civil,5,86.8,6.6,7.07,declining,0,61.4,80.3,105,31.7,,65.9,Eligible,0,0.127
STU-6425,24ME225,Mechanical,3,93.4,8.19,7.19,improving,0,94.0,95.6,59,44.0,,76.9,Not Eligible,0,0.074
STU-4174,24EC674,ECE,4,94.6,8.14,7.91,improving,0,79.7,99.8,84,31.0,,79.2,Not Eligible,0,0.083
STU-7687,23CI587,Civil,5,82.2,7.11,7.23,stable,0,66.7,76.7,107,61.5,Completed,66.6,Eligible,0,0.117
STU-8178,24CI178,Civil,3,93.3,5.79,5.72,stable,0,62.3,86.4,63,30.7,Ongoing,62.7,Not Eligible,0,0.134
STU-6438,23ME238,Mechanical,6,68.9,6.62,6.76,stable,1,57.4,72.9,122,81.3,Completed,61.0,In Process,0,0.352
STU-4336,22EC836,ECE,7,87.0,8.44,8.56,stable,0,81.2,87.0,148,78.5,,80.6,Placed,0,0.152
STU-3299,25IT699,IT,2,96.5,7.25,6.71,improving,0,74.2,96.6,40,50.0,Ongoing,98.0,Not Eligible,0,0.121
STU-3580,25EC980,ECE,1,97.1,7.17,7.02,improving,0,77.1,89.2,21,77.1,,68.4,Not Eligible,0,0.041
STU-2793,23IT193,IT,6,74.0,8.34,8.32,stable,0,79.8,92.1,126,74.3,,90.0,Eligible,0,0.254
STU-3819,24EC319,ECE,3,96.1,7.63,7.24,improving,0,68.6,100.0,63,68.7,Ongoing,72.8,Not Eligible,0,0.106
STU-2455,22IT755,IT,8,84.8,6.35,6.18,improving,0,62.7,74.6,170,61.4,,69.4,In Process,0,0.138
STU-2264,24IT564,IT,4,79.5,7.55,7.51,stable,0,68.4,85.3,80,73.4,,83.2,Not Eligible,0,0.091
STU-1813,24CS113,CSE,3,92.0,7.73,7.44,improving,0,83.7,82.4,65,30.5,,68.8,Not Eligible,0,0.164
STU-4623,24EC223,ECE,4,90.2,6.14,5.73,improving,0,59.6,91.1,80,69.5,,26.8,Not Eligible,0,0.14
STU-2911,23IT311,IT,6,78.0,6.91,7.1,declining,0,70.3,84.2,122,5.0,,59.7,Eligible,0,0.198
STU-7013,25ME813,Mechanical,2,73.8,8.36,8.41,stable,0,83.7,79.1,43,86.4,,67.2,Not Eligible,0,0.08
STU-8362,22CI362,Civil,8,63.4,6.38,6.13,improving,0,69.3,78.5,164,82.4,,64.5,In Process,1,0.599
STU-2181,22IT481,IT,7,68.4,7.97,8.1,stable,0,79.0,69.6,147,71.7,Completed,98.0,Placed,0,0.12
STU-4929,23EC529,ECE,6,76.4,8.14,7.95,improving,0,83.7,73.5,127,48.4,Completed,98.0,Eligible,0,0.136
STU-6496,25ME296,Mechanical,1,64.1,9.78,10.0,declining,0,99.0,58.1,23,54.0,,84.3,Not Eligible,0,0.305
STU-4495,22EC995,ECE,7,74.6,8.34,7.95,improving,2,85.8,69.8,137,98.0,Completed,73.4,Placed,0,0.294
STU-3729,22EC229,ECE,8,87.3,7.98,7.99,stable,0,77.9,84.9,168,84.4,Completed,65.9,Placed,0,0.08
STU-5186,24EC786,ECE,3,70.9,7.3,7.03,improving,1,69.4,70.0,60,90.6,,84.2,Not Eligible,0,0.342
STU-4814,23EC414,ECE,6,75.8,7.43,7.2,improving,0,79.2,73.2,124,57.8,,78.4,Eligible,0,0.128
STU-3853,22EC353,ECE,8,84.5,6.74,7.1,declining,0,66.8,77.9,170,74.4,,86.7,Placed,0,0.071
STU-1470,22CS670,CSE,7,77.9,8.75,8.13,improving,0,87.9,77.6,145,58.5,Completed,95.6,Placed,0,0.093
STU-8032,23CI932,Civil,5,87.2,6.58,7.11,declining,0,63.0,97.4,105,59.1,,82.8,Eligible,0,0.282
STU-3024,22IT424,IT,7,63.9,7.77,7.99,declining,0,82.2,76.1,148,70.9,Completed,85.6,Placed,0,0.268
STU-4288,24EC788,ECE,3,81.1,7.11,6.81,improving,0,77.3,81.8,65,72.7,,90.2,Not Eligible,0,0.115
STU-6033,22EE733,EEE,8,64.1,8.58,8.53,stable,3,77.0,59.4,154,62.7,,68.7,In Process,1,0.777
STU-5046,23EC646,ECE,6,78.1,7.46,7.57,stable,0,78.5,86.2,122,49.6,Ongoing,72.9,Eligible,0,0.104
STU-5207,25EE807,EEE,2,73.7,6.71,6.43,improving,1,65.1,70.8,36,89.2,,74.2,Not Eligible,0,0.266
STU-6929,25ME729,Mechanical,2,88.7,7.67,8.0,declining,0,79.1,92.6,44,92.7,,77.1,Not Eligible,0,0.12
STU-8122,22CI122,Civil,7,89.0,7.74,7.96,declining,0,74.6,89.4,147,69.3,,93.3,Placed,0,0.124
STU-1294,23CS494,CSE,6,78.7,6.73,6.46,improving,0,61.4,70.0,127,67.8,,74.0,Eligible,0,0.074
STU-2453,25IT753,IT,2,92.0,8.76,8.86,stable,0,76.6,92.6,38,94.1,,64.8,Not Eligible,0,0.092
STU-2348,24IT648,IT,3,81.6,7.64,7.27,improving,0,68.2,75.3,65,34.4,,80.0,Not Eligible,0,0.104
STU-3371,22IT771,IT,8,93.4,7.99,8.04,stable,0,78.6,81.0,164,53.3,Completed,92.7,Placed,0,0.076
STU-3779,22EC279,ECE,8,88.1,8.48,8.75,declining,0,82.2,85.4,170,70.3,,77.4,Placed,0,0.141
STU-3272,23IT672,IT,6,78.9,9.09,8.79,improving,0,90.2,73.0,124,58.9,Completed,72.0,Eligible,0,0.135
STU-3483,22IT883,IT,8,99.0,7.43,6.64,improving,0,72.9,100.0,168,22.5,,71.0,In Process,0,0.11
STU-1812,22CS112,CSE,7,81.5,8.23,8.09,stable,0,78.3,83.6,145,59.2,Completed,81.9,Placed,0,0.105
STU-3315,25IT715,IT,2,90.0,8.94,8.87,stable,0,85.1,92.1,38,44.9,,98.0,Not Eligible,0,0.093
STU-3706,25EC206,ECE,2,75.1,6.94,6.87,stable,1,75.1,78.8,34,76.3,,49.9,Not Eligible,0,0.129
STU-2808,25IT208,IT,2,79.8,9.95,10.0,stable,2,98.4,74.6,34,50.8,,77.5,Not Eligible,0,0.498
STU-4202,22EC702,ECE,8,86.0,7.55,7.97,declining,0,77.3,95.2,168,33.4,Completed,73.2,Placed,0,0.112
STU-5229,24EE829,EEE,3,84.9,6.54,6.7,declining,0,69.4,69.7,59,68.6,,63.4,Not Eligible,0,0.223
STU-2056,23CS356,CSE,6,80.7,7.0,6.97,stable,0,70.0,73.6,128,33.8,Completed,85.0,Eligible,0,0.054
STU-8367,23CI367,Civil,5,75.0,7.51,7.38,stable,0,78.3,67.0,107,68.5,,87.6,Eligible,0,0.057
STU-6410,23ME210,Mechanical,6,75.6,7.1,6.79,improving,0,73.5,81.5,126,98.0,Completed,85.4,Eligible,0,0.115
STU-0024,24CS124,CSE,3,74.9,7.75,6.99,improving,0,81.4,70.4,63,90.7,,56.0,Not Eligible,0,0.111
STU-8336,24CI336,Civil,3,81.3,6.68,6.3,improving,0,65.8,74.4,64,86.6,,59.3,Not Eligible,0,0.129
STU-1730,23CS930,CSE,5,79.6,7.64,7.38,improving,0,76.1,77.7,106,62.8,Completed,69.1,Eligible,0,0.083
STU-3077,25IT477,IT,1,86.5,7.8,7.73,stable,0,81.2,69.5,18,60.3,,59.7,Not Eligible,0,0.078
STU-4349,22EC849,ECE,7,84.5,6.73,6.71,stable,0,75.7,80.0,147,71.7,Completed,57.1,In Process,0,0.062
STU-7825,24CI725,Civil,4,72.4,6.68,6.56,stable,0,77.3,64.1,84,26.0,,74.9,Not Eligible,0,0.085
STU-3366,24IT766,IT,4,80.1,7.23,7.65,declining,0,69.4,76.2,80,56.7,,81.1,Not Eligible,0,0.181
STU-5096,23EC696,ECE,6,71.9,7.23,7.2,stable,2,74.5,72.8,120,59.7,,74.7,In Process,1,0.511
STU-4309,22EC809,ECE,8,86.2,7.34,7.06,improving,0,78.5,73.5,169,85.6,,82.4,In Process,0,0.035
STU-4857,22EC457,ECE,7,74.1,7.31,7.09,improving,0,75.7,61.3,149,70.7,Completed,68.3,Not Eligible,0,0.071
STU-3734,23EC234,ECE,6,73.9,7.39,7.95,declining,2,80.7,70.9,119,39.8,,57.2,In Process,1,0.576
STU-6668,24ME468,Mechanical,3,69.1,7.07,7.01,stable,1,74.1,69.4,57,35.5,,69.5,Not Eligible,0,0.269
STU-7279,22ME179,Mechanical,8,73.4,6.54,6.7,declining,1,62.6,81.3,165,98.0,,63.4,In Process,0,0.283
STU-6647,23ME447,Mechanical,5,69.0,7.56,7.39,improving,0,70.7,64.3,106,65.2,,74.5,Eligible,0,0.107
STU-1457,23CS657,CSE,6,80.8,7.86,8.28,declining,0,77.0,79.0,122,88.7,Completed,90.4,Eligible,0,0.232
STU-0094,23CS194,CSE,5,91.6,8.97,9.14,declining,0,86.2,86.1,107,19.1,Completed,86.9,Eligible,0,0.194
STU-4519,22EC119,ECE,8,82.6,7.97,8.73,declining,0,77.8,86.8,169,51.2,Completed,90.5,Placed,0,0.129
STU-6047,23EE747,EEE,5,71.7,7.35,7.48,stable,1,72.0,75.8,102,76.7,,66.8,In Process,0,0.255
STU-1424,25CS624,CSE,2,74.8,7.91,7.19,improving,0,81.4,71.1,44,56.0,,78.6,Not Eligible,0,0.053
STU-6295,23EE995,EEE,6,80.1,6.67,6.06,improving,0,62.9,72.7,127,20.4,Ongoing,53.8,Eligible,0,0.109
STU-2176,22IT476,IT,8,78.0,8.17,7.69,improving,0,84.3,71.8,168,63.8,Completed,91.9,Placed,0,0.061
STU-0780,23CS880,CSE,6,82.8,7.81,7.6,improving,0,78.8,85.0,124,65.7,Completed,76.9,Eligible,0,0.069
STU-0166,22CS266,CSE,7,99.0,8.19,8.06,stable,0,79.8,90.5,148,55.0,Completed,98.0,Placed,0,0.088
STU-5793,23EE493,EEE,5,73.2,7.08,6.96,stable,0,68.2,64.5,106,63.2,,71.5,Eligible,0,0.105
STU-4436,25EC936,ECE,1,86.4,7.46,7.97,declining,0,72.8,83.7,23,32.1,Ongoing,79.8,Not Eligible,0,0.214
STU-4093,23EC593,ECE,6,81.4,7.05,7.34,declining,0,61.8,78.6,128,40.2,Completed,56.9,Eligible,0,0.125
STU-0181,24CS281,CSE,3,88.8,7.15,6.82,improving,0,70.3,76.5,61,66.3,,77.1,Not Eligible,0,0.063
STU-1365,23CS565,CSE,6,86.8,9.14,9.33,declining,0,94.4,91.7,124,78.5,Completed,86.3,Eligible,0,0.11
STU-4379,24EC879,ECE,3,71.4,7.25,7.44,declining,0,73.3,67.9,64,52.1,,57.9,Not Eligible,0,0.192
STU-3928,22EC428,ECE,7,82.4,7.35,7.5,declining,0,75.4,77.1,148,53.4,,81.5,Placed,0,0.11
STU-4497,25EC997,ECE,1,73.5,5.94,5.92,stable,0,61.6,78.3,18,65.9,,49.2,Not Eligible,0,0.116
STU-3416,24IT816,IT,4,84.0,8.69,8.58,stable,0,96.6,79.2,80,47.2,,61.8,Not Eligible,0,0.098
STU-7283,24ME183,Mechanical,3,78.0,6.14,6.19,stable,1,59.1,76.5,60,75.9,,52.2,Not Eligible,0,0.354
STU-2873,24IT273,IT,3,93.7,8.53,8.61,stable,0,92.6,100.0,59,45.5,,98.0,Not Eligible,0,0.117
STU-7590,22CI490,Civil,8,87.5,7.64,7.43,improving,0,72.7,92.3,168,46.8,Completed,92.1,In Process,0,0.073
STU-6203,25EE903,EEE,2,82.3,6.93,7.39,declining,0,63.3,77.8,42,97.0,,64.0,Not Eligible,0,0.141
STU-4396,25EC896,ECE,2,94.3,5.97,5.95,stable,0,51.4,95.5,38,51.8,,62.3,Not Eligible,0,0.21
STU-6300,22EE100,EEE,7,75.8,6.58,6.28,improving,0,61.4,80.4,149,70.9,Completed,57.4,Placed,0,0.194
STU-2759,25IT159,IT,1,83.3,8.29,8.49,declining,0,83.7,86.0,19,27.9,,95.4,Not Eligible,0,0.153
STU-4918,22EC518,ECE,8,73.4,8.47,8.07,improving,0,92.1,75.2,164,95.8,Completed,73.3,Placed,0,0.149
STU-1592,22CS792,CSE,8,72.2,7.5,7.6,stable,0,67.1,73.2,164,50.4,Completed,67.1,Placed,0,0.15
STU-2704,24IT104,IT,4,79.2,7.59,7.69,stable,0,70.9,78.4,84,43.3,,90.9,Not Eligible,0,0.101
STU-5401,24EE101,EEE,3,78.8,6.42,6.45,stable,0,68.7,78.9,64,73.4,,45.1,Not Eligible,0,0.055
STU-3467,24IT867,IT,3,87.3,8.79,8.69,stable,0,89.2,82.0,59,88.9,,92.5,Not Eligible,0,0.062
STU-3045,25IT445,IT,2,88.4,7.2,7.0,improving,0,72.6,89.5,38,85.8,Ongoing,68.2,Not Eligible,0,0.041
STU-3398,23IT798,IT,6,88.0,8.36,8.63,declining,2,87.2,92.0,119,50.7,Completed,91.6,In Process,0,0.41
STU-6219,22EE919,EEE,7,70.1,6.78,6.89,stable,0,69.3,91.6,143,52.2,,61.5,Placed,0,0.137
STU-6902,24ME702,Mechanical,3,81.2,6.95,6.78,improving,0,70.7,82.4,59,55.4,,79.9,Not Eligible,0,0.096
STU-1122,22CS322,CSE,8,81.5,7.91,7.88,stable,0,77.3,68.8,164,56.0,Completed,61.9,Placed,0,0.119
STU-1063,22CS263,CSE,7,85.7,7.62,7.58,stable,0,67.7,90.4,148,57.6,Ongoing,71.4,Placed,0,0.078
STU-3098,24IT498,IT,3,77.3,8.86,8.19,improving,0,82.9,87.7,64,57.3,Ongoing,98.0,Not Eligible,0,0.061
STU-5821,24EE521,EEE,3,76.1,7.09,6.92,improving,0,71.9,80.2,65,83.2,Ongoing,70.6,Not Eligible,0,0.052
STU-4029,25EC529,ECE,1,79.6,8.87,8.92,stable,0,89.5,80.4,23,87.8,,84.1,Not Eligible,0,0.035
STU-2122,24CS422,CSE,4,69.2,7.08,7.14,stable,2,64.8,75.6,74,48.8,Ongoing,88.9,Not Eligible,0,0.358
STU-4353,22EC853,ECE,8,83.1,5.96,6.26,declining,2,55.5,82.4,161,20.8,Ongoing,40.9,Not Eligible,1,0.862
STU-2614,25IT914,IT,1,75.0,7.58,7.26,improving,0,68.9,81.7,19,32.7,Ongoing,69.5,Not Eligible,0,0.117
STU-8284,24CI284,Civil,3,69.2,7.86,8.78,declining,0,82.0,69.0,63,62.0,,73.6,Not Eligible,0,0.445
STU-0811,22CS911,CSE,8,81.8,7.47,7.77,declining,0,81.6,79.6,164,96.4,Ongoing,77.8,In Process,0,0.1
STU-5078,23EC678,ECE,6,75.4,6.94,7.14,declining,1,70.3,68.9,122,34.9,,51.1,In Process,0,0.225
STU-2026,24CS326,CSE,3,86.8,7.79,7.17,improving,0,77.1,82.7,61,41.7,,60.6,Not Eligible,0,0.062
STU-1201,23CS401,CSE,6,90.4,7.51,7.7,declining,2,71.9,100.0,114,43.1,,74.4,In Process,0,0.311
STU-6120,22EE820,EEE,7,79.1,6.85,6.74,stable,0,69.2,74.4,143,41.1,Completed,65.8,Placed,0,0.074
STU-5161,25EC761,ECE,1,82.9,8.6,8.17,improving,0,85.3,80.6,22,58.8,,75.8,Not Eligible,0,0.052
STU-0695,25CS795,CSE,1,87.8,9.02,9.53,declining,0,94.1,80.5,22,35.8,,79.7,Not Eligible,0,0.19
STU-0021,23CS121,CSE,5,81.5,9.15,9.16,stable,0,93.6,74.2,107,56.8,Ongoing,66.1,Eligible,0,0.067
STU-6709,25ME509,Mechanical,1,90.7,8.0,7.47,improving,0,76.4,92.2,21,67.1,Ongoing,90.0,Not Eligible,0,0.059
STU-7839,24CI739,Civil,3,97.1,6.82,6.27,improving,0,70.5,84.8,64,55.9,,76.4,Not Eligible,0,0.09
STU-6903,23ME703,Mechanical,6,87.4,6.82,6.32,improving,0,76.4,87.4,124,70.2,,35.9,Eligible,0,0.08
STU-6783,22ME583,Mechanical,7,75.8,9.12,9.27,declining,0,97.3,88.5,148,98.0,Completed,78.5,Placed,0,0.091
STU-1485,24CS685,CSE,3,79.3,8.84,8.95,stable,0,86.4,77.3,64,64.7,,82.0,Not Eligible,0,0.131
STU-7316,23ME216,Mechanical,6,63.1,6.11,6.01,stable,1,59.2,56.5,122,85.5,,51.6,In Process,1,0.778
STU-4660,22EC260,ECE,7,96.1,7.96,7.85,stable,0,87.7,87.5,149,59.4,Completed,70.6,Placed,0,0.054
STU-0397,22CS497,CSE,7,95.1,7.56,7.68,stable,0,81.2,81.9,145,81.7,Completed,70.5,Placed,0,0.099
STU-4301,22EC801,ECE,7,89.9,6.45,6.19,improving,0,62.6,100.0,147,73.1,Completed,57.2,Placed,0,0.051
STU-0237,24CS337,CSE,3,75.2,7.75,7.84,stable,0,69.6,77.6,61,39.8,,68.3,Not Eligible,0,0.121
STU-8123,25CI123,Civil,2,75.1,8.05,8.9,declining,0,82.0,86.9,43,26.8,,74.2,Not Eligible,0,0.34
STU-4530,22EC130,ECE,8,80.0,5.91,5.74,improving,1,63.6,75.0,162,71.1,,61.8,Not Eligible,0,0.359
STU-8237,24CI237,Civil,3,83.9,6.67,7.58,declining,1,67.8,80.6,61,75.9,,78.2,Not Eligible,0,0.456
STU-7205,25ME105,Mechanical,2,83.2,7.72,7.31,improving,0,72.8,79.9,43,72.9,,66.2,Not Eligible,0,0.058
STU-0859,23CS959,CSE,5,90.4,8.01,8.04,stable,0,79.0,93.5,105,79.9,Completed,78.2,Eligible,0,0.064
STU-3888,24EC388,ECE,4,65.2,7.76,8.24,declining,1,70.5,61.6,78,72.6,,81.0,Not Eligible,1,0.625
STU-7718,23CI618,Civil,6,72.9,6.97,6.99,stable,0,69.7,73.8,128,88.1,,83.1,Eligible,0,0.048
STU-4653,22EC253,ECE,7,82.9,8.55,8.22,improving,0,81.5,79.5,145,72.5,Completed,90.8,Not Eligible,0,0.079
STU-2666,23IT966,IT,6,89.5,9.13,8.47,improving,0,96.4,87.4,126,69.9,Completed,85.5,Eligible,0,0.073
STU-1360,23CS560,CSE,5,84.5,9.0,9.11,stable,0,93.4,87.5,103,69.8,Completed,83.1,Eligible,0,0.047
STU-4981,25EC581,ECE,1,86.4,7.52,7.23,improving,3,71.1,86.6,18,69.5,,71.6,Not Eligible,1,0.685
STU-4633,23EC233,ECE,5,82.7,6.18,5.46,improving,0,64.0,84.9,107,76.8,,55.6,In Process,0,0.094
STU-6611,24ME411,Mechanical,4,86.3,7.53,7.5,stable,0,75.4,95.1,82,29.5,,65.5,Not Eligible,0,0.142
STU-1571,23CS771,CSE,5,95.8,7.4,7.29,stable,0,74.8,90.4,101,51.9,,77.2,Eligible,0,0.062
STU-5430,25EE130,EEE,1,88.4,7.89,7.71,improving,0,72.8,100.0,23,74.3,,57.8,Not Eligible,0,0.078
STU-6713,23ME513,Mechanical,6,66.5,8.46,8.06,improving,0,84.6,80.5,127,65.6,,98.0,Eligible,0,0.255
STU-7184,23ME984,Mechanical,6,65.6,8.09,8.04,stable,0,77.3,75.7,126,62.5,,62.9,Eligible,0,0.212
STU-1795,25CS995,CSE,1,80.1,7.71,7.13,improving,0,73.3,71.7,18,43.9,,65.2,Not Eligible,0,0.08
STU-7367,25ME267,Mechanical,1,75.2,6.99,6.58,improving,0,75.9,69.0,18,47.6,,77.9,Not Eligible,0,0.169
STU-1692,24CS892,CSE,4,88.1,9.47,9.26,improving,0,99.0,81.4,85,56.3,,73.7,Not Eligible,0,0.054
STU-5521,25EE221,EEE,2,67.0,9.55,9.07,improving,0,93.7,67.3,40,65.4,,71.9,Not Eligible,0,0.177
STU-6207,22EE907,EEE,8,71.9,7.46,7.44,stable,0,70.0,70.2,166,50.1,,70.2,Placed,0,0.126
STU-1658,24CS858,CSE,3,75.5,7.26,7.25,stable,0,75.5,81.4,61,48.8,Ongoing,90.4,Not Eligible,0,0.092
STU-3148,25IT548,IT,2,91.6,8.86,8.71,improving,0,87.4,98.9,40,38.9,,98.0,Not Eligible,0,0.1
STU-2196,23IT496,IT,6,74.5,6.85,7.08,declining,2,71.9,74.4,119,88.6,Completed,77.8,In Process,0,0.375
STU-6987,22ME787,Mechanical,8,74.0,6.48,6.7,declining,0,69.5,57.6,166,71.1,Ongoing,74.2,In Process,0,0.189
STU-7691,24CI591,Civil,3,72.3,6.92,6.68,improving,1,68.6,64.9,59,81.5,Ongoing,48.4,Not Eligible,0,0.268
STU-1737,24CS937,CSE,4,95.4,8.06,7.9,improving,0,93.2,98.5,86,39.7,,96.4,Not Eligible,0,0.115
STU-6039,24EE739,EEE,3,88.5,6.83,7.05,declining,0,68.9,76.1,63,72.0,,58.0,Not Eligible,0,0.107
STU-0438,22CS538,CSE,7,88.7,7.15,6.67,improving,0,76.0,95.6,145,72.7,Completed,63.5,In Process,0,0.056
STU-1711,25CS911,CSE,2,76.0,7.67,8.29,declining,0,74.0,65.8,43,52.9,Ongoing,74.9,Not Eligible,0,0.229
STU-6925,25ME725,Mechanical,2,73.8,8.31,8.42,stable,0,87.8,64.3,42,70.7,,84.0,Not Eligible,0,0.077
STU-6352,24ME152,Mechanical,4,82.3,5.84,5.44,improving,0,56.2,74.3,86,62.8,,36.3,Not Eligible,0,0.197
STU-0980,23CS180,CSE,5,91.0,9.03,9.44,declining,0,84.8,88.4,106,56.4,Completed,98.0,Eligible,0,0.252
STU-5937,24EE637,EEE,3,86.0,9.95,10.0,stable,0,97.1,90.1,59,98.0,,81.9,Not Eligible,0,0.091
STU-3164,22IT564,IT,8,77.5,7.94,7.96,stable,0,75.1,80.0,170,61.3,Completed,75.4,Placed,0,0.053
STU-0357,25CS457,CSE,1,85.3,7.47,7.25,improving,0,64.1,90.7,21,55.1,,54.0,Not Eligible,0,0.082
STU-4759,25EC359,ECE,2,99.0,9.67,9.81,stable,0,99.0,95.9,40,51.7,,98.0,Not Eligible,0,0.119
STU-2544,23IT844,IT,6,82.0,8.64,9.02,declining,0,87.2,81.8,128,69.9,Completed,89.0,Eligible,0,0.118
STU-1636,25CS836,CSE,2,79.5,6.01,5.95,stable,0,64.1,81.9,40,46.6,,39.4,Not Eligible,0,0.133
STU-4136,23EC636,ECE,6,79.7,7.34,7.17,improving,0,75.4,75.5,122,47.3,Completed,86.5,Eligible,0,0.082
STU-2627,25IT927,IT,2,80.2,8.21,8.58,declining,0,82.9,85.3,43,40.0,,84.2,Not Eligible,0,0.108
STU-0425,25CS525,CSE,1,65.0,8.12,7.77,improving,1,80.8,57.0,18,83.1,,74.4,Not Eligible,1,0.547
STU-5579,23EE279,EEE,6,81.4,7.81,8.51,declining,0,82.3,79.8,128,51.1,Ongoing,75.4,Eligible,0,0.191
STU-7697,22CI597,Civil,7,80.1,7.05,7.12,stable,0,63.0,83.0,147,53.7,,79.8,Placed,0,0.139
STU-3250,25IT650,IT,2,80.9,7.19,7.05,stable,0,72.4,91.1,42,48.1,,70.9,Not Eligible,0,0.081
STU-5845,22EE545,EEE,7,62.8,6.68,7.45,declining,0,62.8,58.2,143,64.4,,65.2,In Process,1,0.782
STU-1550,23CS750,CSE,5,98.3,7.54,7.72,declining,0,72.9,86.6,106,46.7,Ongoing,77.6,Eligible,0,0.08
STU-0556,24CS656,CSE,4,85.0,8.63,8.91,declining,0,85.7,92.5,82,39.4,,67.0,Not Eligible,0,0.165
STU-6577,23ME377,Mechanical,6,82.6,8.89,8.78,stable,0,85.8,87.2,126,72.9,,77.0,Eligible,0,0.15
STU-7014,22ME814,Mechanical,8,75.0,7.57,7.73,declining,0,80.9,80.6,164,68.5,,65.1,In Process,0,0.136
STU-7233,23ME133,Mechanical,6,70.4,7.52,7.34,improving,0,79.3,74.7,128,77.4,Completed,56.7,Eligible,0,0.099
STU-3652,23EC152,ECE,5,88.8,6.54,6.41,stable,0,68.5,73.5,101,40.9,,57.9,Eligible,0,0.116
STU-5844,22EE544,EEE,7,82.2,9.26,8.6,improving,0,97.2,85.8,149,45.4,Completed,90.3,Not Eligible,0,0.118
STU-7910,22CI810,Civil,7,87.2,7.03,7.34,declining,0,67.1,89.3,145,56.4,,67.8,In Process,0,0.092
STU-0917,24CS117,CSE,3,88.0,7.87,7.81,stable,0,79.5,91.4,63,78.1,Ongoing,77.5,Not Eligible,0,0.118
STU-6841,24ME641,Mechanical,4,76.2,8.26,8.12,stable,0,83.2,70.3,82,65.6,,82.5,Not Eligible,0,0.044
STU-3721,24EC221,ECE,3,78.1,8.23,8.05,improving,0,90.2,82.0,61,20.9,,68.0,Not Eligible,0,0.127
STU-6480,22ME280,Mechanical,8,65.5,7.26,6.85,improving,0,77.3,67.6,164,54.0,,80.7,Not Eligible,0,0.408
STU-3426,24IT826,IT,3,82.9,6.88,7.28,declining,0,69.4,88.3,63,26.4,,59.9,Not Eligible,0,0.179
STU-6943,24ME743,Mechanical,4,85.0,8.05,7.87,improving,0,91.8,75.3,80,29.0,,92.8,Not Eligible,0,0.157
STU-2662,23IT962,IT,5,87.3,6.94,6.82,stable,0,65.0,77.9,107,51.6,Ongoing,79.4,Eligible,0,0.15
STU-5750,24EE450,EEE,3,89.0,7.32,7.25,stable,3,81.3,91.0,51,98.0,,75.3,Not Eligible,1,0.689
STU-3007,25IT407,IT,2,85.8,7.18,7.53,declining,0,83.0,74.0,40,67.9,,60.1,Not Eligible,0,0.088
STU-2955,22IT355,IT,7,75.7,7.48,7.34,stable,0,74.6,81.6,147,13.8,Completed,85.4,In Process,0,0.068
STU-7040,25ME840,Mechanical,2,80.6,6.82,6.69,stable,0,65.4,71.7,42,49.1,,71.6,Not Eligible,0,0.06
STU-8365,24CI365,Civil,3,74.8,7.1,7.06,stable,0,77.5,69.7,64,68.3,,61.4,Not Eligible,0,0.068
STU-1821,25CS121,CSE,2,83.2,8.95,9.25,declining,0,88.7,83.7,43,41.0,,65.3,Not Eligible,0,0.315
STU-8354,22CI354,Civil,7,68.6,6.38,6.17,improving,4,58.8,62.7,131,54.2,,65.9,In Process,1,0.907
STU-1430,22CS630,CSE,7,75.8,8.38,8.08,improving,0,80.4,86.2,145,62.4,Completed,60.3,Placed,0,0.12
STU-5132,22EC732,ECE,7,80.5,8.42,8.33,stable,0,84.5,81.5,147,53.2,,83.4,Placed,0,0.053
STU-0344,24CS444,CSE,4,84.6,7.49,7.43,stable,0,74.8,74.6,80,52.9,,86.0,Not Eligible,0,0.066
STU-1515,25CS715,CSE,2,82.4,7.32,7.44,stable,0,75.2,88.3,44,33.6,,83.3,Not Eligible,0,0.071
STU-4742,22EC342,ECE,7,81.1,7.16,7.09,stable,0,71.5,90.5,149,30.9,,54.3,In Process,0,0.15
STU-5009,23EC609,ECE,5,80.9,7.18,7.17,stable,0,76.2,79.2,106,68.8,,81.0,Eligible,0,0.244
STU-0809,24CS909,CSE,4,75.6,8.86,9.17,declining,0,87.9,80.2,84,88.1,,80.6,Not Eligible,0,0.13
STU-0922,24CS122,CSE,4,94.3,8.97,9.03,stable,0,99.0,84.4,85,59.7,,98.0,Not Eligible,0,0.085
STU-7560,23ME460,Mechanical,6,79.0,7.64,7.22,improving,0,82.6,68.3,127,73.9,,72.1,Eligible,0,0.059
STU-3999,24EC499,ECE,3,95.3,8.92,9.01,stable,0,88.8,86.9,64,96.4,,80.6,Not Eligible,0,0.095
STU-3011,23IT411,IT,6,76.4,7.22,6.74,improving,0,68.8,71.3,124,81.2,,76.2,Eligible,0,0.08
STU-1857,23CS157,CSE,6,83.5,9.58,9.86,declining,0,90.9,85.3,128,98.0,Completed,97.7,Eligible,0,0.173
STU-1136,25CS336,CSE,1,66.6,7.65,7.93,declining,0,80.6,66.4,19,38.9,,68.2,Not Eligible,0,0.286
STU-0483,24CS583,CSE,4,84.0,7.07,6.85,improving,0,70.3,88.8,82,70.2,,77.2,Not Eligible,0,0.084
STU-0235,25CS335,CSE,2,91.7,8.58,8.85,declining,0,86.7,82.6,42,69.2,,98.0,Not Eligible,0,0.135
STU-4928,23EC528,ECE,5,83.6,7.51,7.75,declining,0,81.2,81.3,106,78.8,Completed,60.9,Eligible,0,0.152
STU-8264,22CI264,Civil,7,87.2,7.08,6.73,improving,0,71.2,84.0,143,40.2,,67.6,In Process,0,0.135
STU-2364,22IT664,IT,8,83.6,6.59,5.93,improving,0,62.3,79.1,168,58.1,,57.9,Not Eligible,0,0.154
STU-7836,22CI736,Civil,8,82.6,7.01,7.14,stable,0,70.0,74.6,164,54.4,Completed,83.7,In Process,0,0.048
STU-4539,24EC139,ECE,3,84.4,7.75,7.07,improving,1,74.4,86.3,61,21.3,,60.6,Not Eligible,0,0.16
STU-5369,24EE969,EEE,3,94.0,6.93,6.74,improving,0,74.2,93.6,65,61.5,,75.2,Not Eligible,0,0.08
STU-5550,25EE250,EEE,2,85.0,8.52,8.09,improving,0,87.3,80.4,40,67.9,,70.0,Not Eligible,0,0.12
STU-2042,23CS342,CSE,5,96.4,8.4,8.11,improving,0,92.2,94.2,105,74.7,Completed,68.6,Eligible,0,0.139
STU-4975,25EC575,ECE,1,84.0,8.47,8.17,improving,0,85.0,79.9,22,92.6,,73.8,Not Eligible,0,0.094
STU-0635,25CS735,CSE,1,70.0,9.6,9.6,stable,0,91.2,72.6,21,67.4,,95.2,Not Eligible,0,0.139
STU-8258,24CI258,Civil,3,88.5,5.66,5.95,declining,1,57.9,94.9,55,82.1,,60.8,Not Eligible,0,0.492
STU-6273,23EE973,EEE,6,78.0,6.18,6.43,declining,0,57.6,77.5,126,35.0,,71.0,In Process,0,0.178
STU-5511,24EE211,EEE,3,79.9,6.77,6.5,improving,0,73.8,78.5,63,59.7,,58.2,Not Eligible,0,0.069
STU-1909,24CS209,CSE,3,81.8,8.93,8.34,improving,0,91.5,82.1,64,67.2,,63.3,Not Eligible,0,0.126
STU-1823,23CS123,CSE,5,87.8,9.1,9.55,declining,0,86.7,90.9,105,62.2,Completed,98.0,Eligible,0,0.082
STU-0958,25CS158,CSE,1,81.3,8.11,7.92,improving,0,71.3,85.7,21,52.4,,74.6,Not Eligible,0,0.077
STU-4002,22EC502,ECE,7,92.5,8.23,8.39,declining,0,88.6,79.6,143,87.1,Completed,90.6,Placed,0,0.107
STU-5577,25EE277,EEE,2,71.4,7.93,8.1,declining,0,76.4,64.9,43,86.0,,62.4,Not Eligible,0,0.138
STU-3466,24IT866,IT,4,75.7,7.46,6.74,improving,0,85.7,77.2,86,41.1,Ongoing,98.0,Not Eligible,0,0.109
STU-2494,23IT794,IT,5,79.0,7.0,6.93,stable,0,75.1,78.0,103,59.6,Completed,82.4,Eligible,0,0.071
STU-8308,24CI308,Civil,4,78.5,7.86,7.52,improving,0,82.2,77.1,84,55.1,,87.2,Not Eligible,0,0.048
STU-5081,24EC681,ECE,4,95.6,8.48,8.69,declining,0,81.0,99.7,82,18.1,Ongoing,66.3,Not Eligible,0,0.194
STU-5536,22EE236,EEE,8,74.2,6.85,6.56,improving,0,67.2,73.6,169,73.7,Completed,91.4,In Process,0,0.085
STU-7498,23ME398,Mechanical,6,89.6,6.99,6.83,improving,2,74.2,83.3,114,20.9,,63.5,In Process,0,0.45
STU-7991,23CI891,Civil,6,71.0,7.74,8.19,declining,1,74.1,73.5,120,91.5,Completed,87.0,In Process,0,0.314
STU-1746,24CS946,CSE,4,98.3,8.6,8.85,declining,0,79.6,85.4,85,72.4,,90.6,Not Eligible,0,0.114
STU-4350,23EC850,ECE,5,75.9,8.15,7.97,improving,0,77.5,78.3,101,83.7,Ongoing,62.9,Eligible,0,0.071
STU-0670,24CS770,CSE,3,75.1,8.69,9.24,declining,0,89.7,82.0,64,70.1,,98.0,Not Eligible,0,0.134
STU-5102,24EC702,ECE,4,85.6,8.24,8.3,stable,0,88.1,87.1,85,38.4,,77.1,Not Eligible,0,0.142
STU-4270,22EC770,ECE,7,80.4,7.7,7.94,declining,0,70.2,82.8,148,89.7,Completed,72.5,Placed,0,0.168
STU-4501,23EC101,ECE,5,73.8,8.17,8.23,stable,0,77.1,80.4,107,40.8,Completed,78.1,Eligible,0,0.05
STU-0306,22CS406,CSE,8,78.2,8.36,8.65,declining,0,75.3,82.5,164,62.4,,82.9,Placed,0,0.069
STU-8121,22CI121,Civil,7,77.4,7.92,7.85,stable,0,77.5,82.7,148,52.1,Completed,46.7,Placed,0,0.113
STU-1703,24CS903,CSE,3,66.6,8.51,7.97,improving,0,80.0,74.7,65,44.2,,85.7,Not Eligible,0,0.114
STU-1541,23CS741,CSE,6,80.4,8.73,9.47,declining,0,83.3,86.5,127,43.6,,75.8,Eligible,0,0.205
STU-6508,23ME308,Mechanical,5,84.2,6.92,6.89,stable,0,72.2,95.4,106,64.1,,74.2,Eligible,0,0.064
STU-2687,22IT987,IT,8,75.6,9.34,9.47,stable,0,89.8,69.9,168,82.6,Completed,93.5,Placed,0,0.095
STU-1059,24CS259,CSE,4,94.3,8.43,8.61,declining,0,89.2,87.4,86,80.7,,72.1,Not Eligible,0,0.139
STU-5317,23EE917,EEE,6,75.2,8.44,8.79,declining,0,80.1,85.6,128,28.8,Ongoing,47.6,Eligible,0,0.135
STU-0421,22CS521,CSE,7,99.0,8.64,7.85,improving,0,86.7,87.3,143,56.8,Completed,79.4,Placed,0,0.075
STU-5642,23EE342,EEE,5,63.8,8.31,8.05,improving,1,77.9,73.6,99,66.2,Completed,71.0,In Process,1,0.508
STU-3121,22IT521,IT,7,84.9,6.79,6.83,stable,0,64.4,86.5,148,26.3,Completed,52.7,In Process,0,0.198
STU-4466,25EC966,ECE,2,69.9,7.46,7.9,declining,0,74.7,71.6,44,47.5,Ongoing,69.2,Not Eligible,0,0.171
STU-7761,24CI661,Civil,4,76.4,8.22,8.08,stable,0,79.1,81.8,86,38.3,,88.6,Not Eligible,0,0.08
STU-4034,22EC534,ECE,8,78.7,8.37,8.03,improving,0,89.4,74.5,166,37.9,,81.8,Placed,0,0.127
STU-7345,25ME245,Mechanical,1,88.2,7.32,7.28,stable,0,73.8,89.7,23,74.0,,76.7,Not Eligible,0,0.08
STU-7358,25ME258,Mechanical,1,66.2,6.78,6.59,improving,0,64.2,67.2,18,87.7,Ongoing,70.1,Not Eligible,0,0.221
STU-2745,23IT145,IT,6,70.2,7.65,7.31,improving,0,81.4,72.0,126,63.9,Completed,82.1,Eligible,0,0.138
STU-7766,24CI666,Civil,4,79.6,6.09,6.66,declining,0,60.6,68.8,84,70.4,,48.7,Not Eligible,0,0.383
STU-2325,22IT625,IT,7,89.5,9.45,9.75,declining,0,98.9,94.6,147,87.4,,78.0,Placed,0,0.165
STU-4628,24EC228,ECE,3,79.5,8.96,9.23,declining,0,86.1,87.1,64,7.9,,97.1,Not Eligible,0,0.179
STU-3350,24IT750,IT,3,80.1,7.8,8.01,declining,0,81.3,88.1,65,73.0,,79.2,Not Eligible,0,0.109
STU-1024,22CS224,CSE,8,82.3,7.9,7.82,stable,0,74.4,81.6,170,52.5,Completed,68.7,Placed,0,0.094
STU-0706,22CS806,CSE,8,73.5,6.97,6.3,improving,0,65.5,73.5,168,64.8,Completed,89.6,In Process,0,0.099
STU-0071,22CS171,CSE,7,87.2,7.66,7.74,stable,0,76.0,79.9,149,89.1,Completed,54.3,Placed,0,0.092
STU-3705,25EC205,ECE,1,89.1,8.24,8.54,declining,0,75.2,93.2,19,61.9,,83.0,Not Eligible,0,0.12
STU-5811,22EE511,EEE,7,69.7,6.74,6.4,improving,3,63.4,78.2,136,36.6,,56.1,In Process,1,0.62
STU-5721,25EE421,EEE,2,90.4,7.54,7.47,stable,0,74.8,82.4,43,31.5,,69.5,Not Eligible,0,0.163
STU-3936,25EC436,ECE,1,87.5,9.21,9.46,declining,0,86.2,83.5,23,63.6,,79.7,Not Eligible,0,0.109
STU-4204,23EC704,ECE,5,79.0,7.05,6.9,improving,0,71.5,76.9,106,98.0,Completed,71.0,Eligible,0,0.051
STU-5233,23EE833,EEE,5,86.0,7.69,7.77,stable,0,80.0,84.4,105,59.2,,89.4,Eligible,0,0.08
STU-1949,24CS249,CSE,3,70.1,8.78,8.7,stable,0,86.3,78.2,59,66.0,,98.0,Not Eligible,0,0.108
STU-6966,22ME766,Mechanical,7,74.2,8.06,7.3,improving,0,82.1,72.7,143,27.3,,75.3,In Process,0,0.095
STU-7327,22ME227,Mechanical,8,65.6,6.74,6.63,stable,0,58.9,68.7,166,58.0,,75.6,In Process,0,0.217
STU-8398,25CI398,Civil,1,69.2,6.82,6.83,stable,3,69.6,69.4,18,72.2,,74.4,Not Eligible,1,0.648
STU-7820,22CI720,Civil,7,72.0,7.28,7.61,declining,0,74.8,69.1,149,73.4,,67.1,Not Eligible,0,0.204
STU-5151,23EC751,ECE,5,90.5,8.46,8.73,declining,0,86.6,91.1,105,70.0,,98.0,Eligible,0,0.133
STU-3600,22EC100,ECE,7,85.2,8.25,8.4,declining,0,78.5,87.5,149,68.5,,97.0,Placed,0,0.084
STU-5565,23EE265,EEE,5,74.7,7.97,8.07,stable,1,74.2,80.3,99,28.1,Ongoing,86.9,In Process,0,0.29
STU-8200,23CI200,Civil,5,75.0,6.71,7.17,declining,0,65.0,70.3,101,88.2,,68.6,Eligible,0,0.112
STU-7163,25ME963,Mechanical,2,70.2,7.74,8.08,declining,0,79.4,66.5,38,98.0,,85.0,Not Eligible,0,0.135
STU-3460,24IT860,IT,3,95.5,8.43,8.26,improving,0,89.2,93.4,64,72.0,,78.5,Not Eligible,0,0.043
STU-3551,22EC951,ECE,8,78.8,6.8,6.62,improving,0,76.4,75.7,170,42.4,Completed,66.4,In Process,0,0.097
STU-2917,24IT317,IT,3,75.2,7.09,7.05,stable,0,72.5,78.6,64,71.4,,62.4,Not Eligible,0,0.071
STU-1754,25CS954,CSE,2,95.5,9.86,9.89,stable,0,99.0,88.8,44,38.5,,92.2,Not Eligible,0,0.119
STU-3950,22EC450,ECE,7,77.2,7.96,8.38,declining,0,82.9,86.4,148,66.7,Completed,78.9,Placed,0,0.18
STU-5045,25EC645,ECE,1,78.7,6.67,6.99,declining,0,69.3,76.5,22,48.0,,56.0,Not Eligible,0,0.14
STU-5049,24EC649,ECE,4,86.4,8.1,7.59,improving,0,77.8,79.8,80,69.4,,69.5,Not Eligible,0,0.063
STU-5673,24EE373,EEE,4,76.9,6.73,7.11,declining,2,66.1,79.8,72,98.0,,60.5,Not Eligible,1,0.524
STU-7067,25ME867,Mechanical,1,90.2,5.85,5.78,stable,1,60.9,95.6,18,62.9,,54.7,Not Eligible,0,0.318
STU-7838,22CI738,Civil,8,68.0,7.26,7.28,stable,0,69.8,66.9,168,44.5,Completed,78.4,In Process,0,0.194
STU-1818,22CS118,CSE,7,85.4,7.22,7.43,declining,0,71.0,91.0,143,76.3,,58.6,Placed,0,0.163
STU-6739,25ME539,Mechanical,1,90.0,7.09,7.14,stable,1,72.8,99.5,18,83.9,,69.5,Not Eligible,0,0.263
STU-0469,25CS569,CSE,2,84.1,8.14,7.92,improving,0,78.5,77.4,43,38.1,,68.7,Not Eligible,0,0.13
STU-0840,23CS940,CSE,5,60.7,8.81,8.48,improving,0,83.3,74.1,105,54.9,Completed,60.9,Eligible,0,0.357
STU-7174,22ME974,Mechanical,8,89.4,7.72,8.14,declining,0,73.2,95.8,166,97.9,Completed,72.8,Placed,0,0.116
STU-6977,24ME777,Mechanical,4,82.4,8.27,8.11,improving,0,91.8,81.6,85,83.0,,91.3,Not Eligible,0,0.162
STU-1139,24CS339,CSE,4,80.8,8.09,7.8,improving,0,90.7,83.0,84,93.2,,91.7,Not Eligible,0,0.036
STU-5226,24EE826,EEE,4,88.0,5.71,5.1,improving,2,70.1,83.9,74,55.4,,47.8,Not Eligible,1,0.547
STU-1925,22CS225,CSE,7,81.0,9.93,9.17,improving,0,92.3,81.7,148,98.0,Completed,95.1,Placed,0,0.087
STU-0354,25CS454,CSE,2,86.6,8.92,8.99,stable,0,88.1,82.5,38,80.0,,79.2,Not Eligible,0,0.128
STU-0668,25CS768,CSE,2,94.1,9.54,9.36,improving,0,91.7,89.4,44,30.4,,74.1,Not Eligible,0,0.138
STU-2683,25IT983,IT,1,75.7,8.5,8.61,stable,3,89.3,82.2,18,37.5,,72.2,Not Eligible,1,0.658
STU-6759,22ME559,Mechanical,7,70.2,7.4,7.31,stable,0,80.4,81.3,145,33.0,,65.2,Placed,0,0.168
STU-5645,25EE345,EEE,1,91.9,7.37,7.61,declining,0,67.4,97.5,21,46.2,,73.6,Not Eligible,0,0.143
STU-6764,25ME564,Mechanical,1,82.0,6.94,6.4,improving,0,64.6,81.7,19,82.1,,71.4,Not Eligible,0,0.091
STU-7116,22ME916,Mechanical,7,67.0,7.81,7.91,stable,0,73.5,72.8,148,57.6,Completed,85.7,Placed,0,0.122
STU-5015,24EC615,ECE,4,89.1,8.73,9.0,declining,0,94.8,86.4,84,55.5,,77.4,Not Eligible,0,0.106
STU-7222,22ME122,Mechanical,7,62.8,7.72,7.43,improving,0,68.8,65.3,143,93.1,Ongoing,78.2,Not Eligible,0,0.434
STU-1056,24CS256,CSE,3,99.0,9.42,9.05,improving,0,94.6,92.5,65,11.0,,96.8,Not Eligible,0,0.289
STU-5748,22EE448,EEE,7,79.0,7.27,7.03,improving,0,68.5,74.1,147,36.5,Ongoing,80.6,In Process,0,0.135
STU-1548,23CS748,CSE,5,80.0,9.21,9.28,stable,0,85.1,70.3,107,68.4,Completed,85.6,Eligible,0,0.049
STU-1848,25CS148,CSE,2,95.7,8.16,7.21,improving,0,82.5,99.6,42,46.9,Ongoing,93.4,Not Eligible,0,0.033
STU-5491,25EE191,EEE,2,78.2,8.17,8.4,declining,0,82.7,74.7,38,78.9,,48.1,Not Eligible,0,0.133
STU-7891,23CI791,Civil,6,64.8,8.46,8.67,declining,0,79.9,65.7,128,97.5,Completed,86.9,Eligible,0,0.239
STU-5271,22EE871,EEE,7,85.9,8.31,7.92,improving,0,83.1,87.0,148,20.7,Completed,86.0,Placed,0,0.058
STU-8424,24CI424,Civil,4,84.4,7.3,7.49,declining,0,71.5,83.1,80,68.7,,65.8,Not Eligible,0,0.136
STU-6012,24EE712,EEE,3,80.0,6.26,7.0,declining,0,63.6,92.6,61,23.3,,48.3,Not Eligible,0,0.492
STU-7226,25ME126,Mechanical,2,84.9,6.58,6.01,improving,0,71.4,91.1,38,88.5,,62.5,Not Eligible,0,0.086
STU-6625,24ME425,Mechanical,4,86.9,7.44,7.66,declining,0,78.4,76.2,80,94.3,,87.2,Not Eligible,0,0.086
STU-6845,23ME645,Mechanical,5,71.9,9.01,8.91,stable,0,95.8,69.6,107,69.9,Ongoing,81.3,Eligible,0,0.051
STU-0199,22CS299,CSE,8,67.7,8.97,9.21,declining,0,82.2,66.2,168,79.6,Completed,82.7,Placed,0,0.375
STU-4766,24EC366,ECE,4,84.7,7.65,8.1,declining,0,73.8,82.1,80,62.0,,70.9,Not Eligible,0,0.13
STU-4528,23EC128,ECE,5,82.0,7.05,6.84,improving,0,71.2,79.5,101,81.4,Completed,74.9,Eligible,0,0.057
STU-6811,25ME611,Mechanical,1,75.2,8.48,8.31,improving,0,81.4,71.2,22,74.3,,84.7,Not Eligible,0,0.066
STU-1965,23CS265,CSE,5,84.8,6.95,7.43,declining,0,71.7,83.0,107,63.2,Completed,58.3,Eligible,0,0.084
STU-7554,22ME454,Mechanical,8,93.9,6.18,6.27,stable,0,65.1,96.3,170,50.9,,54.8,In Process,0,0.138
STU-5145,25EC745,ECE,1,82.8,7.33,7.17,improving,0,78.1,75.4,19,35.6,,71.9,Not Eligible,0,0.182
STU-7872,25CI772,Civil,1,77.7,6.82,7.22,declining,0,59.0,70.4,23,41.6,Ongoing,79.4,Not Eligible,0,0.131
STU-4945,25EC545,ECE,1,99.0,7.96,7.72,improving,0,82.2,88.5,18,53.0,Ongoing,76.8,Not Eligible,0,0.079
STU-8005,25CI905,Civil,1,92.2,6.07,6.07,stable,2,58.1,97.0,18,81.3,,61.6,Not Eligible,1,0.545
STU-5489,25EE189,EEE,1,78.6,7.3,7.16,stable,1,75.0,74.9,18,75.8,,70.0,Not Eligible,0,0.21
STU-7816,25CI716,Civil,2,64.9,7.21,7.05,improving,0,75.0,74.1,44,48.2,,75.2,Not Eligible,0,0.266
STU-6862,22ME662,Mechanical,8,64.9,7.38,7.33,stable,2,79.4,70.2,162,42.3,,77.8,In Process,0,0.459
STU-6956,25ME756,Mechanical,2,77.3,7.27,7.05,improving,0,75.2,75.9,44,58.3,Ongoing,77.2,Not Eligible,0,0.114
STU-2080,22CS380,CSE,7,76.6,8.02,7.51,improving,0,83.6,71.6,143,52.3,Completed,82.1,Placed,0,0.105
STU-3277,23IT677,IT,5,80.3,8.3,8.77,declining,0,82.5,79.5,107,79.8,Completed,83.8,Eligible,0,0.211
STU-6922,22ME722,Mechanical,8,63.6,9.01,9.02,stable,0,95.2,67.8,166,52.5,Completed,91.2,Placed,0,0.367
STU-5486,22EE186,EEE,7,72.0,6.78,6.57,improving,1,63.5,73.5,145,72.8,,57.9,Not Eligible,0,0.289
STU-1582,24CS782,CSE,4,66.2,7.05,7.1,stable,0,73.3,78.3,86,33.7,,65.8,Not Eligible,0,0.253
STU-3581,23EC981,ECE,5,69.5,7.25,7.3,stable,0,66.0,63.6,107,73.8,,44.0,Eligible,0,0.196
STU-1330,24CS530,CSE,4,79.0,7.3,7.49,declining,1,76.3,64.8,78,90.9,,70.7,Not Eligible,0,0.199
STU-3170,25IT570,IT,1,79.1,6.92,6.77,improving,0,72.6,76.3,21,68.8,,44.3,Not Eligible,0,0.082
STU-2681,24IT981,IT,4,89.7,8.81,8.65,improving,0,87.5,77.8,86,80.1,,98.0,Not Eligible,0,0.121
STU-7288,24ME188,Mechanical,4,83.2,6.98,6.97,stable,0,64.4,65.2,80,42.5,,68.7,Not Eligible,0,0.074
STU-7053,25ME853,Mechanical,1,72.3,6.73,6.86,stable,0,71.0,68.3,23,40.2,,83.7,Not Eligible,0,0.063
STU-3511,22IT911,IT,8,95.6,6.98,6.48,improving,0,68.2,95.1,169,94.7,Ongoing,60.7,Not Eligible,0,0.243
STU-7540,22ME440,Mechanical,7,78.2,8.0,7.83,improving,0,78.2,73.2,147,47.2,Completed,77.8,Placed,0,0.102
STU-7508,22ME408,Mechanical,7,82.0,9.11,8.97,stable,0,94.0,72.9,143,62.6,Completed,85.3,Placed,0,0.131
STU-0350,23CS450,CSE,5,63.0,8.3,8.48,declining,0,75.4,62.3,101,45.2,Ongoing,95.9,Eligible,0,0.395
STU-4550,22EC150,ECE,7,83.1,7.54,7.38,improving,0,62.8,70.6,148,78.2,Ongoing,61.4,In Process,0,0.091
STU-3283,22IT683,IT,8,92.9,8.76,8.58,improving,0,90.8,93.7,168,67.1,Ongoing,75.1,Placed,0,0.07
STU-0098,24CS198,CSE,4,69.0,6.56,6.84,declining,0,64.7,64.3,82,36.2,,44.5,Not Eligible,0,0.216
STU-7705,25CI605,Civil,1,88.8,6.76,6.61,improving,0,68.3,83.4,23,77.5,,60.4,Not Eligible,0,0.079
STU-3423,25IT823,IT,1,77.8,6.95,7.73,declining,0,74.5,75.0,23,63.9,,78.6,Not Eligible,0,0.236
STU-4610,25EC210,ECE,1,83.6,9.07,9.29,declining,0,87.9,92.3,23,92.2,,89.9,Not Eligible,0,0.094
STU-7551,22ME451,Mechanical,8,70.1,8.64,8.75,stable,0,86.1,70.3,164,34.7,,83.5,Placed,0,0.113
STU-4307,23EC807,ECE,5,80.4,7.35,6.82,improving,3,75.0,78.3,94,56.9,,80.6,In Process,1,0.705
STU-2710,22IT110,IT,7,83.1,7.73,7.98,declining,0,78.4,69.0,148,55.0,Completed,89.6,Placed,0,0.224
STU-4167,22EC667,ECE,7,78.2,6.55,6.38,improving,3,67.0,83.5,135,84.7,Completed,50.1,In Process,1,0.554
STU-5576,22EE276,EEE,7,72.8,6.47,6.27,improving,0,60.7,69.6,147,66.3,Completed,49.2,In Process,0,0.099
STU-2579,23IT879,IT,5,80.3,9.04,9.48,declining,0,89.2,77.3,106,55.4,Completed,63.3,Eligible,0,0.127
STU-4423,24EC923,ECE,3,86.5,8.06,8.05,stable,0,84.3,85.4,65,19.7,,68.9,Not Eligible,0,0.201
STU-4186,22EC686,ECE,8,83.4,8.01,7.7,improving,0,77.6,81.2,169,91.8,Completed,76.7,Placed,0,0.083
STU-4141,22EC641,ECE,7,78.2,7.52,7.66,stable,0,72.9,78.7,148,61.7,Completed,63.7,In Process,0,0.112
STU-4489,25EC989,ECE,1,97.4,7.92,8.34,declining,0,80.6,90.1,19,71.2,,82.3,Not Eligible,0,0.142
STU-5436,25EE136,EEE,2,80.6,7.91,8.0,stable,0,80.3,77.4,42,60.8,,71.5,Not Eligible,0,0.072
STU-0090,24CS190,CSE,4,89.0,8.32,8.24,stable,0,91.4,87.8,82,39.7,,61.3,Not Eligible,0,0.077
STU-4368,25EC868,ECE,1,79.9,7.63,7.85,declining,0,68.9,83.7,22,79.9,,77.9,Not Eligible,0,0.111
STU-1544,25CS744,CSE,2,90.9,8.49,8.58,stable,0,94.8,97.9,42,79.7,,76.2,Not Eligible,0,0.052
STU-8239,25CI239,Civil,1,86.8,7.18,7.42,declining,0,74.0,83.4,23,80.7,,78.2,Not Eligible,0,0.077
STU-2519,24IT819,IT,4,87.5,7.5,6.8,improving,0,71.6,76.8,82,57.8,,64.9,Not Eligible,0,0.164
STU-0766,23CS866,CSE,5,98.7,9.11,9.13,stable,0,87.4,95.7,105,91.7,Completed,81.9,Eligible,0,0.09
STU-2301,22IT601,IT,8,86.0,8.28,7.93,improving,0,84.5,97.4,164,71.2,Ongoing,79.2,Placed,0,0.117
STU-3188,24IT588,IT,4,77.1,8.76,9.31,declining,0,89.0,76.3,84,66.2,,98.0,Not Eligible,0,0.242
STU-1029,24CS229,CSE,3,84.1,8.4,8.3,stable,0,88.1,76.4,63,61.1,,69.0,Not Eligible,0,0.056
STU-1062,22CS262,CSE,8,92.4,8.87,9.02,declining,0,92.3,74.6,169,64.2,,85.6,Placed,0,0.156
STU-2201,22IT501,IT,7,99.0,8.25,8.35,stable,0,81.6,100.0,145,56.6,Completed,81.2,Placed,0,0.139
STU-2522,24IT822,IT,3,75.3,7.63,7.0,improving,1,77.1,81.0,61,50.0,,85.9,Not Eligible,0,0.172
STU-7009,24ME809,Mechanical,3,74.8,6.71,7.02,declining,0,64.8,84.9,63,52.3,,82.0,Not Eligible,0,0.117
STU-4822,24EC422,ECE,3,82.5,7.89,8.03,stable,0,73.2,76.3,59,33.7,,53.2,Not Eligible,0,0.133
STU-6004,25EE704,EEE,1,84.3,7.07,7.37,declining,2,71.6,82.8,18,89.9,Ongoing,66.1,Not Eligible,1,0.568
STU-1157,25CS357,CSE,2,91.1,9.6,10.0,declining,0,93.0,90.3,38,50.4,,67.9,Not Eligible,0,0.165
STU-2637,22IT937,IT,7,99.0,8.09,7.99,stable,0,96.5,82.0,148,61.9,Completed,54.2,Placed,0,0.074
STU-8413,24CI413,Civil,3,78.5,7.93,7.72,improving,0,75.8,72.3,61,33.8,Ongoing,77.5,Not Eligible,0,0.053
STU-2462,23IT762,IT,5,62.1,7.13,6.66,improving,0,60.5,65.8,101,44.0,Completed,67.7,Eligible,0,0.371
STU-3481,23IT881,IT,5,79.7,8.16,7.96,improving,0,84.6,65.1,103,73.5,Completed,90.5,Eligible,0,0.134
STU-7911,22CI811,Civil,7,73.2,5.6,5.55,stable,2,56.1,68.1,141,33.0,Completed,59.2,Not Eligible,1,0.821
STU-6056,25EE756,EEE,1,70.5,6.34,6.33,stable,1,62.2,72.9,18,46.4,,65.3,Not Eligible,0,0.325
STU-4082,24EC582,ECE,4,81.0,7.44,6.4,improving,0,76.2,81.6,82,78.3,,73.1,Not Eligible,0,0.083
STU-7120,23ME920,Mechanical,6,86.2,6.96,6.96,stable,0,65.6,94.0,128,36.0,Completed,66.3,Eligible,0,0.086
STU-1928,24CS228,CSE,4,79.6,7.08,7.27,declining,0,77.0,79.9,85,98.0,,67.8,Not Eligible,0,0.087
STU-5787,22EE487,EEE,8,76.8,7.01,6.75,improving,1,69.8,80.3,162,98.0,,88.2,In Process,0,0.152
STU-4712,22EC312,ECE,7,71.2,7.34,7.42,stable,0,74.3,66.7,149,75.2,,98.0,Placed,0,0.233
STU-1553,22CS753,CSE,7,68.2,8.89,8.76,stable,0,84.7,74.2,145,66.1,Completed,85.5,Not Eligible,0,0.198
STU-5308,24EE908,EEE,3,79.6,6.21,6.18,stable,0,63.1,78.3,59,98.0,,81.2,Not Eligible,0,0.094
STU-7248,24ME148,Mechanical,4,81.0,8.14,8.28,stable,0,72.2,86.8,80,50.1,,79.5,Not Eligible,0,0.091
STU-3183,25IT583,IT,1,92.5,6.96,7.18,declining,0,67.2,76.9,22,98.0,,60.8,Not Eligible,0,0.042
STU-6669,25ME469,Mechanical,2,94.2,7.35,6.65,improving,0,70.3,93.4,43,7.5,,71.6,Not Eligible,0,0.115
STU-0838,24CS938,CSE,3,91.5,9.35,9.72,declining,0,92.1,78.3,61,62.6,,83.0,Not Eligible,0,0.213
STU-6064,24EE764,EEE,4,72.3,7.82,8.05,declining,0,88.6,64.1,85,77.6,Ongoing,81.1,Not Eligible,0,0.21
STU-5062,23EC662,ECE,6,77.8,7.22,7.55,declining,0,65.0,64.0,124,68.6,,74.2,Eligible,0,0.161
STU-2019,25CS319,CSE,1,64.6,8.07,7.55,improving,0,87.6,57.9,21,61.8,,84.2,Not Eligible,0,0.13
STU-6575,25ME375,Mechanical,1,67.0,7.92,7.72,improving,1,79.0,59.8,18,85.2,,79.2,Not Eligible,0,0.235
STU-7253,25ME153,Mechanical,1,83.8,7.83,7.62,improving,0,83.0,90.6,22,72.2,,77.6,Not Eligible,0,0.089
STU-5290,23EE890,EEE,6,75.9,7.9,7.68,improving,0,80.0,68.0,127,73.8,Completed,75.4,Eligible,0,0.132
STU-1594,25CS794,CSE,1,66.7,6.54,7.22,declining,1,55.2,72.5,18,40.3,,46.4,Not Eligible,1,0.719
STU-0921,22CS121,CSE,7,99.0,9.36,9.27,stable,0,99.0,96.6,145,45.1,Ongoing,98.0,Placed,0,0.082
STU-3042,22IT442,IT,8,84.4,9.51,9.86,declining,0,90.5,93.3,169,79.9,Completed,85.2,Placed,0,0.156
STU-8114,24CI114,Civil,4,71.7,7.09,6.74,improving,3,76.8,62.4,70,64.3,,77.1,Not Eligible,1,0.796
STU-2408,23IT708,IT,6,93.4,7.52,7.21,improving,0,83.4,96.8,127,58.3,Ongoing,86.9,Eligible,0,0.063
STU-5763,22EE463,EEE,8,73.5,6.57,7.22,declining,0,61.1,75.1,170,48.2,Ongoing,65.8,In Process,0,0.26
STU-2964,25IT364,IT,1,77.4,7.59,7.38,improving,0,79.9,81.1,21,78.4,,51.7,Not Eligible,0,0.097
STU-1905,23CS205,CSE,6,84.4,8.32,8.3,stable,0,77.7,82.3,124,49.2,Completed,75.2,Eligible,0,0.067
STU-4994,24EC594,ECE,3,79.9,8.0,7.96,stable,0,85.4,76.3,65,53.8,,89.3,Not Eligible,0,0.047
STU-4855,25EC455,ECE,1,83.3,7.16,7.17,stable,0,62.2,83.7,19,58.3,,80.9,Not Eligible,0,0.083
STU-8419,25CI419,Civil,2,99.0,5.52,5.56,stable,0,55.8,98.3,44,63.7,,62.4,Not Eligible,0,0.245
STU-0851,25CS951,CSE,1,73.2,9.95,9.57,improving,0,99.0,77.0,21,66.2,,87.8,Not Eligible,0,0.09
STU-3708,25EC208,ECE,1,83.3,9.57,9.97,declining,0,91.0,91.8,19,78.9,,98.0,Not Eligible,0,0.221
STU-7153,25ME953,Mechanical,2,76.3,8.49,8.89,declining,0,88.0,75.1,43,48.9,,88.9,Not Eligible,0,0.18
STU-1491,25CS691,CSE,2,74.6,7.52,7.59,stable,0,74.7,80.0,43,37.1,,76.4,Not Eligible,0,0.107
STU-1313,23CS513,CSE,5,75.8,6.57,7.2,declining,1,65.0,61.2,102,33.4,Ongoing,68.9,In Process,1,0.534
STU-6584,24ME384,Mechanical,3,86.9,7.47,7.2,improving,0,77.6,82.2,63,58.3,,58.1,Not Eligible,0,0.057
STU-0716,22CS816,CSE,8,93.3,7.65,7.73,stable,0,82.5,97.2,166,71.2,,76.5,Placed,0,0.098
STU-1109,23CS309,CSE,6,89.9,8.34,8.02,improving,0,76.1,82.1,122,44.4,Completed,74.3,Eligible,0,0.059
STU-2928,22IT328,IT,7,84.3,8.04,7.87,improving,0,79.1,79.3,145,53.1,Completed,74.7,Placed,0,0.092
STU-5022,22EC622,ECE,8,80.2,9.37,9.31,stable,0,84.4,86.8,164,69.2,Completed,87.4,Placed,0,0.083
STU-3471,22IT871,IT,7,86.7,7.51,7.84,declining,0,69.2,84.5,147,57.2,Completed,81.3,Placed,0,0.197
STU-5288,24EE888,EEE,4,73.6,7.26,7.25,stable,0,70.8,80.7,80,69.3,,70.7,Not Eligible,0,0.072
STU-3750,22EC250,ECE,7,73.2,8.23,7.81,improving,0,73.6,71.1,147,64.7,Completed,64.7,Placed,0,0.135
STU-7745,25CI645,Civil,1,85.9,5.83,5.68,improving,0,51.5,87.6,21,41.5,,65.6,Not Eligible,0,0.309
STU-4578,23EC178,ECE,5,84.1,8.45,8.6,declining,0,78.5,80.6,107,54.5,Completed,86.9,Eligible,0,0.143
STU-7598,23CI498,Civil,5,74.5,7.42,7.49,stable,0,75.1,72.4,103,81.2,Completed,65.7,Eligible,0,0.147
STU-2155,25IT455,IT,1,70.0,8.36,8.1,improving,0,75.5,63.6,18,57.0,Ongoing,75.5,Not Eligible,0,0.135
STU-3585,22EC985,ECE,8,84.9,7.21,6.99,improving,0,72.5,88.5,170,62.7,,63.8,In Process,0,0.101
STU-1015,23CS215,CSE,6,90.8,7.53,7.95,declining,0,75.2,82.9,128,66.6,Completed,54.2,Eligible,0,0.162
STU-6407,25ME207,Mechanical,2,81.8,6.43,6.74,declining,0,63.2,79.9,38,72.2,,55.0,Not Eligible,0,0.147
STU-8064,23CI964,Civil,5,67.6,6.95,7.47,declining,0,68.8,72.8,103,74.3,Completed,96.2,Eligible,0,0.176
STU-5094,24EC694,ECE,4,86.0,8.26,7.9,improving,0,83.6,88.4,80,52.4,,72.0,Not Eligible,0,0.192
STU-1117,25CS317,CSE,1,91.4,7.97,7.56,improving,0,80.9,83.1,19,55.0,,76.9,Not Eligible,0,0.045
STU-7632,23CI532,Civil,5,64.7,7.1,7.05,stable,3,69.3,70.6,93,22.3,,63.0,In Process,1,0.708
STU-6873,25ME673,Mechanical,2,70.8,9.55,9.71,declining,0,98.6,89.4,42,98.0,,81.3,Not Eligible,0,0.221
STU-7418,22ME318,Mechanical,8,80.8,8.16,7.95,improving,0,75.3,92.9,166,62.5,Completed,76.9,Placed,0,0.086
STU-7434,23ME334,Mechanical,5,75.0,6.51,6.37,stable,0,60.9,79.6,107,54.5,,48.9,Eligible,0,0.074
STU-4847,25EC447,ECE,1,71.7,9.74,9.69,stable,0,90.8,60.3,23,62.2,Ongoing,85.8,Not Eligible,0,0.115
STU-3014,23IT414,IT,5,67.7,7.34,7.16,improving,2,77.1,73.7,93,58.8,,83.0,In Process,1,0.627
STU-7099,22ME899,Mechanical,8,71.1,7.11,6.75,improving,2,70.6,72.5,162,81.5,Completed,74.9,Placed,0,0.442
STU-2377,24IT677,IT,3,81.3,5.82,5.45,improving,0,55.0,74.7,61,60.1,,44.1,Not Eligible,0,0.125
STU-0554,23CS654,CSE,5,80.0,8.12,7.62,improving,0,90.8,76.2,105,82.7,,83.5,Eligible,0,0.124
STU-8037,25CI937,Civil,1,65.7,7.04,6.94,stable,0,64.6,76.9,22,73.0,,64.9,Not Eligible,0,0.392
STU-7461,24ME361,Mechanical,3,75.5,7.27,6.71,improving,0,75.9,77.4,61,96.5,,52.6,Not Eligible,0,0.058
STU-0666,25CS766,CSE,2,99.0,8.78,8.72,stable,0,79.1,100.0,43,83.2,,79.9,Not Eligible,0,0.108
STU-4515,24EC115,ECE,4,77.9,8.87,9.28,declining,0,91.5,80.3,80,81.6,,98.0,Not Eligible,0,0.15
STU-2925,25IT325,IT,2,90.1,7.3,7.26,stable,0,65.0,86.4,43,62.4,,45.2,Not Eligible,0,0.098
STU-2616,23IT916,IT,6,74.6,7.93,7.62,improving,0,83.4,74.4,128,67.7,Completed,80.0,Eligible,0,0.08
STU-6829,23ME629,Mechanical,6,71.5,7.03,6.7,improving,1,71.8,74.9,124,39.8,,69.9,In Process,0,0.158
STU-1617,22CS817,CSE,8,78.3,8.87,9.36,declining,0,87.8,83.6,164,31.6,Completed,89.0,Placed,0,0.161
STU-6155,23EE855,EEE,6,77.4,8.85,8.75,stable,0,82.6,69.3,122,44.2,,98.0,Eligible,0,0.072
STU-1174,25CS374,CSE,2,96.5,7.81,7.64,improving,0,84.2,85.8,38,32.2,,98.0,Not Eligible,0,0.087
STU-0609,24CS709,CSE,4,83.6,8.7,8.63,stable,0,85.5,73.0,82,43.5,,98.0,Not Eligible,0,0.108
STU-3394,25IT794,IT,1,88.8,9.37,9.83,declining,0,97.4,85.2,21,23.0,,97.7,Not Eligible,0,0.323
STU-2440,24IT740,IT,3,87.2,9.72,9.02,improving,0,97.0,88.3,59,59.6,,88.5,Not Eligible,0,0.046
STU-2320,22IT620,IT,7,83.4,8.41,8.05,improving,0,87.9,83.6,145,55.5,Completed,79.5,Placed,0,0.082
STU-4903,24EC503,ECE,4,92.6,8.09,8.09,stable,0,90.4,94.9,86,44.2,,63.4,Not Eligible,0,0.121
STU-5166,23EC766,ECE,6,91.6,7.78,7.43,improving,0,79.9,85.6,126,35.4,Ongoing,72.3,Eligible,0,0.167
STU-3367,25IT767,IT,2,85.6,7.97,7.9,stable,0,81.4,85.3,42,64.7,,95.4,Not Eligible,0,0.074
STU-2534,23IT834,IT,5,80.1,8.06,8.11,stable,0,73.2,63.9,101,62.0,,85.4,Eligible,0,0.071
STU-6476,25ME276,Mechanical,1,79.1,6.57,6.73,declining,0,60.4,78.9,18,42.2,,56.4,Not Eligible,0,0.089
STU-7793,22CI693,Civil,7,74.9,7.91,7.77,stable,0,78.9,74.5,145,74.3,,68.8,In Process,0,0.148
STU-2635,23IT935,IT,5,79.2,8.13,8.74,declining,0,81.6,70.7,106,45.5,Completed,79.3,Eligible,0,0.194
STU-4214,24EC714,ECE,4,79.8,7.71,7.54,improving,0,78.1,80.0,80,86.3,,64.5,Not Eligible,0,0.156
STU-7778,23CI678,Civil,5,76.5,7.15,7.29,stable,0,74.3,80.3,106,91.7,,77.0,Eligible,0,0.095
STU-0712,23CS812,CSE,5,86.8,6.67,6.96,declining,0,63.8,86.2,107,57.8,,53.4,Eligible,0,0.153
STU-0418,24CS518,CSE,3,69.4,8.29,7.99,improving,0,75.2,66.7,64,62.6,Ongoing,89.0,Not Eligible,0,0.133
STU-8201,25CI201,Civil,2,85.5,7.28,6.84,improving,0,73.0,82.9,38,52.4,,56.6,Not Eligible,0,0.069
STU-0991,22CS191,CSE,7,90.6,7.81,7.76,stable,0,73.2,93.6,145,35.5,Completed,86.0,Placed,0,0.115
STU-4105,22EC605,ECE,8,88.0,6.65,6.49,improving,0,63.5,75.6,168,74.3,Ongoing,55.0,Placed,0,0.067
STU-4804,22EC404,ECE,7,81.5,7.85,8.05,declining,0,70.0,70.5,145,39.7,Completed,94.3,Placed,0,0.189
STU-0318,25CS418,CSE,2,72.1,8.29,8.14,improving,0,84.2,65.1,38,27.0,,93.5,Not Eligible,0,0.154
STU-7957,25CI857,Civil,2,84.3,7.04,6.64,improving,0,67.4,85.2,44,38.4,,82.0,Not Eligible,0,0.096
STU-5817,23EE517,EEE,6,86.7,6.23,6.14,stable,0,55.0,79.6,124,38.3,,62.5,In Process,0,0.108
STU-3540,25EC940,ECE,2,72.5,8.71,8.47,improving,0,89.9,84.8,40,70.8,,80.8,Not Eligible,0,0.152
STU-4992,22EC592,ECE,8,88.3,6.52,6.21,improving,0,68.0,92.5,166,55.6,Completed,66.4,In Process,0,0.089
STU-5429,22EE129,EEE,7,93.0,7.1,7.08,stable,0,73.3,85.8,148,77.7,,64.6,Placed,0,0.056
STU-1141,22CS341,CSE,7,84.6,8.61,8.29,improving,0,87.0,81.9,149,72.9,Completed,83.4,Placed,0,0.098
STU-3862,25EC362,ECE,1,85.1,7.75,7.94,declining,0,68.9,88.0,18,10.4,,75.4,Not Eligible,0,0.102
STU-0385,23CS485,CSE,6,86.9,7.53,7.06,improving,0,83.4,76.3,128,57.2,Ongoing,87.9,Eligible,0,0.086
STU-2218,24IT518,IT,3,79.6,7.24,7.44,declining,0,67.1,77.2,64,49.1,,59.0,Not Eligible,0,0.108
STU-8212,25CI212,Civil,1,69.5,6.56,6.29,improving,0,68.4,74.3,21,25.5,Ongoing,61.7,Not Eligible,0,0.19
STU-1340,25CS540,CSE,1,85.0,8.19,8.39,declining,0,76.9,81.5,22,50.2,,72.7,Not Eligible,0,0.081
STU-2386,22IT686,IT,8,88.2,8.43,8.81,declining,0,79.9,88.0,168,30.9,,82.7,Placed,0,0.305
STU-7109,24ME909,Mechanical,3,83.8,8.19,8.31,stable,0,76.0,77.0,65,48.8,,71.1,Not Eligible,0,0.136
STU-8153,23CI153,Civil,5,83.5,6.18,6.54,declining,0,63.2,78.8,101,51.0,Ongoing,51.3,In Process,0,0.219
STU-5251,23EE851,EEE,5,79.7,8.02,7.78,improving,0,74.2,78.2,103,68.9,Ongoing,71.6,Eligible,0,0.078
STU-5103,25EC703,ECE,1,81.9,7.41,6.96,improving,0,72.2,82.9,19,73.7,,82.0,Not Eligible,0,0.08
STU-0384,22CS484,CSE,7,81.8,6.62,6.61,stable,0,58.1,75.6,145,59.6,Completed,36.0,In Process,0,0.069
STU-1231,22CS431,CSE,8,76.1,7.67,6.97,improving,2,82.0,70.7,158,68.5,Completed,65.8,Placed,0,0.446
STU-4200,22EC700,ECE,7,81.9,8.53,8.55,stable,0,90.0,81.3,149,62.2,,83.4,Placed,0,0.093
STU-5716,23EE416,EEE,6,87.3,8.19,8.22,stable,0,83.0,81.9,126,57.7,,66.2,Eligible,0,0.089
STU-6711,22ME511,Mechanical,7,69.2,6.03,5.66,improving,0,66.0,70.2,143,72.2,,63.5,In Process,0,0.24
STU-1055,22CS255,CSE,8,63.1,7.42,7.18,improving,2,75.3,75.7,158,87.6,Completed,86.0,In Process,1,0.68
STU-7619,22CI519,Civil,8,76.6,7.19,7.41,declining,0,71.5,80.0,164,59.5,,68.0,Not Eligible,0,0.134
STU-5679,24EE379,EEE,3,79.5,7.25,7.05,improving,1,75.7,76.0,59,61.5,,78.1,Not Eligible,0,0.15
STU-2667,24IT967,IT,3,91.0,7.24,7.27,stable,0,66.3,81.2,59,46.3,,80.7,Not Eligible,0,0.073
STU-5162,23EC762,ECE,6,72.4,8.19,8.14,stable,0,70.6,77.7,122,82.3,Completed,70.9,Eligible,0,0.064
STU-0373,25CS473,CSE,1,92.7,8.3,8.28,stable,0,79.0,93.5,19,49.0,,72.6,Not Eligible,0,0.093
STU-3957,24EC457,ECE,3,75.9,7.79,7.35,improving,0,83.1,69.2,64,21.4,,67.1,Not Eligible,0,0.16
STU-4127,25EC627,ECE,1,87.5,8.44,8.49,stable,0,85.2,85.2,18,49.5,,98.0,Not Eligible,0,0.133
STU-7200,24ME100,Mechanical,4,87.4,7.43,7.55,stable,0,75.7,84.6,84,49.3,,68.5,Not Eligible,0,0.066
STU-0862,24CS962,CSE,4,76.9,6.23,5.64,improving,0,55.8,86.3,84,66.6,,66.5,Not Eligible,0,0.136
STU-3813,24EC313,ECE,4,78.3,8.72,8.83,stable,0,83.0,69.0,84,98.0,,78.1,Not Eligible,0,0.107
STU-6326,24ME126,Mechanical,3,64.6,8.3,7.61,improving,0,84.9,61.3,64,21.7,,90.6,Not Eligible,0,0.444
STU-7243,25ME143,Mechanical,1,80.9,8.19,7.68,improving,0,81.4,80.1,23,71.4,,72.8,Not Eligible,0,0.043
STU-5496,25EE196,EEE,2,80.1,8.03,7.18,improving,0,87.1,78.8,42,84.0,,87.8,Not Eligible,0,0.076
STU-6619,22ME419,Mechanical,8,84.6,6.61,6.27,improving,0,65.4,79.6,164,92.9,Completed,84.2,In Process,0,0.2
STU-6930,24ME730,Mechanical,3,92.3,6.65,6.44,improving,0,65.0,91.3,63,55.5,,61.3,Not Eligible,0,0.048
STU-2065,25CS365,CSE,1,94.8,8.97,8.94,stable,0,88.6,94.8,21,57.2,,78.0,Not Eligible,0,0.125
STU-3686,25EC186,ECE,1,91.2,6.48,5.68,improving,0,63.7,82.1,22,98.0,,71.5,Not Eligible,0,0.125
STU-1130,25CS330,CSE,2,80.5,7.82,8.11,declining,0,77.6,83.3,38,61.4,,96.8,Not Eligible,0,0.149
STU-5529,23EE229,EEE,6,66.6,7.55,7.59,stable,0,69.1,62.4,128,66.3,Completed,90.5,Eligible,0,0.432
STU-2524,24IT824,IT,4,84.4,9.3,9.3,stable,0,99.0,88.8,80,53.5,,98.0,Not Eligible,0,0.076
STU-0077,22CS177,CSE,7,75.6,8.1,7.99,stable,0,72.7,86.1,143,61.0,Ongoing,75.6,Placed,0,0.055
STU-8293,22CI293,Civil,8,70.0,7.97,7.69,improving,0,81.9,80.5,164,85.1,Completed,78.8,Placed,0,0.162
STU-8136,24CI136,Civil,3,96.5,7.5,7.37,stable,0,77.8,88.3,59,61.0,,83.6,Not Eligible,0,0.051
STU-4733,24EC333,ECE,3,88.6,6.89,6.61,improving,0,70.7,91.0,61,36.6,,63.1,Not Eligible,0,0.083
STU-5694,25EE394,EEE,2,81.0,9.08,8.67,improving,0,89.3,75.6,42,75.8,,96.3,Not Eligible,0,0.055
STU-6172,24EE872,EEE,4,78.7,6.81,6.34,improving,0,67.1,88.6,80,69.4,,72.0,Not Eligible,0,0.061
STU-1097,25CS297,CSE,2,79.9,7.72,7.51,improving,0,74.2,81.7,42,79.6,,70.4,Not Eligible,0,0.127
STU-5256,23EE856,EEE,5,90.8,8.77,8.74,stable,0,90.1,86.1,106,49.9,Completed,87.4,Eligible,0,0.069
STU-3822,24EC322,ECE,3,77.8,7.24,7.63,declining,0,72.9,80.7,64,76.5,,86.5,Not Eligible,0,0.197
STU-6745,22ME545,Mechanical,7,78.5,5.54,5.69,declining,0,49.7,69.1,147,77.5,,58.2,In Process,1,0.637
STU-8108,22CI108,Civil,7,74.9,7.77,7.63,stable,0,81.7,74.4,147,65.2,,64.7,Placed,0,0.079
STU-1998,25CS298,CSE,1,85.7,7.42,6.9,improving,0,72.1,89.2,19,98.0,,68.8,Not Eligible,0,0.124
STU-4137,22EC637,ECE,8,87.0,8.48,8.22,improving,0,90.9,78.9,168,69.7,Completed,72.4,Placed,0,0.108
STU-0232,24CS332,CSE,4,82.5,8.48,8.49,stable,0,82.8,79.0,84,59.3,,88.1,Not Eligible,0,0.084
STU-7966,24CI866,Civil,4,81.5,6.66,5.82,improving,0,66.1,83.2,80,71.0,,44.8,Not Eligible,0,0.077
STU-5118,24EC718,ECE,4,82.8,7.39,7.49,stable,0,61.1,78.3,85,53.2,,62.3,Not Eligible,0,0.054
STU-7529,24ME429,Mechanical,4,63.6,8.81,8.62,improving,0,89.2,69.9,82,55.9,Ongoing,78.1,Not Eligible,0,0.343
STU-5090,22EC690,ECE,7,89.0,6.05,5.96,stable,0,60.1,86.6,147,70.2,Completed,76.5,In Process,0,0.121
STU-3795,23EC295,ECE,5,91.2,9.95,10.0,stable,0,98.4,82.5,107,50.0,Completed,98.0,Eligible,0,0.094
STU-3219,24IT619,IT,3,74.2,8.86,8.74,stable,0,86.7,76.5,64,62.1,Ongoing,71.0,Not Eligible,0,0.046
STU-5885,23EE585,EEE,6,81.3,8.02,7.92,stable,1,82.7,71.8,122,54.7,Completed,86.6,In Process,0,0.266
STU-1832,23CS132,CSE,5,92.4,8.69,9.25,declining,0,84.2,87.0,101,57.8,Completed,85.1,Eligible,0,0.226
STU-4747,25EC347,ECE,2,80.2,9.22,8.65,improving,0,98.3,84.6,38,62.4,,94.7,Not Eligible,0,0.064
STU-8027,24CI927,Civil,3,72.3,7.93,6.96,improving,0,89.1,82.0,65,63.1,,92.3,Not Eligible,0,0.145
STU-6029,24EE729,EEE,3,89.5,8.12,8.55,declining,0,73.2,86.8,64,80.6,,66.7,Not Eligible,0,0.182
STU-5333,22EE933,EEE,7,91.1,7.26,7.28,stable,0,70.1,85.1,143,73.2,Completed,71.3,Placed,0,0.115
STU-0547,25CS647,CSE,1,99.0,8.73,9.0,declining,0,77.7,88.0,21,98.0,,87.3,Not Eligible,0,0.136
STU-8173,25CI173,Civil,2,81.3,5.57,5.69,stable,0,56.6,86.6,43,75.0,,53.0,Not Eligible,0,0.285
STU-3482,24IT882,IT,3,87.6,8.49,8.47,stable,0,80.8,88.2,61,61.5,,75.3,Not Eligible,0,0.134
STU-8254,24CI254,Civil,3,70.5,7.55,7.83,declining,0,73.4,78.4,65,98.0,,63.3,Not Eligible,0,0.128
STU-3361,24IT761,IT,3,89.2,7.04,7.28,declining,0,67.3,90.8,63,38.9,,72.9,Not Eligible,0,0.141
STU-2949,22IT349,IT,7,73.8,6.36,6.1,improving,0,54.1,74.5,147,88.1,,54.0,In Process,0,0.099
STU-5487,25EE187,EEE,2,65.3,8.16,8.59,declining,0,82.2,82.2,42,81.2,,65.3,Not Eligible,0,0.299
STU-6105,22EE805,EEE,8,81.9,8.45,7.95,improving,0,90.2,80.3,170,35.2,Completed,75.2,Placed,0,0.082
STU-6441,23ME241,Mechanical,6,75.4,7.59,7.52,stable,0,79.7,80.0,124,58.2,Completed,69.0,Eligible,0,0.121
STU-5566,24EE266,EEE,4,69.0,6.58,6.11,improving,1,62.9,71.5,80,80.6,,68.4,Not Eligible,0,0.222
STU-4511,24EC111,ECE,4,89.1,6.15,6.42,declining,0,69.7,84.2,85,96.1,,62.0,Not Eligible,0,0.301
STU-6624,22ME424,Mechanical,7,86.8,7.42,8.05,declining,0,69.9,78.9,147,59.6,Completed,74.9,Placed,0,0.13
STU-7066,24ME866,Mechanical,4,61.3,8.38,8.55,declining,0,81.8,72.8,84,80.9,,82.8,Not Eligible,1,0.51
STU-0824,24CS924,CSE,4,83.7,8.71,8.61,stable,0,88.0,80.5,85,34.0,,72.8,Not Eligible,0,0.116
STU-7448,24ME348,Mechanical,3,76.0,7.08,7.08,stable,0,79.9,75.0,63,54.8,Ongoing,73.7,Not Eligible,0,0.094
STU-6470,22ME270,Mechanical,8,82.8,7.55,7.04,improving,0,86.5,97.2,168,96.3,Completed,64.7,Not Eligible,0,0.05
STU-6691,24ME491,Mechanical,3,73.8,6.9,7.48,declining,0,67.3,67.8,65,57.7,,69.8,Not Eligible,0,0.228
STU-2573,23IT873,IT,6,83.0,8.07,8.2,stable,0,85.9,90.4,126,22.6,,95.7,Eligible,0,0.089
STU-1100,24CS300,CSE,3,84.5,7.74,7.27,improving,0,82.6,88.1,64,60.0,,71.4,Not Eligible,0,0.103
STU-7230,22ME130,Mechanical,7,81.9,7.1,7.3,declining,0,73.2,81.7,147,82.5,,81.1,Placed,0,0.093
STU-4443,23EC943,ECE,6,85.1,7.12,6.91,improving,0,68.6,84.9,128,73.1,Ongoing,68.4,Eligible,0,0.229
STU-4102,24EC602,ECE,3,88.8,9.94,9.51,improving,0,99.0,84.7,65,27.5,,81.7,Not Eligible,0,0.064
STU-7038,23ME838,Mechanical,6,89.5,7.29,6.91,improving,0,64.1,80.3,127,46.2,,71.6,Eligible,0,0.056
STU-7583,24CI483,Civil,4,81.0,7.19,7.25,stable,0,70.6,84.6,86,72.0,,51.3,Not Eligible,0,0.062
STU-4318,25EC818,ECE,2,77.3,6.78,6.76,stable,0,64.3,86.9,44,42.2,,47.0,Not Eligible,0,0.075
STU-7063,24ME863,Mechanical,3,74.3,6.2,6.26,stable,1,55.7,79.5,57,63.0,,61.8,Not Eligible,0,0.281
STU-3136,22IT536,IT,8,84.7,6.75,6.77,stable,0,72.1,87.7,166,52.4,Ongoing,72.5,In Process,0,0.066
STU-3258,22IT658,IT,7,82.6,7.23,7.28,stable,0,77.4,78.8,147,59.7,,68.6,Placed,0,0.084
STU-4272,23EC772,ECE,5,60.9,7.67,7.4,improving,0,71.8,59.5,105,38.0,,57.6,Eligible,0,0.364
STU-4227,24EC727,ECE,4,99.0,7.47,7.35,stable,0,77.4,86.6,86,79.9,,65.5,Not Eligible,0,0.15
STU-0082,23CS182,CSE,5,86.6,7.21,7.1,stable,0,64.1,74.9,101,69.1,Completed,72.3,Eligible,0,0.072
STU-3876,25EC376,ECE,1,98.0,7.58,6.82,improving,0,74.0,88.4,21,42.4,,50.1,Not Eligible,0,0.084
STU-0722,25CS822,CSE,2,87.4,6.99,6.42,improving,0,69.0,79.4,43,65.2,,54.2,Not Eligible,0,0.14
STU-5403,25EE103,EEE,2,80.8,7.52,7.56,stable,0,79.3,85.2,40,98.0,,57.0,Not Eligible,0,0.087
STU-0091,25CS191,CSE,1,66.6,8.95,8.53,improving,0,85.3,62.7,18,62.4,,60.4,Not Eligible,0,0.228
STU-2084,22CS384,CSE,8,87.2,6.97,6.59,improving,0,67.9,83.4,168,42.1,Completed,63.9,In Process,0,0.117
STU-7711,23CI611,Civil,5,67.0,6.41,6.5,stable,1,66.9,71.3,102,16.2,,80.5,In Process,1,0.619
STU-5853,24EE553,EEE,4,79.4,8.03,8.29,declining,0,74.8,92.2,85,32.3,,43.4,Not Eligible,0,0.17
STU-8296,24CI296,Civil,3,69.6,6.21,5.74,improving,1,63.9,69.6,60,53.4,,45.2,Not Eligible,1,0.554
STU-6110,24EE810,EEE,3,88.4,7.98,8.08,stable,0,78.4,77.2,63,69.9,,81.2,Not Eligible,0,0.039
STU-0138,23CS238,CSE,6,90.8,8.69,8.49,improving,0,90.5,91.5,127,62.1,Completed,81.5,Eligible,0,0.095
STU-6374,22ME174,Mechanical,8,85.9,7.7,7.01,improving,0,82.2,79.8,164,66.2,Ongoing,64.1,In Process,0,0.071
STU-1318,23CS518,CSE,6,73.1,9.81,9.43,improving,0,99.0,71.4,124,70.6,Completed,89.1,Eligible,0,0.107
STU-2773,22IT173,IT,8,80.1,7.96,7.75,improving,0,81.1,85.2,169,68.6,,63.8,Placed,0,0.079
STU-0374,23CS474,CSE,6,78.8,7.7,7.65,stable,0,76.5,73.1,124,71.8,Completed,71.4,Eligible,0,0.057
STU-3712,24EC212,ECE,3,95.0,9.08,8.9,improving,0,88.6,84.2,59,45.6,,78.0,Not Eligible,0,0.085
STU-8384,24CI384,Civil,3,80.6,6.31,6.6,declining,0,66.1,74.6,59,96.4,,58.6,Not Eligible,0,0.184
STU-3738,22EC238,ECE,7,99.0,6.66,7.17,declining,0,65.2,83.1,143,77.0,Completed,46.9,Not Eligible,0,0.19
STU-6997,25ME797,Mechanical,2,75.2,7.85,7.6,improving,0,76.9,75.7,44,65.9,,59.3,Not Eligible,0,0.069
STU-6427,25ME227,Mechanical,2,79.8,7.89,8.45,declining,0,79.8,72.4,43,84.5,,65.5,Not Eligible,0,0.251
STU-5585,25EE285,EEE,1,78.7,8.01,7.54,improving,0,82.6,77.8,22,68.6,,91.6,Not Eligible,0,0.07
STU-5350,23EE950,EEE,6,86.8,7.24,7.38,stable,0,69.6,88.0,124,28.4,,63.5,Eligible,0,0.128
STU-0989,25CS189,CSE,2,99.0,7.19,7.87,declining,0,73.9,99.8,38,98.0,,61.1,Not Eligible,0,0.213
STU-1865,22CS165,CSE,8,84.2,8.55,8.8,declining,0,92.3,93.0,169,80.9,Ongoing,87.3,Placed,0,0.097
STU-1950,24CS250,CSE,4,87.6,7.45,7.24,improving,0,85.2,90.3,84,50.1,,57.4,Not Eligible,0,0.112
STU-2764,24IT164,IT,3,81.8,7.57,7.47,stable,0,71.9,75.7,64,88.4,,54.7,Not Eligible,0,0.062
STU-2572,25IT872,IT,2,73.2,8.18,8.51,declining,0,79.3,74.3,40,58.9,,78.5,Not Eligible,0,0.159
STU-3242,24IT642,IT,4,80.5,8.04,7.66,improving,0,81.3,77.6,82,68.6,,79.3,Not Eligible,0,0.118
STU-7151,22ME951,Mechanical,8,75.4,7.77,7.65,stable,0,68.1,79.9,164,49.8,,70.8,In Process,0,0.048
STU-3727,22EC227,ECE,8,87.9,7.88,8.0,stable,0,80.3,80.0,170,51.0,,83.5,Placed,0,0.097
STU-1218,23CS418,CSE,6,82.7,7.62,7.35,improving,0,87.2,74.1,126,73.8,Completed,69.4,Eligible,0,0.082
STU-2752,22IT152,IT,7,77.7,7.81,7.7,stable,0,68.7,77.6,149,39.2,Completed,75.6,Placed,0,0.146
STU-3940,23EC440,ECE,6,94.6,9.23,8.54,improving,0,91.5,91.2,122,42.1,Ongoing,98.0,Eligible,0,0.076
STU-5705,23EE405,EEE,5,64.5,8.28,8.25,stable,0,87.0,79.4,106,35.0,,88.1,Eligible,0,0.256
STU-5056,25EC656,ECE,2,76.8,7.43,7.04,improving,0,77.8,69.9,42,50.5,,81.0,Not Eligible,0,0.103
STU-1696,25CS896,CSE,1,93.0,7.83,8.09,declining,0,68.1,88.2,18,69.7,,69.5,Not Eligible,0,0.12
STU-1993,23CS293,CSE,5,70.3,8.79,8.64,improving,0,86.4,70.9,107,84.1,Completed,84.3,Eligible,0,0.111
STU-5060,22EC660,ECE,8,82.6,7.34,7.39,stable,1,79.7,92.5,162,8.4,,79.4,In Process,0,0.296
STU-1800,25CS100,CSE,1,70.3,9.87,10.0,stable,0,97.6,71.7,21,44.3,Ongoing,95.6,Not Eligible,0,0.105
STU-3110,22IT510,IT,8,80.9,9.5,9.49,stable,0,99.0,85.6,170,66.7,Completed,98.0,Not Eligible,0,0.087
STU-5305,25EE905,EEE,2,83.5,7.11,7.45,declining,0,65.6,80.7,43,87.8,,68.6,Not Eligible,0,0.148
STU-6424,24ME224,Mechanical,3,75.0,7.66,7.77,stable,0,79.6,70.0,59,66.9,,57.7,Not Eligible,0,0.131
STU-2187,22IT487,IT,7,70.8,8.72,8.45,improving,0,98.7,65.2,147,47.3,,98.0,Placed,0,0.124
STU-6747,22ME547,Mechanical,8,86.1,5.53,6.36,declining,4,52.4,77.1,153,46.1,,35.9,In Process,1,0.978
STU-7918,25CI818,Civil,2,69.9,8.07,8.56,declining,1,78.1,60.9,39,39.1,,65.9,Not Eligible,1,0.545
STU-3778,23EC278,ECE,5,93.9,8.94,8.71,improving,0,85.8,97.1,105,67.7,Completed,81.3,Eligible,0,0.121
STU-3390,22IT790,IT,8,78.3,8.29,8.51,declining,0,85.5,80.3,170,48.4,Ongoing,70.8,Placed,0,0.118
STU-0335,25CS435,CSE,1,82.6,8.8,8.89,stable,0,79.1,84.0,21,61.4,,50.5,Not Eligible,0,0.12
STU-0839,23CS939,CSE,5,79.0,7.05,7.4,declining,0,71.2,73.6,101,71.4,Completed,85.1,Eligible,0,0.171
STU-3145,22IT545,IT,7,77.1,8.3,8.36,stable,0,76.4,73.6,148,37.1,Completed,75.9,Placed,0,0.083
STU-1892,24CS192,CSE,4,80.5,9.37,9.4,stable,0,94.4,72.6,84,50.5,,89.8,Not Eligible,0,0.107
STU-7395,23ME295,Mechanical,6,89.3,7.71,7.7,stable,0,77.2,83.5,124,37.4,,70.4,Eligible,0,0.101
STU-1750,25CS950,CSE,2,70.9,5.97,5.61,improving,0,50.4,81.2,38,84.2,Ongoing,66.6,Not Eligible,0,0.27
STU-2297,22IT597,IT,8,84.2,7.46,7.11,improving,0,82.4,98.0,170,83.0,,76.6,Placed,0,0.101
STU-2538,24IT838,IT,3,77.2,7.84,8.08,declining,0,79.9,93.1,63,69.1,,84.5,Not Eligible,0,0.137
STU-0510,23CS610,CSE,6,71.5,7.26,7.53,declining,3,79.9,72.8,114,41.1,Ongoing,82.7,In Process,1,0.621
STU-0571,24CS671,CSE,4,80.3,9.33,8.84,improving,0,93.5,81.5,86,21.9,,68.4,Not Eligible,0,0.153
STU-7618,22CI518,Civil,7,99.0,6.9,7.03,stable,0,75.1,95.9,145,25.1,,81.3,Placed,0,0.136
STU-6426,23ME226,Mechanical,6,83.6,8.0,8.75,declining,0,76.0,84.2,122,39.3,Completed,92.5,Eligible,0,0.318
STU-3375,24IT775,IT,3,90.7,9.55,9.57,stable,0,99.0,82.2,65,29.8,,74.7,Not Eligible,0,0.097
STU-0569,22CS669,CSE,8,79.7,7.57,7.16,improving,0,73.2,91.2,170,61.8,Ongoing,78.3,Placed,0,0.107
STU-7523,22ME423,Mechanical,7,83.7,6.16,6.34,declining,0,59.4,80.4,145,68.6,,44.9,Placed,0,0.129
STU-0381,25CS481,CSE,1,84.5,8.45,7.6,improving,0,84.8,84.5,18,88.5,,79.5,Not Eligible,0,0.048
STU-8117,22CI117,Civil,7,74.6,6.92,7.0,stable,0,71.6,69.4,145,60.2,,51.1,In Process,0,0.047
STU-8179,23CI179,Civil,5,70.4,7.59,7.77,declining,0,85.7,73.6,105,58.8,,78.1,Eligible,0,0.127
STU-4331,22EC831,ECE,7,85.7,8.55,8.53,stable,0,81.9,92.6,147,58.3,,72.1,Placed,0,0.071
STU-2731,22IT131,IT,8,77.4,9.26,9.3,stable,0,90.9,90.3,169,62.2,Completed,95.0,Placed,0,0.109
STU-8055,22CI955,Civil,8,74.3,7.37,7.12,improving,0,76.4,82.4,169,40.7,,70.3,Placed,0,0.079
STU-4895,24EC495,ECE,4,82.1,5.9,5.74,improving,0,57.8,76.8,84,98.0,Ongoing,44.9,Not Eligible,0,0.116
STU-2758,22IT158,IT,8,94.0,7.86,7.42,improving,0,75.8,90.1,170,96.3,Ongoing,72.5,Placed,0,0.084
STU-6126,24EE826,EEE,3,74.7,9.34,9.3,stable,0,97.5,74.5,63,65.8,,88.7,Not Eligible,0,0.068
STU-8152,23CI152,Civil,6,84.1,7.19,7.08,stable,0,74.6,93.2,122,70.0,,64.2,Eligible,0,0.096
STU-3025,22IT425,IT,8,93.9,7.44,7.89,declining,0,73.8,79.2,164,43.3,,77.5,In Process,0,0.194
STU-1663,22CS863,CSE,8,76.1,9.07,8.69,improving,0,89.8,78.1,170,34.5,Completed,88.5,Placed,0,0.122
STU-6948,25ME748,Mechanical,1,86.9,5.91,5.4,improving,0,59.3,78.5,21,56.0,,33.7,Not Eligible,0,0.091
STU-1175,23CS375,CSE,5,97.1,6.67,6.97,declining,0,67.3,95.4,103,74.2,Ongoing,51.0,Eligible,0,0.202
STU-8176,24CI176,Civil,4,77.3,6.99,6.96,stable,0,67.7,70.5,80,61.4,,60.6,Not Eligible,0,0.061
STU-2987,24IT387,IT,3,76.9,8.62,8.69,stable,0,82.2,82.5,59,62.2,,98.0,Not Eligible,0,0.081
STU-7292,22ME192,Mechanical,7,86.4,7.37,7.41,stable,0,83.4,90.5,145,27.1,,85.9,In Process,0,0.17
STU-0063,22CS163,CSE,7,78.7,8.72,8.52,improving,0,92.1,86.1,143,54.9,Completed,77.4,Placed,0,0.155
STU-3622,22EC122,ECE,8,79.4,6.15,6.18,stable,0,57.2,79.6,164,45.4,Ongoing,52.7,Placed,0,0.276
STU-4341,22EC841,ECE,8,74.8,7.85,7.92,stable,0,71.0,76.5,166,47.8,,96.9,Placed,0,0.129
STU-2060,23CS360,CSE,5,69.9,7.99,7.17,improving,0,91.2,78.5,103,42.1,Completed,96.6,Eligible,0,0.097
STU-0721,22CS821,CSE,8,81.2,7.81,8.22,declining,0,85.3,94.2,168,79.0,,73.8,Placed,0,0.19
STU-2838,24IT238,IT,4,89.7,8.18,8.13,stable,0,79.7,86.6,80,67.5,Ongoing,98.0,Not Eligible,0,0.101
STU-2615,25IT915,IT,2,99.0,8.31,8.47,declining,0,79.0,97.6,44,29.3,,90.1,Not Eligible,0,0.121
STU-7301,23ME201,Mechanical,6,70.9,8.5,8.68,declining,0,90.3,71.4,126,85.3,,84.5,Eligible,0,0.178
STU-0822,25CS922,CSE,1,61.3,9.36,9.14,improving,0,99.0,62.0,22,45.5,,65.8,Not Eligible,0,0.376
STU-1461,24CS661,CSE,4,81.2,7.95,7.43,improving,0,74.0,79.3,84,33.7,,67.0,Not Eligible,0,0.063
STU-5192,23EC792,ECE,6,90.2,5.95,5.5,improving,1,58.6,100.0,118,46.5,,42.6,In Process,0,0.305
STU-3236,24IT636,IT,4,95.8,8.27,8.22,stable,0,85.8,97.6,82,55.8,,78.9,Not Eligible,0,0.082
STU-7059,24ME859,Mechanical,3,71.3,9.38,9.52,stable,0,96.6,73.2,61,81.1,,98.0,Not Eligible,0,0.133
STU-4395,24EC895,ECE,3,82.9,7.5,6.99,improving,0,70.0,82.8,63,88.7,,55.6,Not Eligible,0,0.116
STU-4145,23EC645,ECE,6,74.9,8.21,7.88,improving,0,83.7,73.0,124,71.0,,75.5,Eligible,0,0.072
STU-3634,25EC134,ECE,2,84.6,8.83,8.94,stable,0,93.9,76.3,43,48.7,,98.0,Not Eligible,0,0.113
STU-4052,23EC552,ECE,6,81.1,6.96,6.49,improving,0,71.6,73.0,122,60.3,Ongoing,69.0,Eligible,0,0.084
STU-6609,22ME409,Mechanical,7,80.8,7.08,7.15,stable,0,69.3,80.4,145,85.2,Completed,72.2,Not Eligible,0,0.059
STU-7721,23CI621,Civil,5,83.9,7.93,7.57,improving,0,84.7,85.2,105,51.6,Completed,77.6,Eligible,0,0.07
STU-3254,22IT654,IT,8,81.3,7.66,6.95,improving,0,81.7,80.0,169,97.9,Completed,63.1,Placed,0,0.061
STU-2445,24IT745,IT,3,86.2,6.52,6.8,declining,0,63.5,91.5,59,46.7,,70.3,Not Eligible,0,0.156
STU-2556,23IT856,IT,5,85.8,8.11,8.25,stable,0,72.7,91.1,101,39.7,,97.3,Eligible,0,0.159
STU-0387,24CS487,CSE,3,77.7,7.67,7.77,stable,0,77.9,77.4,59,37.5,,78.0,Not Eligible,0,0.114
STU-0613,23CS713,CSE,5,89.0,7.69,7.51,improving,1,74.5,86.0,97,47.5,,86.8,In Process,0,0.291
STU-4898,25EC498,ECE,2,77.5,7.01,7.03,stable,1,73.3,78.7,34,53.3,,71.4,Not Eligible,0,0.176
STU-7832,23CI732,Civil,5,80.2,6.04,5.79,improving,0,62.2,86.1,103,51.2,Completed,57.7,In Process,0,0.075
STU-2294,22IT594,IT,7,73.6,9.87,10.0,stable,0,99.0,77.5,147,55.9,Completed,98.0,Placed,0,0.11
STU-5997,25EE697,EEE,1,93.6,6.52,6.16,improving,0,54.1,100.0,23,74.1,,51.0,Not Eligible,0,0.092
STU-6046,25EE746,EEE,2,74.6,7.88,7.76,stable,0,84.2,75.6,43,30.7,,85.8,Not Eligible,0,0.088
STU-7732,23CI632,Civil,5,69.1,7.2,7.52,declining,1,74.8,75.2,102,72.5,,50.8,In Process,0,0.356
STU-2794,25IT194,IT,2,86.5,8.74,9.5,declining,0,89.6,85.6,38,72.8,,54.3,Not Eligible,0,0.253
STU-4631,22EC231,ECE,7,74.5,8.94,9.08,stable,0,89.3,80.9,148,30.6,,66.8,Placed,0,0.239
STU-1202,25CS402,CSE,1,99.0,7.92,8.1,declining,0,81.5,100.0,19,85.4,Ongoing,81.5,Not Eligible,0,0.167
STU-5970,23EE670,EEE,5,83.1,7.81,7.94,stable,0,73.4,89.4,101,89.7,Completed,82.5,Eligible,0,0.103
STU-3890,25EC390,ECE,2,74.1,7.59,8.02,declining,0,70.1,71.6,40,51.1,,92.9,Not Eligible,0,0.148
STU-2596,23IT896,IT,5,86.1,7.3,7.64,declining,0,69.5,83.3,105,41.3,Ongoing,71.0,Eligible,0,0.151
STU-2546,25IT846,IT,2,87.3,9.11,8.89,improving,0,90.1,87.5,44,34.0,,69.2,Not Eligible,0,0.074
STU-7123,25ME923,Mechanical,2,76.5,7.38,7.77,declining,0,61.6,70.1,40,91.7,,66.4,Not Eligible,0,0.101
STU-2467,24IT767,IT,4,81.3,6.61,6.71,stable,0,65.0,85.4,84,49.6,,48.7,Not Eligible,0,0.07
STU-5514,25EE214,EEE,2,79.0,7.01,7.21,declining,0,72.8,71.9,44,46.5,,89.4,Not Eligible,0,0.121
STU-5026,22EC626,ECE,7,86.0,6.4,6.62,declining,0,59.2,72.0,148,71.4,Completed,82.7,Placed,0,0.137
STU-5534,24EE234,EEE,3,79.9,7.4,7.23,improving,0,80.1,82.0,65,61.7,,64.6,Not Eligible,0,0.043
STU-0701,23CS801,CSE,5,78.0,7.81,7.63,improving,0,87.4,77.8,105,62.7,Completed,57.9,Eligible,0,0.086
STU-5292,24EE892,EEE,3,71.7,8.02,8.15,stable,0,81.1,78.0,63,36.2,,73.8,Not Eligible,0,0.16
STU-0731,25CS831,CSE,2,73.2,7.92,8.32,declining,0,78.6,82.0,42,45.7,Ongoing,62.4,Not Eligible,0,0.192
STU-5894,24EE594,EEE,4,75.0,7.02,7.3,declining,0,64.9,81.0,86,49.7,,75.6,Not Eligible,0,0.187
STU-5661,22EE361,EEE,8,84.1,8.27,8.99,declining,0,77.5,89.4,168,34.2,Completed,81.9,Placed,0,0.222
STU-3989,23EC489,ECE,6,75.8,8.07,8.03,stable,0,76.3,73.3,122,76.5,Completed,63.4,Eligible,0,0.076
STU-0656,25CS756,CSE,1,80.5,9.65,10.0,declining,0,98.4,85.6,23,57.5,,83.2,Not Eligible,0,0.114
STU-3247,25IT647,IT,2,85.5,7.76,7.56,improving,0,75.9,80.3,42,78.1,,64.7,Not Eligible,0,0.116
STU-0876,25CS976,CSE,2,71.2,7.33,7.79,declining,2,56.7,66.1,30,66.3,,77.4,Not Eligible,1,0.617
STU-4287,25EC787,ECE,2,86.0,6.48,6.68,declining,4,68.2,78.1,26,70.1,,74.3,Not Eligible,1,0.809
STU-7653,24CI553,Civil,4,84.4,6.51,6.6,stable,0,65.4,89.1,82,51.3,,57.8,Not Eligible,0,0.078
STU-3562,25EC962,ECE,2,92.1,7.21,7.04,improving,0,79.4,83.7,38,62.0,,80.8,Not Eligible,0,0.133
STU-7188,25ME988,Mechanical,1,76.3,6.63,6.98,declining,0,64.0,75.0,21,61.3,,88.3,Not Eligible,0,0.2
STU-1985,25CS285,CSE,2,74.5,7.7,7.2,improving,0,82.4,78.5,40,79.8,,69.5,Not Eligible,0,0.046
STU-1694,25CS894,CSE,2,81.4,8.0,7.83,improving,0,76.0,89.1,42,68.2,,72.4,Not Eligible,0,0.093
STU-1725,23CS925,CSE,6,78.5,9.95,9.43,improving,0,99.0,84.3,124,79.3,Completed,98.0,Eligible,0,0.127
STU-6801,25ME601,Mechanical,2,72.6,7.53,6.99,improving,0,65.9,82.0,44,50.1,,63.9,Not Eligible,0,0.154
STU-7368,23ME268,Mechanical,5,99.0,6.07,5.93,stable,1,55.4,97.2,97,47.8,,66.8,In Process,0,0.193
STU-2198,25IT498,IT,1,84.4,9.79,9.65,stable,0,91.5,88.6,23,51.6,,98.0,Not Eligible,0,0.149
STU-3915,25EC415,ECE,1,66.0,8.22,8.25,stable,0,86.4,67.5,18,32.5,,60.6,Not Eligible,0,0.346
STU-4514,24EC114,ECE,3,74.5,7.8,7.26,improving,0,79.2,77.2,65,29.0,,76.4,Not Eligible,0,0.101
STU-3892,25EC392,ECE,1,82.2,8.03,7.46,improving,0,86.4,89.4,22,83.3,,83.4,Not Eligible,0,0.18
STU-1188,25CS388,CSE,1,83.4,7.13,7.1,stable,0,72.2,77.9,22,34.3,,65.4,Not Eligible,0,0.141
STU-1961,25CS261,CSE,1,89.3,7.28,6.78,improving,0,67.7,82.4,19,52.1,,72.5,Not Eligible,0,0.057
STU-2129,22CS429,CSE,8,70.2,8.51,8.78,declining,1,80.7,73.9,162,77.0,Completed,75.9,Not Eligible,0,0.238
STU-4361,25EC861,ECE,1,85.1,6.5,6.69,declining,0,64.2,86.7,18,75.8,,59.4,Not Eligible,0,0.118
STU-8014,22CI914,Civil,8,61.5,7.44,7.91,declining,0,69.6,59.6,169,48.0,,82.1,In Process,1,0.819
STU-2652,23IT952,IT,5,82.2,7.28,6.8,improving,1,74.6,78.9,102,74.3,Completed,72.9,In Process,0,0.253
STU-6137,23EE837,EEE,6,74.1,6.76,6.58,improving,0,70.9,71.4,126,91.5,,73.7,Eligible,0,0.099
STU-7019,24ME819,Mechanical,3,73.0,5.59,4.86,improving,2,58.0,59.1,55,63.2,,65.3,Not Eligible,1,0.733
STU-0464,23CS564,CSE,5,77.3,7.96,8.42,declining,0,76.7,73.1,106,84.2,,80.2,Eligible,0,0.235
STU-3684,25EC184,ECE,2,67.7,9.72,9.89,declining,0,99.0,70.6,38,50.4,Ongoing,85.3,Not Eligible,0,0.26
STU-7988,25CI888,Civil,2,65.4,8.45,8.49,stable,0,90.2,77.4,38,66.5,,66.5,Not Eligible,0,0.275
STU-5116,25EC716,ECE,1,74.6,8.12,8.09,stable,0,81.1,84.7,19,58.7,,68.1,Not Eligible,0,0.072
STU-2988,25IT388,IT,1,77.4,8.19,8.43,declining,0,80.3,80.1,21,57.0,,96.0,Not Eligible,0,0.11
STU-2914,22IT314,IT,7,85.1,8.29,7.7,improving,0,86.5,93.3,149,45.0,Completed,69.8,Placed,0,0.072
STU-7366,25ME266,Mechanical,1,76.8,5.36,5.42,stable,0,48.8,77.8,22,71.7,,63.0,Not Eligible,0,0.288
STU-4224,24EC724,ECE,3,81.5,7.95,7.89,stable,0,84.7,74.8,63,39.6,,71.8,Not Eligible,0,0.132
STU-2421,23IT721,IT,5,84.0,8.06,7.48,improving,0,81.4,74.1,106,41.9,Ongoing,90.4,Eligible,0,0.054
STU-2003,22CS303,CSE,8,88.8,8.26,7.69,improving,0,77.7,82.0,166,79.7,Ongoing,76.5,Placed,0,0.077
STU-1771,24CS971,CSE,4,93.5,8.33,7.74,improving,0,78.6,83.5,82,64.3,,54.7,Not Eligible,0,0.048
STU-1960,22CS260,CSE,7,76.1,8.74,8.9,declining,0,88.0,83.1,143,39.8,Ongoing,83.6,Placed,0,0.075
STU-0052,22CS152,CSE,7,80.8,9.73,9.68,stable,0,99.0,80.9,143,56.6,Completed,85.5,Placed,0,0.098
STU-5692,22EE392,EEE,7,77.5,6.13,5.74,improving,1,60.7,82.9,145,77.2,Ongoing,60.1,In Process,0,0.402
STU-0828,24CS928,CSE,3,90.9,7.47,6.84,improving,0,78.3,88.2,63,81.2,,79.4,Not Eligible,0,0.076
STU-2865,22IT265,IT,7,89.9,9.33,8.41,improving,0,95.9,85.0,145,61.2,Ongoing,98.0,Placed,0,0.11
STU-0378,25CS478,CSE,1,76.7,8.55,8.3,improving,0,78.9,80.5,23,72.2,,71.9,Not Eligible,0,0.054
STU-2509,25IT809,IT,1,89.1,7.1,7.77,declining,0,69.2,81.9,19,65.9,,76.6,Not Eligible,0,0.182
STU-6884,22ME684,Mechanical,7,77.1,7.61,7.67,stable,0,75.3,77.9,145,40.5,Ongoing,76.4,Placed,0,0.063
STU-0075,23CS175,CSE,6,73.2,7.93,7.91,stable,0,75.8,73.9,124,30.1,Ongoing,85.1,Eligible,0,0.068
STU-6846,24ME646,Mechanical,3,74.7,7.06,7.0,stable,1,76.6,59.5,61,62.7,Ongoing,94.8,Not Eligible,0,0.208
STU-4711,23EC311,ECE,6,76.5,8.12,8.43,declining,0,91.7,77.6,127,59.0,Ongoing,69.4,Eligible,0,0.087
STU-3624,22EC124,ECE,8,82.8,7.22,6.8,improving,0,65.2,79.5,169,63.2,,72.8,In Process,0,0.061
STU-7349,23ME249,Mechanical,5,79.4,7.03,6.27,improving,0,63.4,82.6,107,55.9,,44.5,Eligible,0,0.066
STU-0564,25CS664,CSE,1,90.2,7.91,8.0,stable,0,83.2,85.0,21,37.0,,89.5,Not Eligible,0,0.09
STU-2921,22IT321,IT,8,88.1,7.29,7.61,declining,0,84.0,89.6,170,58.7,Completed,42.3,In Process,0,0.127
STU-0623,24CS723,CSE,3,81.7,8.69,8.41,improving,0,90.5,85.8,65,32.3,,76.9,Not Eligible,0,0.065
STU-7693,23CI593,Civil,6,76.1,6.89,6.7,improving,2,67.3,68.7,114,58.3,,76.2,In Process,0,0.279
STU-0759,22CS859,CSE,8,83.9,8.99,8.76,improving,0,93.2,78.5,168,20.0,Completed,84.1,Placed,0,0.099
STU-1475,24CS675,CSE,3,95.2,8.04,7.64,improving,0,74.7,98.2,64,64.6,Ongoing,93.6,Not Eligible,0,0.136
STU-6853,25ME653,Mechanical,1,72.0,7.3,7.48,declining,0,71.0,71.3,23,39.7,,41.8,Not Eligible,0,0.103
STU-1134,25CS334,CSE,2,83.4,8.27,8.96,declining,0,78.7,83.0,44,47.4,,81.2,Not Eligible,0,0.226
STU-6324,24ME124,Mechanical,3,62.4,8.43,8.68,declining,0,86.3,66.8,64,77.5,Ongoing,91.3,Not Eligible,1,0.536
STU-3454,23IT854,IT,5,92.6,9.13,8.73,improving,0,95.4,97.5,103,51.6,Completed,74.8,Eligible,0,0.118
STU-6758,22ME558,Mechanical,7,71.4,7.05,5.91,improving,0,77.3,73.1,143,58.7,,48.5,In Process,0,0.107
STU-2591,25IT891,IT,1,80.5,7.64,7.39,improving,0,82.2,83.8,22,80.2,,72.7,Not Eligible,0,0.072
STU-0460,25CS560,CSE,1,93.1,7.68,7.36,improving,0,80.9,91.6,19,50.0,,67.2,Not Eligible,0,0.048
STU-7260,24ME160,Mechanical,4,73.0,9.04,8.55,improving,0,89.9,73.4,80,45.9,,91.9,Not Eligible,0,0.094
STU-6043,22EE743,EEE,8,65.5,6.45,6.67,declining,1,67.8,72.7,165,80.5,,84.7,Not Eligible,1,0.631
STU-5723,24EE423,EEE,4,83.2,7.56,7.78,declining,0,71.0,76.9,80,72.0,,69.8,Not Eligible,0,0.131
STU-6097,25EE797,EEE,2,89.0,7.23,6.68,improving,0,68.4,81.9,42,9.7,,91.3,Not Eligible,0,0.16
STU-7537,23ME437,Mechanical,5,82.5,6.92,6.92,stable,0,63.8,81.6,101,92.8,Completed,74.1,Eligible,0,0.103
STU-3549,23EC949,ECE,6,96.9,8.89,8.77,stable,2,96.6,99.8,120,59.1,Completed,84.1,In Process,0,0.426
STU-6645,25ME445,Mechanical,1,72.4,6.73,6.95,declining,1,69.5,74.7,18,72.0,,69.5,Not Eligible,0,0.399
STU-5901,25EE601,EEE,2,91.7,6.07,6.01,stable,0,52.9,93.0,38,79.7,,59.0,Not Eligible,0,0.103
STU-5785,22EE485,EEE,8,85.1,6.57,6.84,declining,0,74.0,86.3,166,64.6,Completed,43.2,Not Eligible,0,0.167
STU-5796,24EE496,EEE,4,83.9,7.76,7.39,improving,0,80.6,83.0,80,44.1,,85.8,Not Eligible,0,0.124
STU-3243,25IT643,IT,1,88.1,6.93,6.98,stable,0,61.6,83.2,18,54.7,,89.4,Not Eligible,0,0.108
STU-5618,23EE318,EEE,6,80.8,7.52,7.17,improving,0,77.1,86.9,127,24.8,,73.6,Eligible,0,0.16
STU-4007,22EC507,ECE,8,66.6,8.22,8.2,stable,1,78.1,68.6,160,29.0,,97.1,Not Eligible,0,0.388
STU-0683,25CS783,CSE,2,73.2,8.13,8.59,declining,1,84.3,72.7,39,37.4,,82.9,Not Eligible,0,0.488
STU-4041,23EC541,ECE,6,72.1,8.53,8.2,improving,0,86.8,68.6,124,69.6,Completed,85.7,Eligible,0,0.156
STU-4676,25EC276,ECE,2,95.9,7.98,8.28,declining,0,85.0,93.5,40,53.9,,98.0,Not Eligible,0,0.122
STU-3514,23IT914,IT,6,87.2,8.51,8.28,improving,0,87.4,83.9,126,89.1,,83.0,Eligible,0,0.084
STU-0548,23CS648,CSE,6,93.0,7.02,7.1,stable,0,69.2,89.1,127,61.5,Completed,69.7,Eligible,0,0.059
STU-0376,24CS476,CSE,3,83.3,7.29,6.83,improving,1,76.4,76.8,60,44.6,,86.7,Not Eligible,0,0.178
STU-5390,23EE990,EEE,6,73.0,7.54,8.16,declining,0,70.8,70.1,124,73.8,,62.8,Eligible,0,0.186
STU-3023,25IT423,IT,2,77.4,8.36,8.82,declining,0,85.1,60.9,40,56.3,,61.7,Not Eligible,0,0.082
STU-1640,22CS840,CSE,8,79.6,7.21,7.66,declining,0,70.8,76.3,169,38.6,,74.3,In Process,0,0.211
STU-3162,24IT562,IT,4,83.7,7.18,7.54,declining,0,68.2,85.1,82,60.7,,75.2,Not Eligible,0,0.109
STU-7932,22CI832,Civil,8,66.0,6.99,7.39,declining,1,62.0,65.0,160,30.8,Completed,46.0,Placed,1,0.632
STU-3285,25IT685,IT,1,80.7,7.76,8.26,declining,0,76.2,67.0,23,52.0,,72.3,Not Eligible,0,0.182
STU-4731,24EC331,ECE,3,78.8,7.27,7.19,stable,0,79.5,77.9,63,59.4,,74.6,Not Eligible,0,0.134
STU-7268,25ME168,Mechanical,2,83.4,7.48,7.6,stable,0,80.1,76.2,42,70.5,Ongoing,67.1,Not Eligible,0,0.138
STU-5602,24EE302,EEE,3,78.0,7.99,7.89,stable,0,76.5,80.2,65,48.3,,71.4,Not Eligible,0,0.075
STU-3056,24IT456,IT,3,86.6,8.27,8.24,stable,0,83.2,85.9,64,16.5,,78.9,Not Eligible,0,0.186
STU-2474,22IT774,IT,7,67.7,7.61,7.17,improving,0,71.7,74.2,143,57.7,Completed,89.2,Placed,0,0.299
STU-6017,25EE717,EEE,1,83.1,7.54,8.07,declining,0,72.9,81.3,23,32.7,,65.5,Not Eligible,0,0.295
STU-3177,24IT577,IT,3,90.6,6.67,6.75,stable,0,69.8,79.5,59,62.4,,76.5,Not Eligible,0,0.043
STU-3508,24IT908,IT,3,78.8,8.18,7.59,improving,0,74.1,69.7,65,89.0,,80.8,Not Eligible,0,0.108
STU-6444,24ME244,Mechanical,3,99.0,5.64,5.69,stable,0,53.2,86.1,61,98.0,Ongoing,53.2,Not Eligible,0,0.249
STU-1204,24CS404,CSE,3,77.6,8.28,7.77,improving,0,89.1,71.8,59,27.6,,67.3,Not Eligible,0,0.161
STU-0786,22CS886,CSE,8,76.5,9.29,8.87,improving,0,94.9,72.3,168,43.7,Ongoing,97.9,Placed,0,0.175
STU-2803,24IT203,IT,3,84.7,9.94,9.88,stable,0,95.5,88.9,61,48.3,,80.7,Not Eligible,0,0.093
STU-3604,22EC104,ECE,8,75.6,7.94,8.19,declining,0,85.3,73.6,166,56.3,Completed,74.0,Placed,0,0.134
STU-2322,23IT622,IT,6,73.1,9.08,9.4,declining,0,80.2,72.8,126,54.3,Completed,84.2,Eligible,0,0.171
STU-5792,22EE492,EEE,8,74.1,7.82,7.46,improving,0,83.2,73.0,166,33.4,Completed,70.1,Placed,0,0.168
STU-6244,22EE944,EEE,8,73.4,6.83,6.76,stable,0,70.0,64.0,170,75.7,,89.4,In Process,0,0.116
STU-3711,25EC211,ECE,1,82.1,7.25,7.48,declining,0,77.0,91.0,22,30.1,,68.1,Not Eligible,0,0.071
STU-4728,25EC328,ECE,2,74.8,7.23,6.95,improving,0,79.4,76.6,40,40.8,,59.9,Not Eligible,0,0.132
STU-1217,25CS417,CSE,1,84.7,6.35,6.61,declining,0,60.1,87.1,19,59.7,,65.5,Not Eligible,0,0.081
STU-5574,24EE274,EEE,4,76.5,8.82,8.81,stable,0,82.9,76.7,85,44.1,,89.4,Not Eligible,0,0.108
STU-4225,22EC725,ECE,8,72.7,8.66,8.36,improving,0,80.5,74.2,169,53.4,Completed,78.6,Placed,0,0.187
STU-3430,25IT830,IT,2,79.9,8.51,8.57,stable,0,98.2,76.9,38,51.3,,74.7,Not Eligible,0,0.08
STU-5021,23EC621,ECE,6,91.2,7.42,7.29,stable,0,77.9,87.0,127,79.2,Completed,54.4,Eligible,0,0.084
STU-7383,22ME283,Mechanical,8,66.0,6.86,7.4,declining,0,68.4,66.0,166,43.3,,63.1,In Process,0,0.274
STU-2105,22CS405,CSE,7,84.0,8.39,8.42,stable,0,89.5,73.4,147,68.1,Completed,81.3,Placed,0,0.142
STU-2219,22IT519,IT,8,78.4,7.99,7.46,improving,0,68.2,77.2,168,77.1,Completed,64.0,Placed,0,0.133
STU-7909,25CI809,Civil,1,75.7,7.23,7.13,stable,0,73.4,76.5,18,46.9,,66.9,Not Eligible,0,0.056
STU-0854,22CS954,CSE,8,82.7,7.0,6.72,improving,0,75.6,84.0,164,94.2,,62.1,In Process,0,0.078
STU-7865,22CI765,Civil,8,80.9,5.86,5.97,stable,0,55.8,75.8,168,60.7,,36.6,In Process,0,0.251
STU-8157,22CI157,Civil,8,75.6,8.01,8.02,stable,0,84.5,68.4,169,59.8,,86.1,Not Eligible,0,0.132
STU-6546,24ME346,Mechanical,4,80.9,7.26,7.24,stable,0,63.6,77.5,84,53.3,,72.4,Not Eligible,0,0.093
STU-6507,23ME307,Mechanical,6,77.8,6.7,6.5,improving,0,71.0,79.9,128,62.5,Ongoing,48.9,Eligible,0,0.06
STU-3691,23EC191,ECE,6,83.0,8.18,8.22,stable,0,79.8,81.6,122,87.2,Ongoing,98.0,Eligible,0,0.058
STU-1503,25CS703,CSE,1,90.3,9.25,9.74,declining,0,98.2,81.3,21,72.3,,92.5,Not Eligible,0,0.319
STU-7381,24ME281,Mechanical,4,82.0,7.61,7.95,declining,0,83.9,76.8,82,74.6,,59.2,Not Eligible,0,0.082
STU-4488,22EC988,ECE,7,94.4,9.0,8.85,improving,0,89.0,84.7,145,58.8,Completed,93.5,Placed,0,0.084
STU-2397,24IT697,IT,4,71.1,8.27,7.97,improving,0,85.5,70.8,86,78.1,,81.4,Not Eligible,0,0.142
STU-7859,24CI759,Civil,4,75.7,5.9,5.8,stable,0,62.9,82.7,80,64.8,,68.3,Not Eligible,0,0.076
STU-3303,23IT703,IT,6,80.9,6.84,6.83,stable,0,67.9,73.7,124,38.5,,80.3,Eligible,0,0.082
STU-0744,24CS844,CSE,4,90.9,8.18,8.33,declining,3,85.7,78.4,70,53.3,,70.0,Not Eligible,1,0.543
STU-6904,24ME704,Mechanical,3,87.4,6.67,6.97,declining,0,65.6,78.5,59,95.3,,68.7,Not Eligible,0,0.161
STU-1184,22CS384,CSE,8,66.4,7.98,7.7,improving,0,78.4,73.6,166,78.0,Completed,67.4,Placed,0,0.316
STU-7081,23ME881,Mechanical,6,78.1,7.92,7.3,improving,0,71.3,71.3,127,60.5,Completed,86.8,Eligible,0,0.064
STU-2360,22IT660,IT,8,80.4,8.06,8.17,stable,0,75.7,80.3,169,50.0,,88.5,Placed,0,0.096
STU-2837,24IT237,IT,3,86.6,7.29,6.75,improving,0,72.1,76.6,59,60.3,,89.7,Not Eligible,0,0.104
STU-6176,24EE876,EEE,4,74.4,6.56,6.26,improving,0,58.9,70.7,85,98.0,,72.8,Not Eligible,0,0.075
STU-3648,24EC148,ECE,4,79.4,7.32,7.52,declining,0,75.3,81.5,84,35.0,,71.3,Not Eligible,0,0.111
STU-4881,23EC481,ECE,6,75.0,8.2,9.06,declining,0,71.9,73.7,127,84.0,,70.0,Eligible,0,0.338
STU-0396,22CS496,CSE,8,86.8,7.38,7.82,declining,0,82.9,83.6,169,61.4,,57.5,Placed,0,0.196
STU-1731,24CS931,CSE,3,93.8,7.43,7.75,declining,0,79.0,88.1,63,64.1,,81.4,Not Eligible,0,0.115
STU-0233,23CS333,CSE,5,97.7,7.72,7.73,stable,0,78.1,96.0,103,54.0,Completed,63.1,Eligible,0,0.095
STU-0198,22CS298,CSE,8,90.8,8.9,8.85,stable,0,95.8,86.9,166,74.5,Ongoing,98.0,In Process,0,0.039
STU-1061,22CS261,CSE,7,91.7,8.65,8.34,improving,0,84.3,95.7,147,39.7,Ongoing,74.3,Placed,0,0.056
STU-3567,22EC967,ECE,8,80.0,8.36,7.95,improving,0,85.9,80.3,166,48.8,,71.4,Placed,0,0.074
STU-3047,25IT447,IT,1,88.0,7.53,6.92,improving,0,79.8,95.2,22,98.0,Ongoing,78.1,Not Eligible,0,0.139
STU-2158,23IT458,IT,5,84.4,8.2,7.63,improving,0,90.7,86.0,101,63.2,Ongoing,57.1,Eligible,0,0.143
STU-1322,25CS522,CSE,2,79.8,7.4,7.13,improving,0,80.2,84.6,43,71.8,,90.7,Not Eligible,0,0.08
STU-2997,25IT397,IT,2,76.1,8.8,8.92,stable,0,87.7,76.3,42,79.2,,98.0,Not Eligible,0,0.099
STU-6723,24ME523,Mechanical,3,87.6,8.29,8.44,declining,0,90.2,91.2,63,52.8,,79.1,Not Eligible,0,0.076
STU-4410,23EC910,ECE,6,75.6,8.02,7.73,improving,0,80.4,76.9,127,41.6,,70.2,Eligible,0,0.1
STU-7346,23ME246,Mechanical,5,77.7,7.36,7.43,stable,0,62.1,85.6,103,39.0,,59.2,Eligible,0,0.081
STU-7837,24CI737,Civil,3,80.8,7.44,8.0,declining,0,70.6,79.7,64,27.4,,81.6,Not Eligible,0,0.255
STU-3867,22EC367,ECE,7,88.5,6.97,7.38,declining,0,71.1,82.1,145,66.9,Completed,67.2,In Process,0,0.172
STU-1804,24CS104,CSE,3,88.4,7.12,6.87,improving,0,70.3,88.5,63,79.8,,75.5,Not Eligible,0,0.085
STU-7870,23CI770,Civil,5,74.7,6.03,5.61,improving,0,58.3,78.6,105,61.5,,55.3,In Process,0,0.132
STU-1852,22CS152,CSE,7,97.5,8.07,8.25,declining,0,73.6,98.1,149,32.4,Completed,62.6,Placed,0,0.096
STU-5057,23EC657,ECE,6,85.5,7.43,7.47,stable,0,70.9,94.3,126,98.0,Completed,77.8,Eligible,0,0.064
STU-0050,25CS150,CSE,2,91.4,7.91,8.07,declining,0,79.6,90.8,40,66.5,,83.4,Not Eligible,0,0.111
STU-6657,23ME457,Mechanical,6,83.4,7.92,7.88,stable,0,83.3,90.3,122,51.6,Completed,74.6,Eligible,0,0.105
STU-8046,23CI946,Civil,6,82.3,6.6,5.87,improving,0,59.4,88.6,128,70.9,Ongoing,63.5,Eligible,0,0.057
STU-1523,24CS723,CSE,3,83.0,8.95,9.12,declining,0,90.1,82.5,61,60.3,,98.0,Not Eligible,0,0.073
STU-7438,24ME338,Mechanical,3,68.3,8.41,8.28,stable,0,80.4,70.8,64,39.0,,73.1,Not Eligible,0,0.134
STU-8263,23CI263,Civil,5,84.9,8.23,8.42,declining,0,77.2,83.3,105,23.9,Ongoing,64.3,Eligible,0,0.161
STU-3234,23IT634,IT,5,77.3,8.89,9.3,declining,0,82.7,75.7,101,65.1,Completed,81.1,Eligible,0,0.183
STU-0699,25CS799,CSE,2,91.6,9.15,9.38,declining,0,90.7,100.0,42,58.7,,93.1,Not Eligible,0,0.106
STU-7162,22ME962,Mechanical,8,68.1,7.09,7.24,declining,0,68.4,65.4,169,83.8,Completed,76.7,Placed,0,0.228
STU-2890,25IT290,IT,1,75.8,6.62,6.59,stable,0,67.2,68.8,19,65.6,,70.6,Not Eligible,0,0.05
STU-0264,24CS364,CSE,4,82.7,7.72,7.8,stable,0,87.6,83.5,86,77.6,,86.5,Not Eligible,0,0.072
STU-5073,25EC673,ECE,2,87.3,7.15,6.93,improving,0,61.4,82.5,44,74.2,Ongoing,51.7,Not Eligible,0,0.034
STU-6995,22ME795,Mechanical,7,72.3,8.69,8.44,improving,0,89.6,65.2,149,53.0,Completed,75.7,Not Eligible,0,0.174
STU-5128,23EC728,ECE,5,79.9,7.91,7.97,stable,0,76.4,74.0,101,91.6,Completed,69.6,Eligible,0,0.081
STU-8315,24CI315,Civil,3,77.8,7.93,8.01,stable,0,74.6,75.0,59,52.1,,90.9,Not Eligible,0,0.183
STU-5863,22EE563,EEE,8,73.4,7.53,7.75,declining,0,73.5,65.8,169,98.0,Ongoing,69.6,Placed,0,0.088
STU-3978,22EC478,ECE,7,98.0,6.55,6.55,stable,0,62.0,94.5,145,66.9,,63.8,Not Eligible,0,0.133
STU-8041,24CI941,Civil,4,83.4,7.54,7.05,improving,0,78.6,87.7,84,61.2,,71.7,Not Eligible,0,0.097
STU-2698,24IT998,IT,3,80.5,8.78,8.96,declining,0,89.0,78.4,63,61.1,,78.9,Not Eligible,0,0.111
STU-3052,23IT452,IT,5,73.3,7.86,7.5,improving,0,75.2,76.5,105,25.7,Completed,84.0,Eligible,0,0.118
STU-0955,24CS155,CSE,4,93.7,8.67,8.28,improving,0,91.7,87.6,84,43.2,,76.9,Not Eligible,0,0.054
STU-4018,24EC518,ECE,4,79.0,6.86,6.99,stable,0,75.2,77.9,86,53.5,,67.5,Not Eligible,0,0.194
STU-2506,22IT806,IT,7,76.0,7.92,8.34,declining,0,69.8,68.5,149,22.1,Completed,69.9,Placed,0,0.352
STU-4772,22EC372,ECE,8,93.3,6.64,6.76,stable,2,71.5,81.7,161,35.3,Ongoing,55.8,Not Eligible,0,0.39
STU-4873,23EC473,ECE,5,94.9,8.24,8.57,declining,0,76.5,96.8,105,44.9,Ongoing,86.7,Eligible,0,0.166
STU-1440,23CS640,CSE,6,99.0,9.21,8.48,improving,0,86.5,88.2,122,86.3,Ongoing,89.4,Eligible,0,0.06
STU-0030,25CS130,CSE,1,94.2,9.13,9.05,stable,0,95.0,85.2,19,82.7,,96.5,Not Eligible,0,0.119
STU-2827,22IT227,IT,8,92.2,8.15,8.13,stable,0,80.0,91.6,170,41.7,,98.0,Placed,0,0.071
STU-0253,22CS353,CSE,7,83.7,7.11,7.07,stable,0,69.8,81.4,149,42.5,Completed,70.9,Placed,0,0.129
STU-7641,25CI541,Civil,1,68.1,7.48,7.85,declining,0,70.3,59.4,18,53.0,,75.9,Not Eligible,0,0.293
STU-2575,24IT875,IT,3,88.6,7.84,7.29,improving,2,72.4,95.2,57,74.5,Ongoing,68.0,Not Eligible,0,0.198
STU-0441,25CS541,CSE,1,96.4,8.69,8.52,improving,0,89.0,89.6,22,66.8,,87.1,Not Eligible,0,0.089
STU-5827,25EE527,EEE,2,77.6,6.59,7.51,declining,0,55.1,78.6,43,48.4,,49.1,Not Eligible,0,0.308
STU-1535,24CS735,CSE,4,80.2,7.77,7.4,improving,0,79.5,76.4,86,56.2,,93.7,Not Eligible,0,0.09
STU-5516,23EE216,EEE,6,77.5,7.3,6.72,improving,0,75.0,77.5,122,66.9,Completed,56.7,Eligible,0,0.085
STU-1369,25CS569,CSE,2,91.1,6.53,6.33,improving,0,61.5,79.7,44,48.3,,59.0,Not Eligible,0,0.092
STU-1271,23CS471,CSE,6,84.9,8.02,7.88,stable,0,83.4,93.1,124,31.2,Ongoing,92.4,Eligible,0,0.093
STU-0447,22CS547,CSE,8,79.8,7.38,7.52,stable,0,63.5,75.2,168,86.6,Ongoing,60.8,In Process,0,0.065
STU-2282,24IT582,IT,3,67.3,8.23,8.02,improving,0,87.5,66.8,59,69.9,,97.9,Not Eligible,0,0.224
STU-0888,25CS988,CSE,2,78.9,7.86,7.62,improving,0,81.1,78.7,42,98.0,,79.7,Not Eligible,0,0.119
STU-5263,24EE863,EEE,4,68.6,6.54,6.37,improving,1,72.4,67.7,82,79.7,Ongoing,60.4,Not Eligible,0,0.345
STU-2663,22IT963,IT,7,81.9,8.41,8.33,stable,0,84.8,89.4,145,36.5,Completed,59.3,Placed,0,0.119
STU-7871,22CI771,Civil,8,87.3,7.28,6.75,improving,0,71.0,88.2,164,57.8,Ongoing,77.8,In Process,0,0.07
STU-0115,23CS215,CSE,5,73.0,8.16,7.64,improving,0,77.2,68.5,103,65.6,Completed,88.3,Eligible,0,0.106
STU-8337,25CI337,Civil,1,81.4,7.65,7.68,stable,0,66.7,84.0,22,75.0,,75.2,Not Eligible,0,0.085
STU-2215,23IT515,IT,6,67.1,8.12,8.09,stable,0,87.0,62.7,126,82.2,Completed,81.8,Eligible,0,0.167
STU-2021,22CS321,CSE,8,77.9,8.18,8.16,stable,0,78.1,79.4,166,62.6,Completed,73.2,Placed,0,0.11
STU-7625,22CI525,Civil,8,74.7,7.53,7.63,stable,3,77.6,72.8,154,75.4,,77.6,Placed,1,0.7
STU-4552,24EC152,ECE,3,97.6,7.99,7.45,improving,0,88.6,99.1,64,69.7,Ongoing,54.3,Not Eligible,0,0.067
STU-6580,23ME380,Mechanical,5,90.9,8.56,8.09,improving,0,92.0,100.0,106,49.9,,77.0,Eligible,0,0.128
STU-4485,23EC985,ECE,6,96.9,7.5,7.78,declining,0,69.2,95.7,127,76.9,,90.9,Eligible,0,0.087
STU-5522,23EE222,EEE,6,82.5,6.92,7.03,stable,0,72.1,79.1,127,22.4,,55.4,Eligible,0,0.219
STU-3872,25EC372,ECE,1,75.7,8.97,8.45,improving,0,88.8,79.9,22,62.4,,71.1,Not Eligible,0,0.062
STU-3517,25IT917,IT,1,76.9,8.61,9.11,declining,0,81.3,78.9,19,36.6,,78.3,Not Eligible,0,0.195
STU-8279,25CI279,Civil,1,73.3,8.96,9.33,declining,0,89.2,84.3,18,88.5,,96.6,Not Eligible,0,0.151
STU-3885,25EC385,ECE,1,71.5,7.94,8.34,declining,0,77.6,71.3,19,55.3,,90.2,Not Eligible,0,0.213
STU-4963,25EC563,ECE,1,79.6,7.49,7.41,stable,0,76.7,76.3,23,14.0,,69.6,Not Eligible,0,0.153
STU-1371,22CS571,CSE,8,80.5,8.28,7.88,improving,0,84.5,74.4,164,50.5,,63.0,Placed,0,0.077
STU-0834,25CS934,CSE,2,88.1,6.49,6.67,declining,0,69.4,93.0,42,46.6,Ongoing,44.4,Not Eligible,0,0.199
STU-0724,23CS824,CSE,6,77.2,8.34,8.2,stable,0,81.2,69.2,127,83.3,Ongoing,73.9,Eligible,0,0.116
STU-6812,24ME612,Mechanical,4,82.9,7.15,7.45,declining,0,71.5,69.4,86,75.0,,82.1,Not Eligible,0,0.239
STU-3767,25EC267,ECE,2,81.2,6.06,5.71,improving,0,57.5,79.0,42,73.3,Ongoing,62.8,Not Eligible,0,0.105
STU-8082,23CI982,Civil,6,80.7,7.57,7.84,declining,0,69.8,81.7,127,64.3,,73.5,Eligible,0,0.08
STU-0646,22CS746,CSE,8,86.4,7.27,7.15,stable,1,73.8,84.2,160,32.0,Completed,70.4,Not Eligible,0,0.178
STU-3091,25IT491,IT,1,95.9,8.02,8.29,declining,0,82.4,87.7,23,42.7,,63.8,Not Eligible,0,0.126
STU-8224,23CI224,Civil,6,77.7,6.06,5.64,improving,0,65.8,79.8,128,82.5,Completed,66.0,In Process,0,0.131
STU-1241,22CS441,CSE,7,99.0,6.35,5.89,improving,0,62.5,98.3,147,66.4,,74.6,In Process,0,0.162
STU-5559,23EE259,EEE,6,72.3,7.63,7.68,stable,0,75.7,65.6,127,38.4,,71.3,Eligible,0,0.122
STU-0491,24CS591,CSE,4,80.8,6.76,7.0,declining,0,70.6,83.4,80,39.1,,57.7,Not Eligible,0,0.14
STU-3176,22IT576,IT,7,95.4,6.78,6.18,improving,0,73.4,80.4,149,18.4,,68.5,Placed,0,0.166
STU-2634,25IT934,IT,1,79.6,8.98,9.11,stable,1,89.4,82.0,18,72.9,,84.7,Not Eligible,0,0.133
STU-6348,22ME148,Mechanical,7,91.5,8.22,8.17,stable,0,74.8,96.0,147,98.0,Completed,77.4,Placed,0,0.057
STU-4987,25EC587,ECE,2,87.3,6.76,7.03,declining,0,68.0,83.2,44,68.8,,54.6,Not Eligible,0,0.106
STU-5387,23EE987,EEE,5,85.4,8.3,8.93,declining,0,79.5,89.0,106,44.4,Completed,75.8,Eligible,0,0.296
STU-0301,25CS401,CSE,1,89.5,6.3,6.49,declining,0,62.5,86.7,19,70.3,,57.8,Not Eligible,0,0.1
STU-5610,24EE310,EEE,4,95.2,7.71,7.75,stable,0,72.5,94.8,84,53.8,,47.7,Not Eligible,0,0.087
STU-7597,22CI497,Civil,7,80.7,5.91,5.81,stable,0,54.1,83.1,149,55.5,,64.0,Not Eligible,0,0.211
STU-0563,25CS663,CSE,2,89.4,9.9,9.89,stable,0,98.0,86.0,40,37.1,,98.0,Not Eligible,0,0.138
STU-6209,24EE909,EEE,3,78.9,7.62,7.9,declining,0,72.8,79.1,64,24.1,,28.7,Not Eligible,0,0.212
STU-4732,23EC332,ECE,6,82.0,7.44,7.17,improving,0,66.3,80.9,126,77.3,,75.0,Eligible,0,0.037
STU-7667,24CI567,Civil,3,78.9,7.46,7.48,stable,0,73.7,83.0,65,27.8,,69.3,Not Eligible,0,0.096
STU-3239,24IT639,IT,3,80.5,7.66,7.93,declining,0,82.9,83.1,65,25.4,,76.3,Not Eligible,0,0.159
STU-2503,23IT803,IT,5,78.2,8.68,8.9,declining,0,81.4,79.3,105,22.1,Ongoing,82.1,Eligible,0,0.369
STU-4625,23EC225,ECE,6,88.8,8.87,8.99,stable,0,82.3,84.6,128,23.8,Completed,83.1,Eligible,0,0.148
STU-3090,22IT490,IT,8,87.3,8.22,8.57,declining,0,77.9,80.8,168,47.5,Completed,80.8,Placed,0,0.173
STU-4876,22EC476,ECE,7,76.6,8.15,8.75,declining,0,79.9,81.0,149,40.4,Completed,65.9,Placed,0,0.139
STU-6941,25ME741,Mechanical,2,83.5,7.39,7.5,stable,0,77.6,85.4,43,60.1,,80.8,Not Eligible,0,0.098
STU-6883,23ME683,Mechanical,5,67.9,5.59,5.93,declining,2,53.4,69.5,95,58.0,Completed,55.9,In Process,1,0.871
STU-0352,22CS452,CSE,7,83.8,7.43,7.14,improving,0,87.3,87.2,147,78.3,,52.5,Placed,0,0.196
STU-3321,24IT721,IT,4,86.8,6.42,6.67,declining,0,70.4,78.2,86,42.3,,46.6,Not Eligible,0,0.084
STU-7363,24ME263,Mechanical,4,91.5,6.97,7.2,declining,0,64.9,92.0,84,65.6,,51.2,Not Eligible,0,0.134
STU-0248,22CS348,CSE,8,87.1,8.43,7.71,improving,0,86.5,81.9,164,63.1,Completed,65.9,Placed,0,0.072
STU-5253,23EE853,EEE,5,69.9,7.53,7.22,improving,0,82.7,69.4,106,32.9,,68.4,Eligible,0,0.109
STU-5695,23EE395,EEE,5,90.7,6.85,6.76,stable,0,72.6,92.4,105,45.4,,62.0,Eligible,0,0.119
STU-4899,23EC499,ECE,5,76.4,7.32,7.0,improving,0,73.5,73.5,105,59.1,,82.8,Eligible,0,0.027
STU-3816,24EC316,ECE,4,98.9,8.02,7.54,improving,0,71.0,86.6,82,52.2,,86.7,Not Eligible,0,0.07
STU-5746,25EE446,EEE,2,75.7,7.63,8.63,declining,2,77.2,78.3,34,98.0,,77.2,Not Eligible,1,0.687
STU-5366,25EE966,EEE,2,84.3,7.19,6.84,improving,0,70.9,74.4,44,45.4,,67.6,Not Eligible,0,0.126
STU-6746,22ME546,Mechanical,8,82.6,6.87,6.83,stable,0,67.9,81.8,164,98.0,,58.7,In Process,0,0.097
STU-4594,23EC194,ECE,6,83.0,7.65,7.79,stable,0,77.5,81.4,127,51.3,Completed,75.0,Eligible,0,0.078
STU-4077,25EC577,ECE,2,76.7,8.51,8.44,stable,0,82.7,75.3,38,60.3,,65.8,Not Eligible,0,0.056
STU-2699,25IT999,IT,1,87.5,7.51,7.1,improving,0,68.5,86.3,23,54.7,,97.4,Not Eligible,0,0.146
STU-7929,25CI829,Civil,1,77.5,7.46,7.31,improving,0,77.4,78.0,21,85.1,,62.1,Not Eligible,0,0.121
STU-5324,25EE924,EEE,2,82.1,7.94,7.93,stable,0,83.7,85.4,40,59.3,,72.1,Not Eligible,0,0.05
STU-2072,24CS372,CSE,4,78.9,9.03,8.47,improving,0,91.7,79.1,86,60.3,,81.6,Not Eligible,0,0.148
STU-4441,23EC941,ECE,5,82.1,7.06,7.35,declining,0,74.5,82.0,107,69.1,,61.0,Eligible,0,0.174
STU-3827,25EC327,ECE,2,77.4,8.36,8.44,stable,0,84.9,75.3,40,60.0,,80.5,Not Eligible,0,0.088
STU-8188,24CI188,Civil,3,84.2,7.52,7.07,improving,0,75.2,75.8,64,97.7,Ongoing,79.8,Not Eligible,0,0.074
STU-0606,24CS706,CSE,4,93.4,8.46,9.36,declining,0,84.0,87.2,84,58.3,,94.3,Not Eligible,0,0.155
STU-8371,23CI371,Civil,5,67.4,7.22,7.11,stable,0,84.6,64.2,101,29.7,Completed,79.0,Eligible,0,0.145
STU-3084,22IT484,IT,7,74.0,7.94,8.17,declining,0,94.2,83.1,148,76.3,Completed,64.7,Placed,0,0.176
STU-4513,22EC113,ECE,8,82.2,9.05,8.86,improving,0,88.5,88.9,169,38.6,,74.4,Placed,0,0.127
STU-0849,24CS949,CSE,4,89.8,7.2,6.92,improving,0,72.5,83.1,84,41.4,,64.9,Not Eligible,0,0.067
STU-1811,23CS111,CSE,6,74.2,7.77,7.23,improving,1,76.0,63.0,124,81.4,Ongoing,87.4,In Process,0,0.208
STU-3673,25EC173,ECE,2,81.8,7.24,7.31,stable,0,68.6,76.9,44,50.7,,63.5,Not Eligible,0,0.137
STU-3228,24IT628,IT,4,87.8,8.67,8.4,improving,0,80.9,78.3,80,24.3,,87.1,Not Eligible,0,0.183
STU-2071,23CS371,CSE,6,79.2,8.54,8.47,stable,0,83.1,71.8,124,63.6,Completed,69.2,Eligible,0,0.092
STU-5273,23EE873,EEE,6,80.5,7.52,7.51,stable,0,73.9,80.1,124,80.2,Completed,78.1,Eligible,0,0.089
STU-5641,25EE341,EEE,1,66.6,8.4,8.17,improving,0,84.9,66.3,19,31.3,,79.5,Not Eligible,0,0.135
STU-7790,23CI690,Civil,5,75.3,7.11,7.37,declining,0,81.9,66.7,107,73.2,Ongoing,67.9,Eligible,0,0.14
STU-3754,22EC254,ECE,8,79.7,7.74,7.78,stable,0,75.8,86.0,168,80.2,Completed,68.9,Placed,0,0.051
STU-2567,23IT867,IT,6,65.7,7.56,8.03,declining,0,79.1,60.9,128,83.6,Completed,72.3,Eligible,1,0.513
STU-2375,24IT675,IT,4,94.9,8.13,8.04,stable,0,84.7,89.7,85,72.3,,97.9,Not Eligible,0,0.073
STU-5882,24EE582,EEE,3,80.1,8.16,7.76,improving,0,88.8,90.8,59,95.8,,57.7,Not Eligible,0,0.117
STU-5069,24EC669,ECE,3,75.2,8.34,8.87,declining,0,84.1,74.0,65,52.7,,88.3,Not Eligible,0,0.266
STU-2438,25IT738,IT,1,84.2,6.67,6.2,improving,2,74.5,71.1,18,76.1,,60.5,Not Eligible,0,0.232
STU-4293,25EC793,ECE,1,74.0,9.95,9.42,improving,0,99.0,71.9,19,65.5,,98.0,Not Eligible,0,0.088
STU-3984,25EC484,ECE,1,91.0,8.69,8.32,improving,0,96.5,92.9,22,92.9,,88.3,Not Eligible,0,0.117
STU-7054,24ME854,Mechanical,3,86.9,8.41,7.83,improving,0,84.7,88.4,65,62.1,,80.5,Not Eligible,0,0.044
STU-1920,24CS220,CSE,4,81.1,8.36,8.62,declining,0,78.1,80.3,82,79.9,,85.1,Not Eligible,0,0.221
STU-4934,25EC534,ECE,1,92.0,7.88,7.5,improving,0,80.8,83.2,18,5.2,,78.2,Not Eligible,0,0.118
STU-1604,24CS804,CSE,3,87.2,9.34,9.41,stable,0,86.6,93.0,61,67.6,,81.7,Not Eligible,0,0.098
STU-0677,25CS777,CSE,1,95.2,6.83,7.22,declining,0,60.4,99.8,18,89.3,,82.2,Not Eligible,0,0.247
STU-0496,24CS596,CSE,3,81.1,9.53,10.0,declining,0,90.2,75.2,65,57.7,,82.9,Not Eligible,0,0.123
STU-1254,25CS454,CSE,1,83.1,9.19,9.86,declining,0,83.2,78.9,19,78.6,,87.1,Not Eligible,0,0.197
STU-6488,25ME288,Mechanical,1,79.7,7.4,7.85,declining,1,81.5,80.6,18,80.8,,89.5,Not Eligible,0,0.361
STU-1357,22CS557,CSE,8,88.8,7.03,7.2,declining,0,73.7,85.4,164,45.3,,56.7,In Process,0,0.136
STU-5289,23EE889,EEE,5,73.4,7.4,7.37,stable,0,71.6,72.0,101,26.5,,63.1,Eligible,0,0.142
STU-5992,24EE692,EEE,3,73.9,7.22,6.37,improving,0,79.2,68.8,63,47.5,,53.6,Not Eligible,0,0.081
STU-0111,24CS211,CSE,3,95.5,9.95,9.91,stable,0,99.0,91.1,65,79.6,,89.9,Not Eligible,0,0.103
STU-2441,24IT741,IT,3,67.8,6.3,5.87,improving,0,62.1,80.8,63,57.6,Ongoing,39.1,Not Eligible,0,0.191
STU-5587,25EE287,EEE,1,69.1,7.99,8.05,stable,0,86.8,75.2,22,34.6,,80.1,Not Eligible,0,0.208
STU-4819,22EC419,ECE,8,89.7,9.13,9.19,stable,0,90.7,97.7,170,55.8,Completed,88.4,Placed,0,0.075
STU-1952,25CS252,CSE,2,86.3,9.04,9.58,declining,0,86.5,84.3,44,50.1,Ongoing,69.1,Not Eligible,0,0.28
STU-4615,23EC215,ECE,6,74.6,7.93,7.75,improving,0,74.1,76.4,128,45.8,Completed,75.4,Eligible,0,0.11
STU-5353,23EE953,EEE,6,85.4,6.36,6.38,stable,0,65.9,81.7,128,44.4,,71.6,In Process,0,0.109
STU-5052,25EC652,ECE,2,85.7,6.16,5.9,improving,0,65.7,81.9,44,75.5,,42.5,Not Eligible,0,0.089
STU-7591,23CI491,Civil,5,75.8,6.14,5.59,improving,0,65.0,75.4,103,71.5,,71.6,In Process,0,0.129
STU-2300,24IT600,IT,4,92.2,5.45,4.88,improving,0,49.3,92.1,82,75.8,,64.6,Not Eligible,0,0.354
STU-4245,22EC745,ECE,7,91.5,9.95,9.78,improving,0,99.0,86.9,145,79.7,Completed,90.1,Placed,0,0.082
STU-8349,23CI349,Civil,5,68.9,8.77,8.09,improving,0,88.0,74.8,101,54.7,Completed,98.0,Eligible,0,0.163
STU-5349,24EE949,EEE,3,74.1,8.63,8.71,stable,0,84.0,80.3,61,52.0,,87.1,Not Eligible,0,0.093
STU-1138,24CS338,CSE,4,93.8,7.33,6.88,improving,0,75.9,88.9,84,51.1,Ongoing,73.3,Not Eligible,0,0.089
STU-2895,25IT295,IT,1,89.0,8.61,8.27,improving,0,80.2,78.4,19,51.6,,79.3,Not Eligible,0,0.144
STU-2391,25IT691,IT,1,82.8,6.81,6.94,stable,2,64.5,88.2,18,46.4,,80.9,Not Eligible,0,0.206
STU-1033,25CS233,CSE,2,92.2,8.76,8.74,stable,0,86.2,81.5,40,57.6,,73.5,Not Eligible,0,0.129
STU-0597,23CS697,CSE,6,87.3,6.89,6.31,improving,0,70.1,74.2,122,70.2,Completed,54.8,Eligible,0,0.079
STU-3773,23EC273,ECE,6,85.5,7.76,7.85,stable,0,78.3,91.9,124,64.0,Ongoing,78.8,Eligible,0,0.098
STU-7336,24ME236,Mechanical,3,79.8,6.2,6.77,declining,0,67.2,83.6,59,64.5,,62.9,Not Eligible,0,0.195
STU-0698,23CS798,CSE,5,80.8,6.96,7.19,declining,1,65.7,73.8,99,39.8,,68.5,In Process,0,0.137
STU-4388,23EC888,ECE,6,95.0,7.9,8.05,declining,0,81.0,90.2,126,86.4,Completed,69.6,Eligible,0,0.127
STU-4030,22EC530,ECE,7,82.1,8.97,9.19,declining,0,91.7,88.6,145,62.6,,98.0,Placed,0,0.07
STU-2903,24IT303,IT,3,82.7,7.75,7.52,improving,0,77.5,90.6,64,51.5,,81.0,Not Eligible,0,0.099
STU-1459,25CS659,CSE,2,77.9,8.45,8.4,stable,0,80.4,89.1,43,31.9,,77.2,Not Eligible,0,0.059
STU-2771,24IT171,IT,3,76.4,8.77,8.67,stable,0,78.8,76.7,63,77.8,,91.4,Not Eligible,0,0.088
STU-3981,23EC481,ECE,6,77.3,7.89,7.8,stable,0,81.5,69.7,128,27.4,,61.4,Eligible,0,0.117
STU-2290,22IT590,IT,8,97.4,7.13,7.02,stable,0,79.3,88.3,166,58.1,Completed,72.1,In Process,0,0.134
STU-2819,23IT219,IT,5,70.3,7.72,7.4,improving,0,78.9,61.4,103,37.9,Completed,69.2,Eligible,0,0.163
STU-4645,25EC245,ECE,2,77.3,8.72,8.85,stable,0,85.5,83.6,40,78.8,,67.2,Not Eligible,0,0.085
STU-6651,24ME451,Mechanical,4,63.9,5.23,4.9,improving,2,49.2,60.5,72,64.8,Ongoing,54.4,Not Eligible,1,0.916
STU-6766,25ME566,Mechanical,1,70.4,8.29,8.24,stable,0,81.4,72.8,21,75.9,,36.3,Not Eligible,0,0.236
STU-0452,23CS552,CSE,5,99.0,8.66,9.12,declining,0,86.8,93.2,101,45.7,Completed,76.2,Eligible,0,0.183
STU-1120,25CS320,CSE,1,86.3,7.88,8.44,declining,0,73.7,90.0,23,61.3,,86.6,Not Eligible,0,0.228
STU-1244,22CS444,CSE,7,87.7,8.36,8.58,declining,0,79.7,82.6,149,26.9,Completed,76.2,Placed,0,0.099
STU-5454,25EE154,EEE,1,88.5,7.62,7.9,declining,0,71.0,89.6,21,98.0,,60.9,Not Eligible,0,0.096
STU-5130,25EC730,ECE,2,87.0,8.87,8.14,improving,0,94.2,76.4,42,53.1,,88.7,Not Eligible,0,0.092
STU-4289,24EC789,ECE,3,85.9,6.73,6.83,stable,0,78.1,78.9,64,34.5,Ongoing,53.6,Not Eligible,0,0.077
STU-4983,22EC583,ECE,7,73.1,8.12,8.13,stable,0,81.9,70.2,149,39.3,Completed,61.4,Placed,0,0.135
STU-4033,22EC533,ECE,8,78.4,7.86,7.73,stable,0,89.1,84.5,166,94.1,Ongoing,76.3,Placed,0,0.09
STU-6483,22ME283,Mechanical,8,73.3,7.43,7.92,declining,0,75.6,72.4,164,73.3,,70.3,In Process,0,0.241
STU-4013,23EC513,ECE,5,78.3,8.52,7.85,improving,0,82.0,71.9,107,85.9,,93.1,Eligible,0,0.074
STU-2936,22IT336,IT,7,88.6,8.68,8.35,improving,0,96.1,88.3,149,76.2,Completed,89.0,Placed,0,0.063
STU-1588,24CS788,CSE,4,98.4,9.02,8.82,improving,0,82.0,87.2,80,84.4,,98.0,Not Eligible,0,0.077
STU-0725,23CS825,CSE,5,80.6,7.3,6.97,improving,0,81.8,81.6,101,65.8,Ongoing,98.0,Eligible,0,0.109
STU-2165,25IT465,IT,2,93.8,6.21,5.63,improving,1,60.6,80.5,36,55.2,,71.3,Not Eligible,0,0.344
STU-6394,25ME194,Mechanical,1,74.2,7.55,7.12,improving,0,71.9,66.2,21,27.9,,67.8,Not Eligible,0,0.095
STU-3544,23EC944,ECE,5,80.0,8.8,8.86,stable,0,87.6,89.6,103,27.5,Completed,81.7,Eligible,0,0.101
STU-1034,25CS234,CSE,1,76.0,8.64,8.31,improving,0,85.9,80.2,19,54.0,,81.5,Not Eligible,0,0.106
STU-0568,24CS668,CSE,4,94.4,7.97,8.41,declining,0,76.3,97.3,84,92.0,,64.4,Not Eligible,0,0.15
STU-4516,25EC116,ECE,2,83.5,7.94,7.99,stable,0,80.5,80.8,38,54.8,,81.3,Not Eligible,0,0.115
STU-4953,23EC553,ECE,6,72.1,7.48,7.43,stable,0,74.3,64.1,126,53.7,,79.9,Eligible,0,0.113
STU-7073,25ME873,Mechanical,1,83.5,7.47,7.43,stable,2,71.9,96.2,18,50.0,,69.0,Not Eligible,0,0.443
STU-7459,25ME359,Mechanical,2,78.6,7.56,7.6,stable,0,69.7,68.2,40,50.7,,77.0,Not Eligible,0,0.088
STU-2069,25CS369,CSE,2,80.0,7.59,7.1,improving,0,75.6,86.5,44,98.0,,74.9,Not Eligible,0,0.1
STU-3855,25EC355,ECE,1,85.2,9.47,9.44,stable,0,97.5,79.1,18,33.7,Ongoing,98.0,Not Eligible,0,0.216
STU-4603,23EC203,ECE,5,83.0,6.9,6.75,improving,0,61.9,74.8,107,41.1,Ongoing,78.5,Eligible,0,0.093
STU-6947,23ME747,Mechanical,5,83.1,7.54,6.86,improving,0,91.5,88.1,101,32.1,Completed,66.6,Eligible,0,0.172
STU-2690,22IT990,IT,7,88.1,7.96,7.98,stable,0,80.3,82.7,147,58.4,Ongoing,65.1,Placed,0,0.067
STU-4912,23EC512,ECE,6,98.3,6.89,6.98,stable,0,67.5,97.9,127,44.7,Ongoing,71.5,Eligible,0,0.085
STU-3743,24EC243,ECE,3,69.9,7.51,7.83,declining,0,72.6,74.3,61,39.4,,65.9,Not Eligible,0,0.187
STU-8021,22CI921,Civil,7,84.7,6.43,6.26,improving,0,63.9,84.1,145,78.8,,47.3,In Process,0,0.157
STU-3144,23IT544,IT,6,89.4,8.9,8.3,improving,0,83.1,85.9,122,72.9,,98.0,Eligible,0,0.077
STU-3875,24EC375,ECE,4,64.4,7.28,7.42,stable,2,78.1,63.9,74,84.8,,62.3,Not Eligible,1,0.831
STU-1348,24CS548,CSE,3,81.3,9.72,9.7,stable,0,91.3,80.0,64,34.3,,86.5,Not Eligible,0,0.067
STU-0573,24CS673,CSE,4,79.1,6.53,6.92,declining,1,67.1,76.5,78,42.3,,65.5,Not Eligible,0,0.297
STU-1629,25CS829,CSE,1,83.1,6.79,6.63,improving,0,63.6,74.9,22,40.4,,65.3,Not Eligible,0,0.167
STU-6934,22ME734,Mechanical,8,58.2,7.04,6.19,improving,0,69.1,63.8,169,41.0,,74.6,In Process,1,0.659
STU-5124,25EC724,ECE,2,81.5,8.98,8.85,stable,0,92.9,76.7,44,89.4,,62.2,Not Eligible,0,0.106
STU-6388,23ME188,Mechanical,6,81.9,8.47,8.26,improving,0,78.3,84.7,128,95.8,Completed,79.7,Eligible,0,0.081
STU-0785,25CS885,CSE,2,86.3,9.61,9.37,improving,0,94.2,84.0,44,49.8,,98.0,Not Eligible,0,0.13
STU-0674,23CS774,CSE,5,87.8,8.84,8.73,stable,0,84.9,84.6,101,50.3,,72.6,Eligible,0,0.069
STU-7827,23CI727,Civil,6,60.5,7.06,7.27,declining,0,61.3,65.5,122,46.0,Completed,58.0,Eligible,1,0.524
STU-4702,22EC302,ECE,8,87.1,6.27,6.5,declining,0,64.7,88.1,169,67.8,,55.6,Not Eligible,0,0.196
STU-1213,25CS413,CSE,2,78.6,8.57,8.06,improving,0,81.3,83.8,40,28.3,,76.3,Not Eligible,0,0.178
STU-0178,24CS278,CSE,3,85.3,8.36,8.63,declining,0,82.8,83.1,59,62.8,,74.1,Not Eligible,0,0.125
STU-8298,25CI298,Civil,2,65.2,6.11,5.84,improving,0,70.7,64.7,38,83.9,,63.4,Not Eligible,0,0.27
STU-2642,24IT942,IT,4,81.9,6.85,6.58,improving,0,73.9,78.3,82,53.5,,52.2,Not Eligible,0,0.084
STU-0299,23CS399,CSE,5,94.7,7.61,7.65,stable,0,74.3,88.4,101,54.5,Completed,87.0,Eligible,0,0.134
STU-0524,22CS624,CSE,7,81.8,8.13,8.04,stable,0,76.8,80.0,149,38.6,Completed,94.8,Placed,0,0.109
STU-0702,25CS802,CSE,1,93.4,8.24,8.66,declining,0,77.2,87.1,19,61.6,,85.6,Not Eligible,0,0.141
STU-3752,23EC252,ECE,6,95.9,8.18,7.94,improving,0,94.0,82.5,128,68.6,Ongoing,75.3,Eligible,0,0.076
STU-3842,22EC342,ECE,8,77.1,6.7,6.82,stable,0,70.7,91.8,169,83.9,,71.8,In Process,0,0.144
STU-0832,24CS932,CSE,4,78.6,8.08,7.94,stable,0,80.0,78.8,82,76.7,,86.7,Not Eligible,0,0.095
STU-3301,25IT701,IT,2,77.0,8.02,7.88,stable,0,81.5,80.5,42,77.3,,85.8,Not Eligible,0,0.056
STU-1600,22CS800,CSE,8,91.2,8.25,8.58,declining,0,82.1,80.8,170,76.8,Ongoing,73.7,Placed,0,0.205
STU-2836,22IT236,IT,8,79.6,8.34,9.01,declining,0,82.8,82.0,169,52.4,Completed,64.3,Placed,0,0.158
STU-6286,25EE986,EEE,2,81.9,7.22,7.33,stable,0,72.3,86.4,40,43.7,Ongoing,69.5,Not Eligible,0,0.09
STU-1530,23CS730,CSE,5,84.5,9.25,9.51,declining,0,88.4,86.2,106,80.0,Completed,92.2,Eligible,0,0.127
STU-2283,24IT583,IT,4,94.4,8.23,8.49,declining,0,73.4,92.6,84,59.9,Ongoing,46.5,Not Eligible,0,0.132
STU-3269,23IT669,IT,5,91.5,7.32,6.25,improving,0,79.3,90.3,107,83.2,,67.7,Eligible,0,0.107
STU-3522,22EC922,ECE,8,91.4,7.44,7.79,declining,0,73.9,88.5,166,44.9,Completed,91.5,In Process,0,0.256
STU-7129,25ME929,Mechanical,1,73.3,7.17,6.76,improving,0,77.2,80.6,22,23.1,,51.1,Not Eligible,0,0.128
STU-1700,23CS900,CSE,5,74.1,7.98,8.09,stable,0,76.3,70.1,103,71.1,Ongoing,53.3,Eligible,0,0.069
STU-1863,25CS163,CSE,2,95.9,9.21,9.12,stable,0,87.9,94.2,38,67.2,,83.3,Not Eligible,0,0.093
STU-0036,22CS136,CSE,7,80.3,7.72,7.68,stable,0,67.9,79.6,149,93.3,Completed,52.1,Placed,0,0.113
STU-5275,24EE875,EEE,3,72.4,6.1,6.3,declining,2,57.3,70.8,56,77.6,,61.4,Not Eligible,1,0.616
STU-0331,24CS431,CSE,3,77.4,8.74,8.67,stable,0,85.9,75.7,65,58.1,,66.7,Not Eligible,0,0.161
STU-4335,25EC835,ECE,1,89.0,6.96,6.8,improving,0,65.2,82.8,22,55.3,,67.9,Not Eligible,0,0.06
STU-4688,22EC288,ECE,8,73.1,9.95,9.94,stable,0,91.5,75.1,164,98.0,Completed,98.0,Placed,0,0.128
STU-2376,23IT676,IT,5,79.0,6.61,6.9,declining,2,61.0,78.8,95,75.3,Completed,76.6,In Process,0,0.388
STU-2211,25IT511,IT,2,83.7,7.51,7.65,stable,0,76.9,76.5,44,63.8,,66.6,Not Eligible,0,0.088
STU-5874,25EE574,EEE,2,81.4,7.25,7.27,stable,0,73.9,88.3,40,62.8,,77.3,Not Eligible,0,0.154
STU-8115,23CI115,Civil,5,83.9,7.56,6.99,improving,1,73.3,75.4,102,46.8,,53.9,In Process,0,0.197
STU-1988,24CS288,CSE,4,99.0,8.09,7.6,improving,0,75.2,89.8,82,98.0,,90.0,Not Eligible,0,0.058
STU-2915,23IT315,IT,6,62.2,8.75,8.85,stable,0,89.8,59.0,128,63.4,Completed,65.6,Eligible,0,0.488
STU-4980,25EC580,ECE,1,77.1,6.76,6.81,stable,0,64.6,75.4,21,34.5,,62.4,Not Eligible,0,0.14
STU-5931,22EE631,EEE,7,86.7,8.47,8.21,improving,0,77.8,87.2,143,63.7,Completed,88.4,Placed,0,0.076
STU-6307,22EE107,EEE,7,70.8,6.73,6.62,stable,4,62.4,71.4,127,98.0,,71.4,In Process,1,0.888
STU-4114,25EC614,ECE,2,64.5,8.03,7.75,improving,0,79.3,67.0,42,67.7,,79.2,Not Eligible,0,0.185
STU-7245,22ME145,Mechanical,8,74.8,8.46,8.46,stable,0,91.9,65.7,164,60.0,Ongoing,81.6,Placed,0,0.092
STU-4965,25EC565,ECE,1,68.6,8.22,8.37,declining,0,80.8,67.6,18,54.6,,89.0,Not Eligible,0,0.133
STU-3961,23EC461,ECE,5,92.3,6.69,6.23,improving,0,73.5,87.2,101,32.3,,47.5,Eligible,0,0.091
STU-2927,24IT327,IT,4,89.3,8.11,7.65,improving,0,83.3,97.4,82,35.9,,84.0,Not Eligible,0,0.127
STU-6983,23ME783,Mechanical,6,69.3,7.87,7.36,improving,0,81.0,73.2,124,31.4,Ongoing,83.6,Eligible,0,0.212
STU-2601,25IT901,IT,1,84.7,8.18,8.06,stable,0,90.3,83.8,23,68.9,,87.9,Not Eligible,0,0.121
STU-0316,23CS416,CSE,6,78.2,5.62,5.71,stable,1,59.6,82.9,118,98.0,Completed,44.8,In Process,0,0.422
STU-5967,24EE667,EEE,3,80.9,7.58,7.86,declining,0,68.2,82.4,63,64.3,,63.9,Not Eligible,0,0.147
STU-1446,25CS646,CSE,2,77.7,8.85,8.67,improving,0,84.1,70.7,44,86.6,,88.6,Not Eligible,0,0.096
STU-2407,25IT707,IT,2,87.3,8.86,9.04,declining,0,90.2,84.9,38,28.2,,88.6,Not Eligible,0,0.221
STU-5689,24EE389,EEE,3,69.3,7.6,7.58,stable,0,78.8,72.0,64,75.3,,81.9,Not Eligible,0,0.144
STU-2861,22IT261,IT,7,74.8,6.33,6.43,stable,2,62.5,75.8,139,65.9,,63.6,Placed,0,0.423
STU-0620,23CS720,CSE,6,89.6,7.2,7.65,declining,0,68.2,77.2,122,67.1,,72.9,Eligible,0,0.239
STU-3189,24IT589,IT,4,85.1,9.88,10.0,stable,0,99.0,81.4,82,56.6,,67.0,Not Eligible,0,0.13
STU-3190,25IT590,IT,2,69.8,8.46,8.67,declining,0,77.6,66.0,38,54.5,,95.8,Not Eligible,0,0.223
STU-0583,24CS683,CSE,4,87.0,7.77,8.68,declining,0,75.5,88.7,82,45.5,,93.1,Not Eligible,0,0.36
STU-6961,23ME761,Mechanical,6,79.5,7.28,7.21,stable,0,62.1,79.6,128,51.5,Completed,72.6,Eligible,0,0.076
STU-2204,24IT504,IT,4,87.7,6.58,6.19,improving,0,70.8,82.8,84,66.3,,64.8,Not Eligible,0,0.125
STU-3607,25EC107,ECE,1,82.9,7.42,7.23,improving,0,71.0,72.0,18,64.3,,76.7,Not Eligible,0,0.111
STU-1881,23CS181,CSE,6,86.1,8.7,8.86,declining,0,87.5,85.6,122,83.5,Completed,86.0,Eligible,0,0.05
STU-5171,25EC771,ECE,2,85.4,7.05,7.77,declining,0,72.1,75.9,38,49.8,,74.0,Not Eligible,0,0.221
STU-4422,23EC922,ECE,6,73.8,7.56,7.49,stable,0,78.9,68.5,126,62.7,,98.0,Eligible,0,0.07
STU-1418,25CS618,CSE,1,87.9,9.51,9.05,improving,0,90.9,84.5,19,65.6,,98.0,Not Eligible,0,0.082
STU-7216,25ME116,Mechanical,1,90.7,7.0,7.16,declining,0,69.7,98.1,21,59.5,,70.7,Not Eligible,0,0.165
STU-3606,25EC106,ECE,1,77.6,7.38,7.42,stable,0,73.2,73.8,19,69.6,,82.9,Not Eligible,0,0.145
STU-4483,24EC983,ECE,4,69.1,7.8,7.67,stable,0,77.9,73.5,84,64.5,Ongoing,74.7,Not Eligible,0,0.178
STU-6113,24EE813,EEE,3,79.4,6.42,6.61,declining,0,56.8,86.5,63,62.6,,60.6,Not Eligible,0,0.142
STU-2230,23IT530,IT,6,86.7,9.15,8.34,improving,0,89.2,80.8,127,66.6,,98.0,Eligible,0,0.153
STU-1264,24CS464,CSE,4,81.1,9.22,9.7,declining,0,94.3,71.2,86,40.4,,82.3,Not Eligible,0,0.112
STU-2986,24IT386,IT,3,88.7,7.73,7.05,improving,0,79.2,80.0,64,36.5,,69.5,Not Eligible,0,0.186
STU-4401,25EC901,ECE,2,80.2,6.27,5.97,improving,0,68.2,87.6,44,66.2,,57.1,Not Eligible,0,0.157
STU-7601,25CI501,Civil,2,74.3,7.25,7.47,declining,1,76.0,66.0,34,13.6,,44.2,Not Eligible,0,0.255
STU-1140,23CS340,CSE,5,89.1,7.4,6.92,improving,0,75.9,76.9,101,36.7,,67.4,Eligible,0,0.138
STU-1432,24CS632,CSE,4,88.0,9.16,9.28,stable,0,93.6,100.0,84,71.1,,82.3,Not Eligible,0,0.133
STU-1058,24CS258,CSE,4,85.8,6.93,6.51,improving,0,77.1,85.6,82,79.6,Ongoing,49.9,Not Eligible,0,0.073
STU-2159,23IT459,IT,5,88.3,7.59,7.42,improving,0,75.0,84.0,103,49.0,Completed,86.8,Eligible,0,0.09
STU-6874,22ME674,Mechanical,7,92.5,7.78,7.04,improving,0,83.6,100.0,143,54.7,,72.2,Placed,0,0.12
STU-4444,22EC944,ECE,7,82.6,9.54,9.34,improving,0,92.7,68.7,148,66.7,,78.6,Placed,0,0.088
STU-4830,23EC430,ECE,5,87.6,8.26,8.15,stable,0,80.3,89.0,105,42.0,Completed,78.7,Eligible,0,0.072
STU-0572,22CS672,CSE,7,84.9,7.61,7.4,improving,0,80.2,88.8,143,28.0,Completed,73.1,Placed,0,0.244
STU-4012,25EC512,ECE,2,63.9,7.87,7.78,stable,0,78.4,70.9,44,98.0,Ongoing,88.8,Not Eligible,0,0.241
STU-7377,25ME277,Mechanical,1,86.7,8.12,7.58,improving,0,83.3,75.4,19,68.3,,56.9,Not Eligible,0,0.042
STU-5404,22EE104,EEE,8,89.0,7.31,7.27,stable,0,72.1,93.0,166,47.3,Completed,67.0,Not Eligible,0,0.118
STU-2150,22IT450,IT,8,72.6,6.87,6.68,improving,1,69.9,70.7,162,47.7,,57.3,Not Eligible,0,0.225
STU-1350,25CS550,CSE,1,85.6,6.98,7.31,declining,0,73.4,89.3,23,52.9,,62.4,Not Eligible,0,0.182
STU-4286,23EC786,ECE,6,89.7,6.77,7.24,declining,1,67.1,79.6,124,59.0,,74.5,In Process,0,0.389
STU-6090,24EE790,EEE,3,75.7,7.33,7.61,declining,1,70.8,77.5,60,54.8,,49.9,Not Eligible,0,0.278
STU-7032,22ME832,Mechanical,7,89.8,6.54,6.34,improving,0,60.3,88.8,143,85.2,,62.9,In Process,0,0.064
STU-8022,25CI922,Civil,2,82.9,7.7,7.56,stable,0,71.9,78.5,42,90.0,,87.3,Not Eligible,0,0.119
STU-6842,25ME642,Mechanical,2,68.5,6.36,6.5,stable,0,60.4,81.7,40,94.5,,64.3,Not Eligible,0,0.186
STU-7704,25CI604,Civil,2,92.3,7.07,7.27,declining,0,73.0,83.8,43,75.9,Ongoing,69.3,Not Eligible,0,0.09
STU-3630,23EC130,ECE,5,86.5,7.31,7.52,declining,0,70.6,78.0,105,31.0,Completed,80.5,Eligible,0,0.125
STU-4652,23EC252,ECE,6,94.3,7.97,7.9,stable,0,87.0,98.7,127,68.8,Completed,80.1,Eligible,0,0.064
STU-3923,22EC423,ECE,7,71.3,7.06,7.58,declining,1,67.3,71.4,145,98.0,Completed,67.8,In Process,0,0.475
STU-8272,25CI272,Civil,2,91.3,6.84,7.33,declining,0,69.7,84.4,42,50.7,,65.2,Not Eligible,0,0.128
STU-6085,22EE785,EEE,7,69.6,7.54,7.0,improving,0,90.4,73.6,143,75.4,Ongoing,57.9,In Process,0,0.171
STU-7775,24CI675,Civil,4,67.6,7.5,7.93,declining,0,83.4,63.7,80,93.3,,71.5,Not Eligible,0,0.256
STU-7494,25ME394,Mechanical,1,80.0,6.64,6.5,stable,1,59.5,80.6,18,10.6,,52.2,Not Eligible,0,0.453
STU-4143,22EC643,ECE,8,75.3,7.51,7.56,stable,0,71.8,78.6,168,57.7,Completed,74.9,Placed,0,0.077
STU-3798,24EC298,ECE,4,80.4,7.61,8.68,declining,0,73.1,71.7,86,50.2,,68.7,Not Eligible,0,0.404
STU-3833,25EC333,ECE,1,80.6,7.47,7.15,improving,0,76.6,75.4,22,63.2,,58.0,Not Eligible,0,0.069
STU-6815,23ME615,Mechanical,6,73.5,6.88,7.1,declining,0,71.2,79.5,127,85.0,Completed,77.0,Eligible,0,0.104
STU-1104,22CS304,CSE,8,89.6,8.65,8.88,declining,0,85.2,71.3,164,73.5,Ongoing,68.0,Placed,0,0.099
STU-5441,23EE141,EEE,5,75.1,8.27,8.9,declining,0,76.6,78.3,106,49.3,,71.2,Eligible,0,0.203
STU-4284,23EC784,ECE,5,84.8,7.85,7.16,improving,0,81.3,77.2,101,54.0,Completed,86.7,Eligible,0,0.059
STU-5879,23EE579,EEE,5,82.6,8.14,8.14,stable,0,75.3,90.3,103,75.7,Completed,75.9,Eligible,0,0.089
STU-6989,24ME789,Mechanical,4,70.5,8.37,8.71,declining,0,74.2,68.4,84,47.3,,66.0,Not Eligible,0,0.125
STU-6822,24ME622,Mechanical,4,78.5,5.82,5.91,stable,0,45.0,81.6,82,81.5,Ongoing,49.5,Not Eligible,1,0.5
STU-0353,23CS453,CSE,6,80.4,8.68,8.13,improving,0,79.4,76.3,127,84.4,Completed,95.5,Eligible,0,0.058
STU-1944,23CS244,CSE,6,85.4,7.93,7.75,improving,0,81.8,82.7,122,48.6,Completed,48.9,Eligible,0,0.08
STU-3521,25EC921,ECE,2,80.3,7.05,7.37,declining,0,70.0,82.5,44,58.0,,80.0,Not Eligible,0,0.286
STU-1930,25CS230,CSE,1,74.6,7.02,7.34,declining,0,69.9,78.7,22,39.6,Ongoing,64.7,Not Eligible,0,0.12
STU-5297,23EE897,EEE,6,58.9,6.55,6.47,stable,0,68.1,66.7,128,34.7,Completed,49.7,Eligible,1,0.666
STU-0723,25CS823,CSE,1,87.5,7.77,7.77,stable,0,85.6,78.2,18,51.8,,74.6,Not Eligible,0,0.115
STU-6266,24EE966,EEE,4,72.7,8.07,7.99,stable,0,86.2,75.3,85,29.8,,85.8,Not Eligible,0,0.196
STU-7176,24ME976,Mechanical,4,68.6,9.49,9.75,declining,0,95.7,82.6,86,66.4,,87.9,Not Eligible,0,0.369
STU-1512,23CS712,CSE,6,77.6,8.25,8.38,stable,0,92.6,78.9,126,73.6,,93.1,Eligible,0,0.114
STU-3260,23IT660,IT,5,93.5,7.53,7.31,improving,0,80.6,96.8,106,30.6,,69.2,Eligible,0,0.085
STU-0465,22CS565,CSE,8,92.8,9.95,9.79,improving,0,99.0,97.0,166,50.5,Completed,86.6,Placed,0,0.104
STU-2825,25IT225,IT,2,73.9,6.84,6.79,stable,0,64.9,75.6,44,77.4,,47.6,Not Eligible,0,0.106
STU-6423,25ME223,Mechanical,2,64.6,7.57,7.23,improving,0,79.2,58.0,40,52.1,,89.6,Not Eligible,0,0.308
STU-6534,25ME334,Mechanical,1,72.8,8.1,7.69,improving,0,79.3,74.6,21,62.0,Ongoing,93.1,Not Eligible,0,0.051
STU-8310,24CI310,Civil,3,87.7,7.57,7.33,improving,0,78.2,86.2,64,78.8,,75.4,Not Eligible,0,0.114
STU-6354,23ME154,Mechanical,5,77.9,8.02,8.22,declining,0,86.2,78.4,103,72.8,Completed,55.6,Eligible,0,0.16
STU-3898,23EC398,ECE,6,74.0,7.62,7.98,declining,0,74.5,72.8,127,52.9,Ongoing,78.2,Eligible,0,0.181
STU-1889,23CS189,CSE,6,80.0,9.29,8.91,improving,0,99.0,72.2,122,94.8,Completed,72.0,Eligible,0,0.096
STU-1146,22CS346,CSE,7,82.9,9.95,9.47,improving,0,99.0,84.6,145,61.2,Completed,89.0,Placed,0,0.116
STU-4639,22EC239,ECE,7,82.8,7.57,8.16,declining,0,70.9,79.0,147,48.9,Completed,84.6,Placed,0,0.28
STU-0647,23CS747,CSE,5,89.1,7.79,7.85,stable,0,74.8,81.0,106,85.2,Completed,68.4,Eligible,0,0.108
STU-3835,24EC335,ECE,3,85.9,7.18,7.35,declining,0,75.9,84.1,63,46.9,,70.4,Not Eligible,0,0.091
STU-7328,22ME228,Mechanical,7,72.6,8.03,7.74,improving,0,79.0,82.9,148,23.1,,92.8,Placed,0,0.173
STU-4680,23EC280,ECE,6,62.8,7.98,7.78,improving,0,90.2,70.4,127,26.7,Ongoing,92.5,Eligible,0,0.323
STU-8326,25CI326,Civil,1,93.9,8.0,8.25,declining,0,92.9,93.3,18,34.7,,82.9,Not Eligible,0,0.122
STU-7678,25CI578,Civil,1,70.9,6.74,6.98,declining,0,66.2,65.9,21,26.9,,41.9,Not Eligible,0,0.184
STU-2957,24IT357,IT,4,70.3,7.5,7.19,improving,1,81.3,75.9,78,46.1,,72.1,Not Eligible,0,0.118
STU-3874,23EC374,ECE,6,82.8,6.76,7.07,declining,0,65.8,72.7,122,74.9,,50.5,Eligible,0,0.182
STU-7422,24ME322,Mechanical,4,73.7,7.29,7.74,declining,0,72.4,80.5,80,52.7,,48.7,Not Eligible,0,0.116
STU-8183,24CI183,Civil,4,69.6,7.6,7.47,stable,0,77.6,81.3,82,26.3,,71.1,Not Eligible,0,0.148
STU-8346,25CI346,Civil,2,80.9,6.56,6.36,improving,0,63.1,83.7,40,43.9,,64.0,Not Eligible,0,0.121
STU-6212,22EE912,EEE,8,87.9,8.45,8.59,stable,0,82.0,96.8,168,97.1,Completed,64.5,Placed,0,0.157
STU-5567,25EE267,EEE,2,82.7,7.54,7.56,stable,0,72.8,86.4,42,52.8,,66.3,Not Eligible,0,0.131
STU-7959,23CI859,Civil,5,69.4,6.43,6.73,declining,0,66.2,69.6,105,67.3,,59.1,In Process,0,0.29
STU-0057,25CS157,CSE,1,95.2,6.27,6.58,declining,0,65.1,87.7,22,55.3,,63.1,Not Eligible,0,0.185
STU-5223,24EE823,EEE,3,71.3,7.4,8.15,declining,0,72.4,67.1,64,74.3,,67.1,Not Eligible,0,0.458
STU-2489,23IT789,IT,5,92.5,8.41,8.1,improving,0,90.3,97.7,101,73.7,Ongoing,67.8,Eligible,0,0.056
STU-6942,22ME742,Mechanical,7,88.4,6.88,6.2,improving,0,63.0,92.2,145,54.5,,63.1,In Process,0,0.101
STU-2338,22IT638,IT,7,76.5,8.65,8.69,stable,0,82.2,83.0,148,52.1,Completed,98.0,Placed,0,0.042
STU-0064,24CS164,CSE,3,83.0,7.75,8.12,declining,0,83.2,85.2,65,94.0,,80.6,Not Eligible,0,0.112
STU-3869,25EC369,ECE,1,94.5,8.36,8.32,stable,0,81.2,97.4,18,49.8,Ongoing,72.9,Not Eligible,0,0.189
STU-2403,24IT703,IT,3,77.5,7.43,7.91,declining,2,70.2,67.9,56,85.4,,71.5,Not Eligible,0,0.407
STU-4827,25EC427,ECE,2,93.3,8.55,8.55,stable,0,87.6,93.0,44,55.8,Ongoing,84.8,Not Eligible,0,0.06
STU-3640,23EC140,ECE,5,86.5,8.0,7.97,stable,0,76.6,88.3,103,19.5,Completed,98.0,Eligible,0,0.147
STU-1627,25CS827,CSE,2,92.2,6.29,5.91,improving,0,62.0,83.9,38,56.9,,62.5,Not Eligible,0,0.134
STU-0651,25CS751,CSE,1,77.4,8.64,8.09,improving,0,89.1,75.4,22,23.9,,94.8,Not Eligible,0,0.074
STU-6462,23ME262,Mechanical,6,78.3,9.18,9.28,stable,0,87.5,72.4,128,59.3,Completed,90.1,Eligible,0,0.071
STU-8261,23CI261,Civil,6,79.0,7.64,7.46,improving,0,84.4,70.0,122,59.7,Completed,81.7,Eligible,0,0.089
STU-3058,23IT458,IT,5,91.3,7.54,7.19,improving,0,74.6,83.9,101,55.7,,80.6,Eligible,0,0.06
STU-4543,22EC143,ECE,7,84.2,7.62,7.66,stable,0,82.9,82.6,143,65.9,,84.6,Not Eligible,0,0.044
STU-4380,25EC880,ECE,1,81.3,8.01,7.88,stable,0,77.6,79.9,22,28.9,,82.5,Not Eligible,0,0.16
STU-6648,24ME448,Mechanical,4,75.0,7.3,6.92,improving,0,67.9,81.0,82,77.4,,55.6,Not Eligible,0,0.084
STU-0393,24CS493,CSE,3,81.2,7.84,7.31,improving,0,82.2,76.4,59,79.4,,88.3,Not Eligible,0,0.171
STU-0443,24CS543,CSE,3,96.5,6.8,6.44,improving,0,69.0,92.5,61,32.8,,78.3,Not Eligible,0,0.063
STU-2090,24CS390,CSE,3,98.3,7.97,7.97,stable,0,79.2,88.8,65,64.0,,67.2,Not Eligible,0,0.064
STU-3120,24IT520,IT,4,83.0,8.12,8.65,declining,0,83.4,84.2,80,74.1,,71.6,Not Eligible,0,0.197
STU-3273,25IT673,IT,2,78.4,8.07,8.6,declining,0,94.3,78.3,42,67.9,,88.8,Not Eligible,0,0.139
STU-8307,24CI307,Civil,3,63.1,7.8,7.87,stable,3,76.5,69.8,53,61.8,,69.5,Not Eligible,1,0.862
STU-7507,22ME407,Mechanical,8,83.4,9.45,9.73,declining,0,99.0,72.0,166,34.7,,92.3,Placed,0,0.193
STU-1549,25CS749,CSE,1,81.9,7.31,7.39,stable,0,73.6,74.9,22,27.5,,42.9,Not Eligible,0,0.182
STU-3225,24IT625,IT,3,88.7,7.83,7.35,improving,0,77.2,89.5,61,55.1,,96.8,Not Eligible,0,0.138
STU-0065,24CS165,CSE,3,80.9,8.56,8.91,declining,0,84.3,73.5,61,67.8,,73.2,Not Eligible,0,0.146
STU-3044,25IT444,IT,1,92.4,7.88,7.64,improving,0,82.9,91.4,21,31.6,Ongoing,73.7,Not Eligible,0,0.11
STU-1194,23CS394,CSE,5,99.0,7.66,7.16,improving,0,74.6,97.4,105,53.3,Ongoing,67.6,Eligible,0,0.129
STU-4046,22EC546,ECE,8,90.2,7.15,7.06,stable,0,72.4,86.3,168,60.9,Ongoing,90.9,In Process,0,0.043
STU-1332,23CS532,CSE,6,84.5,8.2,8.13,stable,0,80.0,87.2,126,33.2,Completed,69.3,Eligible,0,0.129
STU-1834,23CS134,CSE,6,87.6,6.76,6.31,improving,0,59.9,87.7,126,32.3,,49.3,Eligible,0,0.144
STU-8060,25CI960,Civil,2,76.5,9.24,9.28,stable,0,99.0,69.1,40,71.7,,80.0,Not Eligible,0,0.052
STU-7128,23ME928,Mechanical,6,79.4,7.2,7.37,declining,0,68.9,77.0,128,55.8,Completed,78.9,Eligible,0,0.141
STU-3071,25IT471,IT,2,72.1,7.89,7.83,stable,1,82.9,66.7,34,65.8,,70.3,Not Eligible,0,0.222
STU-3094,25IT494,IT,2,91.3,8.34,8.32,stable,0,84.8,96.5,38,25.4,,88.8,Not Eligible,0,0.114
STU-7196,22ME996,Mechanical,8,87.6,5.96,6.26,declining,0,53.2,91.8,164,29.5,Completed,65.3,In Process,0,0.42
STU-5479,22EE179,EEE,7,66.2,8.43,8.6,declining,0,76.4,69.6,143,28.6,,89.4,Placed,0,0.267
STU-6196,22EE896,EEE,7,81.9,6.44,6.78,declining,2,70.0,81.0,141,52.4,,97.8,In Process,0,0.445
STU-3659,25EC159,ECE,1,81.2,8.29,8.24,stable,0,86.1,86.0,23,58.8,,74.7,Not Eligible,0,0.169
STU-5974,23EE674,EEE,5,82.5,7.78,8.13,declining,0,81.8,80.2,105,87.7,Completed,82.7,Eligible,0,0.188
STU-7474,22ME374,Mechanical,8,76.4,7.41,7.64,declining,0,74.0,78.9,166,61.8,,78.1,Placed,0,0.05
STU-4828,25EC428,ECE,1,91.8,8.54,8.49,stable,0,82.6,81.9,23,58.4,,83.7,Not Eligible,0,0.131
STU-3559,23EC959,ECE,5,84.6,7.37,7.3,stable,0,61.5,73.1,103,74.4,,74.4,Eligible,0,0.121
STU-0726,22CS826,CSE,7,93.4,7.31,7.49,declining,0,68.5,100.0,147,96.3,Completed,81.7,Not Eligible,0,0.068
STU-4450,22EC950,ECE,7,87.1,8.29,9.4,declining,0,86.2,92.9,147,47.3,Completed,92.8,Placed,0,0.316
STU-6187,23EE887,EEE,6,74.3,7.68,7.35,improving,0,76.6,81.5,126,10.6,Completed,72.1,Eligible,0,0.087
STU-8382,24CI382,Civil,4,78.9,6.47,5.8,improving,0,63.8,82.9,84,65.2,,68.5,Not Eligible,0,0.077
STU-6914,23ME714,Mechanical,6,72.4,7.49,7.52,stable,0,70.9,76.7,127,62.7,,70.0,Eligible,0,0.082
STU-0436,23CS536,CSE,6,95.7,8.38,8.4,stable,0,88.5,86.7,128,50.6,Completed,95.1,Eligible,0,0.118
STU-2933,24IT333,IT,4,74.0,6.83,6.67,improving,0,67.8,76.4,82,78.4,,61.4,Not Eligible,0,0.121
STU-5443,24EE143,EEE,4,82.5,7.77,7.58,improving,1,78.0,90.0,76,58.3,,91.4,Not Eligible,0,0.102
STU-0545,23CS645,CSE,5,92.3,9.65,9.37,improving,0,94.2,91.9,105,68.8,Ongoing,94.5,Eligible,0,0.116
STU-6519,22ME319,Mechanical,7,67.1,6.83,6.94,stable,2,72.4,60.4,137,56.1,Completed,53.5,In Process,1,0.594
STU-5217,23EE817,EEE,6,78.5,7.85,7.48,improving,0,79.9,82.4,128,38.8,,80.1,Eligible,0,0.117
STU-4351,24EC851,ECE,3,79.6,7.84,7.74,stable,0,71.8,76.2,64,83.3,,90.1,Not Eligible,0,0.055
STU-7052,22ME852,Mechanical,8,82.5,6.35,6.12,improving,1,71.2,67.5,160,49.7,,73.2,Placed,0,0.239
STU-0541,22CS641,CSE,8,71.0,8.48,8.08,improving,0,74.8,69.5,168,43.9,Ongoing,80.6,Placed,0,0.159
STU-7353,24ME253,Mechanical,3,87.2,7.12,7.82,declining,0,70.1,94.0,61,54.7,,95.3,Not Eligible,0,0.221
STU-1224,22CS424,CSE,8,87.9,7.96,8.06,stable,0,88.0,83.2,168,48.4,Completed,61.5,Placed,0,0.094
STU-5283,23EE883,EEE,6,74.5,7.26,6.98,improving,0,71.1,72.3,122,68.4,,78.5,Eligible,0,0.147
STU-4280,24EC780,ECE,3,82.1,7.79,7.52,improving,0,71.9,79.6,65,48.1,,79.9,Not Eligible,0,0.07
STU-0048,23CS148,CSE,5,73.4,9.06,8.89,improving,0,94.1,86.0,106,25.9,Completed,98.0,Eligible,0,0.18
STU-5912,22EE612,EEE,7,87.4,7.39,7.37,stable,0,79.3,85.6,143,61.3,,78.6,In Process,0,0.048
STU-3937,22EC437,ECE,7,86.3,7.27,7.51,declining,0,74.4,84.3,149,73.3,,74.4,Not Eligible,0,0.089
STU-3799,24EC299,ECE,3,68.1,7.37,7.33,stable,0,69.2,69.2,63,50.4,,74.1,Not Eligible,0,0.267
STU-0961,25CS161,CSE,1,72.3,7.5,7.71,declining,0,78.2,80.5,23,46.8,,81.2,Not Eligible,0,0.099
STU-0038,25CS138,CSE,1,72.9,6.98,7.69,declining,0,75.9,67.5,18,32.9,,63.3,Not Eligible,0,0.187
STU-2695,22IT995,IT,7,93.6,8.59,8.67,stable,0,87.7,89.3,145,94.0,Completed,87.1,Placed,0,0.088
STU-2431,25IT731,IT,1,87.2,8.62,8.87,declining,0,82.4,81.6,23,53.2,,79.5,Not Eligible,0,0.174
STU-7113,24ME913,Mechanical,3,89.0,6.54,6.69,declining,0,65.7,87.9,59,69.7,,62.6,Not Eligible,0,0.114
STU-2465,22IT765,IT,7,76.1,7.77,8.04,declining,1,84.3,71.1,144,30.3,Completed,88.5,Not Eligible,0,0.297
STU-0871,24CS971,CSE,3,79.3,8.48,8.76,declining,0,92.5,76.5,63,71.3,,75.5,Not Eligible,0,0.132
STU-6435,22ME235,Mechanical,7,77.4,7.41,7.01,improving,0,74.3,82.7,148,12.2,,50.7,Placed,0,0.126
STU-6938,25ME738,Mechanical,2,84.5,6.27,5.91,improving,0,59.8,89.3,43,42.1,,68.5,Not Eligible,0,0.113
STU-7674,24CI574,Civil,3,80.9,7.2,6.88,improving,0,71.1,89.1,63,55.3,,83.7,Not Eligible,0,0.072
STU-1954,23CS254,CSE,6,76.6,7.77,7.82,stable,0,76.3,90.4,126,67.3,Completed,80.9,Eligible,0,0.116
STU-1866,22CS166,CSE,8,77.0,6.0,6.2,declining,1,62.7,69.8,165,36.5,Completed,50.4,Not Eligible,0,0.49
STU-1152,22CS352,CSE,7,73.7,7.41,8.03,declining,1,75.1,81.9,141,53.2,Completed,79.5,Placed,0,0.494
STU-5888,25EE588,EEE,1,61.2,6.21,6.1,stable,0,63.2,69.7,19,71.5,,54.7,Not Eligible,1,0.543
STU-2707,23IT107,IT,6,76.4,8.23,8.01,improving,0,76.7,80.6,127,28.6,Completed,82.0,Eligible,0,0.071
STU-1877,23CS177,CSE,5,79.3,8.03,7.94,stable,0,88.0,80.9,106,69.5,Ongoing,96.6,Eligible,0,0.068
STU-3896,25EC396,ECE,1,89.5,7.68,7.74,stable,0,70.0,83.0,19,78.1,,84.7,Not Eligible,0,0.102
STU-1429,23CS629,CSE,5,99.0,7.96,7.56,improving,0,83.8,95.2,107,71.0,Completed,75.4,Eligible,0,0.138
STU-2608,23IT908,IT,5,91.8,7.27,7.11,improving,0,77.9,90.1,107,83.9,,67.4,Eligible,0,0.073
STU-1006,23CS206,CSE,6,84.1,7.36,6.98,improving,0,73.5,73.8,127,14.1,Completed,73.6,Eligible,0,0.083
STU-5777,23EE477,EEE,5,89.5,7.27,7.35,stable,0,71.4,90.5,107,62.9,,61.1,Eligible,0,0.124
STU-0303,23CS403,CSE,5,83.5,9.02,9.24,declining,0,99.0,94.5,105,97.8,Completed,74.6,Eligible,0,0.133
STU-5306,25EE906,EEE,1,72.9,5.82,5.62,improving,1,59.0,70.4,18,47.3,,57.6,Not Eligible,1,0.536
STU-1786,22CS986,CSE,8,93.0,7.6,7.05,improving,0,69.7,83.9,164,12.8,Completed,38.8,Placed,0,0.153
STU-3735,25EC235,ECE,1,89.7,9.15,9.3,declining,0,87.6,78.8,22,75.0,,89.3,Not Eligible,0,0.14
STU-5903,25EE603,EEE,2,73.8,6.71,7.44,declining,0,59.3,67.2,42,46.3,,74.8,Not Eligible,0,0.19
STU-4113,23EC613,ECE,5,88.7,8.84,8.93,stable,0,92.2,92.2,101,87.6,Completed,82.2,Eligible,0,0.075
STU-0360,23CS460,CSE,5,82.8,7.96,7.68,improving,0,76.2,78.1,101,56.7,Completed,70.4,Eligible,0,0.069
STU-1638,25CS838,CSE,2,81.8,8.41,7.85,improving,0,84.2,80.5,44,14.2,,98.0,Not Eligible,0,0.182
STU-6073,22EE773,EEE,7,77.4,6.65,6.61,stable,0,67.3,79.7,143,84.2,Completed,76.5,Placed,0,0.109
STU-0310,24CS410,CSE,3,86.6,8.2,7.98,improving,0,83.2,80.3,63,55.0,,87.1,Not Eligible,0,0.206
STU-6145,24EE845,EEE,4,78.3,7.12,6.29,improving,0,71.4,72.9,84,9.2,,83.6,Not Eligible,0,0.133
STU-8259,22CI259,Civil,7,74.9,7.63,7.46,improving,0,74.1,67.5,149,56.5,Completed,50.6,Placed,0,0.04
STU-4600,25EC200,ECE,2,79.3,7.92,8.24,declining,0,83.6,81.0,40,94.3,,84.2,Not Eligible,0,0.258
STU-0472,22CS572,CSE,8,68.2,9.07,8.92,improving,0,81.9,66.8,166,49.8,Completed,72.4,Placed,0,0.251
STU-3776,23EC276,ECE,6,99.0,9.27,9.22,stable,0,96.2,92.3,127,67.6,,98.0,Eligible,0,0.085
STU-4736,22EC336,ECE,7,81.1,7.21,7.28,stable,0,70.8,75.3,149,23.7,,98.0,Not Eligible,0,0.109
STU-4472,25EC972,ECE,1,72.1,8.09,8.26,declining,0,83.0,76.0,23,70.3,,97.0,Not Eligible,0,0.204
STU-1815,25CS115,CSE,1,90.0,8.04,7.99,stable,0,84.5,86.8,19,85.0,,82.5,Not Eligible,0,0.08
STU-2039,25CS339,CSE,2,86.1,8.86,8.79,stable,0,87.1,77.6,43,64.0,,91.4,Not Eligible,0,0.044
STU-5788,23EE488,EEE,5,77.6,8.04,8.21,declining,1,77.9,69.4,103,54.2,,73.2,In Process,0,0.337
STU-5676,25EE376,EEE,2,78.3,7.06,6.42,improving,0,64.4,74.5,44,85.7,,57.6,Not Eligible,0,0.065
STU-5157,25EC757,ECE,1,81.6,8.74,8.05,improving,0,91.7,81.9,22,68.0,,66.7,Not Eligible,0,0.133
STU-5250,22EE850,EEE,7,85.8,7.19,6.99,improving,0,68.9,92.2,145,76.9,,76.1,Placed,0,0.07
STU-6850,22ME650,Mechanical,8,79.9,5.42,5.39,stable,0,54.1,83.0,164,58.9,,52.6,Not Eligible,0,0.397
STU-7157,25ME957,Mechanical,2,87.1,6.46,6.32,stable,0,52.1,87.1,38,80.9,,66.8,Not Eligible,0,0.128
STU-0857,25CS957,CSE,1,85.0,8.59,8.24,improving,0,82.4,83.1,22,63.3,Ongoing,95.9,Not Eligible,0,0.038
STU-5616,23EE316,EEE,6,74.9,7.0,6.64,improving,1,68.5,74.7,122,98.0,Completed,43.7,In Process,0,0.11
STU-4119,22EC619,ECE,8,78.7,8.32,8.23,stable,0,84.0,74.8,164,98.0,Completed,81.4,Placed,0,0.099
STU-5508,24EE208,EEE,3,94.4,7.13,6.98,improving,0,69.2,84.9,61,59.2,,74.3,Not Eligible,0,0.084
STU-5927,25EE627,EEE,2,90.1,7.56,7.58,stable,0,73.0,86.0,43,79.4,,96.0,Not Eligible,0,0.048
STU-0738,22CS838,CSE,7,77.4,7.57,7.48,stable,0,81.3,79.5,145,23.9,Completed,60.8,Placed,0,0.136
STU-3320,22IT720,IT,7,78.9,7.22,7.7,declining,0,68.3,73.5,145,29.8,Completed,90.4,Not Eligible,0,0.176
STU-8207,24CI207,Civil,3,67.6,8.41,8.46,stable,0,84.6,63.6,64,65.6,,98.0,Not Eligible,0,0.227
STU-2715,22IT115,IT,7,86.0,9.14,8.95,improving,0,81.0,82.4,145,64.3,Completed,78.3,Placed,0,0.15
STU-0883,25CS983,CSE,1,91.7,7.06,7.02,stable,0,72.4,90.7,23,46.7,,61.5,Not Eligible,0,0.076
STU-5539,25EE239,EEE,2,70.1,7.09,8.04,declining,1,68.2,64.0,38,58.8,,40.4,Not Eligible,1,0.529
STU-7039,24ME839,Mechanical,4,73.0,8.44,8.77,declining,0,85.1,80.1,85,79.2,Ongoing,59.7,Not Eligible,0,0.132
STU-1408,22CS608,CSE,7,90.9,7.67,7.95,declining,0,72.7,88.2,149,51.5,Completed,71.8,Placed,0,0.146
STU-4022,23EC522,ECE,5,96.4,6.72,6.56,improving,0,75.6,89.3,106,65.8,,49.7,Eligible,0,0.091
STU-5356,25EE956,EEE,1,77.7,7.28,7.36,stable,0,70.8,77.9,22,60.5,,53.0,Not Eligible,0,0.135
STU-7229,25ME129,Mechanical,2,87.9,8.74,8.22,improving,0,87.5,79.6,44,57.8,Ongoing,91.4,Not Eligible,0,0.119
STU-6465,24ME265,Mechanical,4,74.4,7.34,6.96,improving,1,66.7,80.2,81,36.4,,44.7,Not Eligible,0,0.146
STU-6380,23ME180,Mechanical,6,81.3,5.66,5.88,declining,4,50.4,80.7,111,68.5,,69.6,In Process,1,0.937
STU-0375,25CS475,CSE,1,71.9,8.81,8.83,stable,0,89.4,81.3,18,45.8,,87.5,Not Eligible,0,0.083
STU-4794,23EC394,ECE,5,66.9,7.3,7.14,improving,0,72.5,67.9,107,84.8,Completed,63.4,Eligible,0,0.261
STU-7746,23CI646,Civil,5,82.0,7.15,6.57,improving,0,68.9,84.8,101,31.4,Ongoing,43.9,Eligible,0,0.167
STU-8253,23CI253,Civil,5,71.4,7.88,7.57,improving,0,79.5,72.2,103,58.4,Completed,68.9,Eligible,0,0.086
STU-4020,25EC520,ECE,1,83.3,7.53,6.89,improving,0,74.9,80.6,21,80.5,,74.4,Not Eligible,0,0.093
STU-2269,25IT569,IT,1,99.0,6.98,6.1,improving,0,66.6,93.0,21,75.5,,62.2,Not Eligible,0,0.126
STU-8252,25CI252,Civil,2,86.1,9.18,9.94,declining,0,87.3,94.7,38,54.6,,65.6,Not Eligible,0,0.257
STU-1277,25CS477,CSE,2,89.6,7.36,7.78,declining,0,69.3,96.9,42,78.7,,68.8,Not Eligible,0,0.176
STU-4837,22EC437,ECE,7,74.7,9.58,8.81,improving,0,97.8,85.2,149,71.6,,87.7,Placed,0,0.073
STU-5924,24EE624,EEE,4,85.4,7.07,7.32,declining,0,68.1,84.3,82,65.7,,80.7,Not Eligible,0,0.096
STU-1481,22CS681,CSE,7,72.5,8.93,8.62,improving,0,91.8,87.4,147,68.2,,90.7,Placed,0,0.071
STU-1373,22CS573,CSE,7,78.3,7.69,8.01,declining,0,75.0,78.8,148,76.3,Completed,77.2,Placed,0,0.104
STU-2273,23IT573,IT,5,84.1,9.24,9.33,stable,0,77.4,77.3,107,59.9,Completed,98.0,Eligible,0,0.104
STU-6654,23ME454,Mechanical,5,67.7,7.59,7.38,improving,0,77.3,72.7,106,58.2,Completed,74.4,Eligible,0,0.166
STU-7826,25CI726,Civil,1,89.0,6.65,6.76,stable,0,76.8,86.2,19,68.4,,68.2,Not Eligible,0,0.041
STU-6572,25ME372,Mechanical,1,78.3,6.91,7.24,declining,0,77.5,78.9,18,74.2,,91.8,Not Eligible,0,0.2
STU-1466,25CS666,CSE,1,78.2,7.6,7.36,improving,0,68.0,69.4,19,94.3,,56.6,Not Eligible,0,0.076
STU-7960,24CI860,Civil,3,75.7,6.94,6.83,stable,0,72.2,78.8,65,45.5,Ongoing,53.0,Not Eligible,0,0.066
STU-6429,25ME229,Mechanical,1,87.2,7.4,7.46,stable,0,77.6,92.6,19,41.5,,91.1,Not Eligible,0,0.083
STU-5543,25EE243,EEE,1,84.2,7.18,6.85,improving,0,76.2,76.1,23,78.8,,69.3,Not Eligible,0,0.074
STU-4215,22EC715,ECE,8,89.3,8.95,8.75,improving,0,88.5,96.3,169,59.8,,75.1,Placed,0,0.057
STU-5085,22EC685,ECE,8,90.8,7.35,6.95,improving,0,68.0,84.2,168,82.7,,98.0,In Process,0,0.107
STU-2679,22IT979,IT,7,89.2,7.39,7.36,stable,0,78.2,79.3,145,65.7,Completed,91.5,Placed,0,0.129
STU-2671,23IT971,IT,6,82.1,7.96,7.87,stable,0,83.7,80.5,128,59.9,Completed,65.7,Eligible,0,0.051
STU-7727,22CI627,Civil,7,64.7,6.42,6.57,declining,0,67.8,72.5,145,75.1,,56.5,In Process,0,0.388
STU-2910,25IT310,IT,2,99.0,8.4,8.41,stable,0,86.2,92.9,43,51.9,,98.0,Not Eligible,0,0.065
STU-4699,23EC299,ECE,5,82.8,9.16,8.66,improving,0,98.4,76.6,106,86.2,Completed,82.4,Eligible,0,0.085
STU-5726,24EE426,EEE,4,78.4,7.67,7.34,improving,0,84.7,80.6,80,33.5,,90.9,Not Eligible,0,0.075
STU-2706,25IT106,IT,2,72.1,7.94,7.8,stable,0,77.4,65.3,38,37.2,,87.9,Not Eligible,0,0.203
STU-6162,22EE862,EEE,7,86.5,7.87,8.19,declining,0,80.6,96.4,149,75.6,Completed,55.6,Placed,0,0.174
STU-2437,23IT737,IT,6,85.6,8.01,8.56,declining,0,84.7,67.5,126,78.0,Completed,59.6,Eligible,0,0.188
STU-0679,22CS779,CSE,8,91.5,8.88,8.57,improving,0,96.9,77.5,170,23.0,Completed,94.7,Placed,0,0.186
STU-2724,23IT124,IT,6,69.5,7.62,7.06,improving,0,78.0,71.7,122,98.0,Ongoing,76.1,Eligible,0,0.17
STU-7375,24ME275,Mechanical,3,79.3,8.27,8.41,stable,0,76.1,85.1,64,98.0,,68.6,Not Eligible,0,0.099
STU-4342,24EC842,ECE,3,91.6,8.23,8.54,declining,0,81.1,96.6,65,40.2,,77.6,Not Eligible,0,0.117
STU-4394,24EC894,ECE,4,82.2,7.28,7.98,declining,0,70.8,79.6,82,90.4,,90.8,Not Eligible,0,0.113
STU-4344,22EC844,ECE,7,82.2,7.28,7.6,declining,1,72.9,86.7,143,54.0,Completed,61.5,In Process,0,0.353
STU-2316,22IT616,IT,8,90.6,7.25,6.98,improving,0,75.5,92.2,166,81.0,Completed,74.6,Not Eligible,0,0.049
STU-4618,22EC218,ECE,7,83.8,7.89,7.88,stable,0,77.3,82.3,143,49.0,Completed,84.9,Placed,0,0.076
STU-4241,23EC741,ECE,6,73.4,7.36,7.38,stable,0,72.4,75.3,122,61.9,Completed,81.3,Eligible,0,0.108
STU-6535,22ME335,Mechanical,8,77.1,7.87,7.2,improving,0,82.8,67.0,170,88.0,,88.9,In Process,0,0.126
STU-7975,23CI875,Civil,5,80.4,6.57,6.01,improving,1,60.9,83.6,103,39.3,,63.5,In Process,0,0.231
STU-0295,25CS395,CSE,1,75.6,6.61,6.47,stable,2,72.0,90.2,18,51.6,,46.5,Not Eligible,0,0.229
STU-0419,23CS519,CSE,6,85.0,7.59,8.28,declining,0,77.1,80.9,127,80.5,Completed,76.9,Eligible,0,0.2
STU-2130,24CS430,CSE,4,77.5,7.65,7.58,stable,0,68.2,76.7,86,64.3,,70.8,Not Eligible,0,0.071
STU-4900,22EC500,ECE,7,83.7,7.09,6.79,improving,0,73.0,90.1,147,44.1,,57.4,In Process,0,0.059
STU-4506,22EC106,ECE,8,83.3,7.1,7.51,declining,0,65.2,79.6,166,62.8,,80.2,In Process,0,0.171
STU-3488,25IT888,IT,1,75.3,6.68,6.61,stable,0,69.2,77.3,22,77.3,,85.1,Not Eligible,0,0.086
STU-1778,24CS978,CSE,4,81.5,8.04,7.88,improving,0,88.3,80.3,85,74.3,,74.7,Not Eligible,0,0.087
STU-0271,22CS371,CSE,7,86.2,5.97,6.07,stable,0,67.8,86.9,143,62.8,,61.6,In Process,0,0.112
STU-0669,25CS769,CSE,2,79.8,8.12,8.1,stable,0,76.0,78.0,38,36.8,,67.0,Not Eligible,0,0.098
STU-6673,24ME473,Mechanical,3,82.7,7.98,7.76,improving,0,78.7,78.7,64,33.3,,80.0,Not Eligible,0,0.143
STU-3988,23EC488,ECE,5,80.9,8.96,8.69,improving,0,87.7,84.0,101,72.8,,66.6,Eligible,0,0.066
STU-0159,25CS259,CSE,2,79.8,7.89,7.83,stable,0,70.1,79.0,38,56.5,,77.8,Not Eligible,0,0.081
STU-1914,24CS214,CSE,3,99.0,8.89,8.96,stable,0,95.5,92.1,65,57.4,,67.1,Not Eligible,0,0.062
STU-0072,25CS172,CSE,2,98.2,8.81,9.32,declining,0,87.1,100.0,42,28.4,,83.7,Not Eligible,0,0.118
STU-6803,24ME603,Mechanical,4,77.1,6.73,6.34,improving,0,69.1,76.7,85,43.3,,43.6,Not Eligible,0,0.095
STU-3479,25IT879,IT,2,99.0,6.95,6.76,improving,0,69.4,99.1,40,50.5,,73.9,Not Eligible,0,0.095
STU-6339,22ME139,Mechanical,7,77.5,6.97,6.84,stable,0,75.1,83.4,148,32.0,,49.7,Not Eligible,0,0.154
STU-7463,24ME363,Mechanical,3,77.7,6.7,6.28,improving,0,66.9,72.8,61,95.5,,86.1,Not Eligible,0,0.094
STU-1465,22CS665,CSE,8,94.9,7.71,7.89,declining,0,71.5,97.9,166,71.1,Completed,66.7,Placed,0,0.066
STU-1133,25CS333,CSE,1,74.0,7.73,7.13,improving,0,73.4,60.3,19,83.7,,96.4,Not Eligible,0,0.083
STU-1843,24CS143,CSE,4,81.8,7.96,8.0,stable,0,72.6,77.6,86,75.6,,64.3,Not Eligible,0,0.094
STU-0484,23CS584,CSE,5,87.6,6.87,6.91,stable,0,66.9,86.3,107,79.7,,73.8,Eligible,0,0.085
STU-1374,24CS574,CSE,4,75.3,8.15,8.45,declining,0,86.0,78.7,86,69.8,,76.9,Not Eligible,0,0.172
STU-0446,22CS546,CSE,8,91.9,7.35,7.82,declining,0,75.7,96.5,166,48.2,Completed,68.3,In Process,0,0.079
STU-0358,23CS458,CSE,5,78.5,7.32,7.13,improving,3,73.6,92.9,95,95.6,,60.5,In Process,1,0.562
STU-6599,25ME399,Mechanical,2,78.8,7.03,7.08,stable,0,78.2,89.1,43,38.5,,59.9,Not Eligible,0,0.086
STU-7005,25ME805,Mechanical,1,71.8,7.84,7.72,stable,0,90.6,79.4,18,63.3,Ongoing,75.7,Not Eligible,0,0.056
STU-4599,23EC199,ECE,5,99.0,7.21,6.82,improving,0,75.4,97.3,103,79.3,Ongoing,60.9,Eligible,0,0.089
STU-0760,22CS860,CSE,7,82.1,8.35,8.69,declining,0,76.8,72.3,143,84.6,Completed,91.5,Placed,0,0.184
STU-5751,22EE451,EEE,8,77.2,6.52,6.63,stable,0,58.8,80.8,164,5.0,Completed,75.0,In Process,0,0.202
STU-5156,22EC756,ECE,8,72.9,6.87,6.76,stable,0,70.0,79.3,170,44.1,,80.9,Placed,0,0.103
STU-1870,23CS170,CSE,6,72.8,7.12,7.28,declining,0,73.9,71.6,127,37.0,,59.7,Eligible,0,0.171
STU-4714,24EC314,ECE,3,81.4,7.84,8.22,declining,0,94.2,73.8,59,53.1,,64.7,Not Eligible,0,0.096
STU-0406,22CS506,CSE,8,75.7,8.0,8.0,stable,0,72.2,89.4,169,44.0,,92.3,Placed,0,0.076
STU-2200,23IT500,IT,6,79.7,9.18,8.92,improving,0,99.0,88.5,122,75.9,,87.5,Eligible,0,0.095
STU-2119,25CS419,CSE,1,82.7,6.61,6.76,declining,1,75.6,77.6,18,29.0,,80.1,Not Eligible,0,0.342
STU-4165,22EC665,ECE,8,81.2,7.03,6.36,improving,3,76.0,76.7,158,75.1,Completed,81.5,In Process,1,0.548
STU-2870,22IT270,IT,8,85.4,7.9,7.43,improving,0,86.6,73.5,166,64.1,,70.0,Placed,0,0.1
STU-6567,23ME367,Mechanical,6,81.1,6.95,6.58,improving,1,60.6,67.1,123,33.8,,84.4,In Process,0,0.168
STU-7092,24ME892,Mechanical,4,85.4,7.14,6.64,improving,0,71.4,82.8,80,79.5,,85.2,Not Eligible,0,0.028
STU-2247,24IT547,IT,4,82.0,9.61,9.62,stable,0,93.7,83.5,80,77.3,,85.2,Not Eligible,0,0.041
STU-0099,25CS199,CSE,1,81.4,8.55,9.01,declining,0,83.7,81.8,19,73.6,Ongoing,73.4,Not Eligible,0,0.146
STU-0346,23CS446,CSE,5,98.0,8.0,7.89,stable,0,79.0,100.0,106,57.5,Ongoing,71.2,Eligible,0,0.056
STU-4896,22EC496,ECE,8,95.1,8.17,8.48,declining,0,78.3,81.7,169,76.6,Ongoing,74.3,Placed,0,0.111
STU-0911,23CS111,CSE,5,96.1,7.27,7.2,stable,0,82.6,83.5,107,61.9,Completed,59.9,Eligible,0,0.057
STU-2188,25IT488,IT,1,90.2,8.57,8.05,improving,0,83.7,86.4,19,84.1,,98.0,Not Eligible,0,0.093
STU-5969,22EE669,EEE,7,66.8,8.16,7.94,improving,0,84.2,61.2,148,87.5,Completed,75.9,Placed,0,0.179
STU-5513,24EE213,EEE,4,84.6,7.59,7.89,declining,0,74.8,84.7,80,49.9,,73.6,Not Eligible,0,0.067
STU-5589,24EE289,EEE,4,79.3,6.96,6.79,improving,0,73.7,90.3,82,51.5,,83.9,Not Eligible,0,0.085
STU-8334,25CI334,Civil,2,80.0,7.74,7.75,stable,0,69.9,80.9,44,42.6,,72.8,Not Eligible,0,0.063
STU-2505,22IT805,IT,8,95.1,7.39,7.7,declining,0,74.2,90.1,168,39.3,Completed,77.3,Not Eligible,0,0.131
STU-2024,25CS324,CSE,1,82.4,8.05,8.14,stable,0,87.3,75.4,21,41.7,,67.2,Not Eligible,0,0.106
STU-1536,25CS736,CSE,1,82.5,8.73,8.79,stable,0,93.4,81.4,21,89.4,Ongoing,75.1,Not Eligible,0,0.054
STU-1524,25CS724,CSE,1,89.0,8.56,8.99,declining,0,85.5,100.0,21,31.1,Ongoing,57.5,Not Eligible,0,0.166
STU-5640,24EE340,EEE,3,71.8,7.42,8.17,declining,0,73.9,75.4,65,69.6,,84.8,Not Eligible,0,0.327
STU-7998,22CI898,Civil,8,70.9,7.19,7.44,declining,0,73.7,70.9,164,74.4,Ongoing,63.5,Placed,0,0.214
STU-0016,25CS116,CSE,2,88.0,7.81,7.76,stable,0,84.5,66.0,44,65.9,Ongoing,96.3,Not Eligible,0,0.13
STU-6000,25EE700,EEE,2,73.6,7.39,7.71,declining,0,73.9,82.4,42,65.4,Ongoing,82.7,Not Eligible,0,0.235
STU-2125,22CS425,CSE,8,94.9,7.99,7.92,stable,0,76.0,88.1,170,73.4,Completed,98.0,Placed,0,0.148
STU-7435,23ME335,Mechanical,5,87.3,6.79,6.46,improving,0,76.7,90.9,101,93.6,Completed,62.0,Eligible,0,0.108
STU-6781,25ME581,Mechanical,2,86.1,7.89,7.36,improving,0,88.8,80.4,38,60.4,,66.3,Not Eligible,0,0.083
STU-1875,23CS175,CSE,6,99.0,9.39,9.15,improving,0,88.0,92.2,122,80.1,Completed,98.0,Eligible,0,0.053
STU-3768,24EC268,ECE,4,90.1,8.38,8.28,stable,0,82.9,92.6,80,65.5,,66.3,Not Eligible,0,0.081
STU-1891,25CS191,CSE,1,94.9,8.7,8.68,stable,0,81.3,82.8,22,67.6,,70.2,Not Eligible,0,0.087
STU-2079,22CS379,CSE,8,95.0,8.79,8.89,stable,0,86.6,94.3,170,69.4,Ongoing,62.8,Placed,0,0.091
STU-0457,25CS557,CSE,1,86.3,8.15,8.67,declining,0,84.3,67.8,23,81.5,,72.8,Not Eligible,0,0.202
STU-0201,23CS301,CSE,6,67.6,9.3,8.88,improving,0,89.4,75.7,128,36.2,Completed,94.0,Eligible,0,0.212
STU-1248,25CS448,CSE,1,77.9,8.4,8.69,declining,0,85.5,74.2,22,90.9,,98.0,Not Eligible,0,0.162
STU-6293,25EE993,EEE,1,84.6,8.23,8.36,stable,0,86.5,87.0,22,39.7,Ongoing,85.6,Not Eligible,0,0.158
STU-7104,24ME904,Mechanical,3,76.2,7.08,6.43,improving,4,76.6,82.0,47,42.8,,79.1,Not Eligible,1,0.817
STU-7055,24ME855,Mechanical,3,90.7,7.75,7.54,improving,0,86.5,87.4,61,60.1,Ongoing,69.0,Not Eligible,0,0.048
STU-6721,23ME521,Mechanical,6,83.4,7.48,6.98,improving,0,74.8,79.7,122,32.6,,91.4,Eligible,0,0.078
STU-0628,23CS728,CSE,6,92.4,7.29,6.73,improving,0,81.6,80.2,128,98.0,,69.4,Eligible,0,0.067
STU-1384,25CS584,CSE,2,84.7,7.94,8.54,declining,0,78.5,82.3,44,37.9,,70.2,Not Eligible,0,0.245
STU-1308,22CS508,CSE,7,85.2,7.22,7.41,declining,0,82.2,84.3,143,86.3,,75.2,Placed,0,0.204
STU-3841,25EC341,ECE,2,74.4,7.54,7.22,improving,1,78.3,70.9,39,49.0,,57.8,Not Eligible,0,0.13
STU-7344,23ME244,Mechanical,6,76.9,7.52,7.6,stable,0,73.7,79.5,128,73.5,Ongoing,60.0,Eligible,0,0.043
STU-4587,23EC187,ECE,5,83.0,8.72,9.15,declining,0,89.1,80.7,106,46.2,Completed,71.6,Eligible,0,0.1
STU-8352,24CI352,Civil,4,54.6,8.44,8.46,stable,1,86.0,61.2,76,98.0,Ongoing,97.7,Not Eligible,1,0.928
STU-3383,22IT783,IT,8,82.5,7.25,7.51,declining,0,69.6,89.2,166,75.1,Completed,79.9,Not Eligible,0,0.094
STU-3925,23EC425,ECE,5,89.3,9.3,9.4,stable,0,90.4,81.8,101,71.4,Completed,98.0,Eligible,0,0.075
STU-1794,23CS994,CSE,6,97.2,7.77,7.67,stable,0,77.2,88.6,122,51.7,Completed,88.4,Eligible,0,0.099
STU-2578,24IT878,IT,4,67.1,8.78,8.12,improving,0,82.9,72.5,84,55.8,,88.2,Not Eligible,0,0.104
STU-2396,25IT696,IT,2,77.6,6.96,6.95,stable,0,83.8,83.7,42,54.1,,76.6,Not Eligible,0,0.149
STU-5983,22EE683,EEE,8,82.8,6.78,7.31,declining,0,64.1,87.5,168,35.2,,60.4,In Process,0,0.245
STU-1143,23CS343,CSE,6,92.7,7.81,7.58,improving,0,83.3,86.5,126,37.7,,88.6,Eligible,0,0.071
STU-3493,22IT893,IT,8,85.9,7.83,8.14,declining,0,80.3,73.5,169,50.3,Completed,89.2,Placed,0,0.255
STU-2898,24IT298,IT,3,87.9,8.68,8.5,improving,0,85.6,90.1,59,43.0,,80.8,Not Eligible,0,0.058
STU-6763,24ME563,Mechanical,3,72.1,7.3,7.54,declining,0,77.7,73.5,64,53.4,,64.9,Not Eligible,0,0.192
STU-7480,23ME380,Mechanical,5,79.0,6.9,6.76,stable,0,74.3,77.0,107,88.1,Completed,66.8,Eligible,0,0.094
STU-6358,24ME158,Mechanical,4,82.6,8.46,8.27,improving,0,88.9,75.4,80,14.7,,68.2,Not Eligible,0,0.117
STU-5911,25EE611,EEE,2,90.7,7.88,7.57,improving,0,78.9,90.2,42,87.8,,86.9,Not Eligible,0,0.047
STU-0190,25CS290,CSE,2,67.5,7.25,7.48,declining,0,72.9,59.5,38,72.6,Ongoing,66.7,Not Eligible,0,0.225
STU-1783,24CS983,CSE,4,73.5,7.02,7.09,stable,0,67.4,67.2,84,5.0,,61.5,Not Eligible,0,0.145
STU-6216,25EE916,EEE,2,92.5,6.92,6.25,improving,0,72.6,92.1,42,77.5,,59.5,Not Eligible,0,0.075
STU-1226,23CS426,CSE,5,78.6,6.32,6.3,stable,1,60.7,77.1,99,59.0,,66.0,In Process,0,0.096
STU-4458,23EC958,ECE,5,90.9,6.54,6.75,declining,0,59.7,85.0,107,66.2,Completed,60.9,Eligible,0,0.158
STU-6279,25EE979,EEE,1,83.9,7.6,7.27,improving,0,68.9,84.5,22,62.8,,68.1,Not Eligible,0,0.082
STU-6526,25ME326,Mechanical,1,87.4,7.3,6.84,improving,0,65.8,83.0,22,24.2,,81.2,Not Eligible,0,0.177
STU-7455,25ME355,Mechanical,2,76.6,6.79,7.14,declining,0,61.4,83.5,42,48.4,,64.7,Not Eligible,0,0.197
STU-7454,22ME354,Mechanical,7,91.3,8.45,8.07,improving,0,81.3,92.0,147,61.2,Completed,49.9,Not Eligible,0,0.122
STU-5189,24EC789,ECE,4,86.5,9.31,9.4,stable,0,94.2,83.3,80,78.6,,92.7,Not Eligible,0,0.103
STU-0967,23CS167,CSE,6,90.1,8.19,8.0,improving,0,84.9,90.8,122,37.4,Completed,85.5,Eligible,0,0.09
STU-6208,25EE908,EEE,1,83.6,8.16,8.13,stable,0,79.3,82.0,18,46.1,,93.5,Not Eligible,0,0.064
STU-8068,23CI968,Civil,6,66.2,7.32,6.66,improving,0,78.9,68.0,128,60.9,Ongoing,64.0,Eligible,0,0.273
STU-0835,24CS935,CSE,4,71.9,8.11,8.08,stable,0,79.2,60.4,84,16.6,,66.5,Not Eligible,0,0.128
STU-6728,23ME528,Mechanical,6,61.3,7.87,7.3,improving,0,75.3,56.9,122,87.6,Completed,51.9,Eligible,0,0.471
STU-4721,24EC321,ECE,4,74.1,7.36,6.97,improving,0,71.4,69.6,85,87.4,,53.9,Not Eligible,0,0.124
STU-5625,23EE325,EEE,6,73.9,7.5,7.37,stable,0,70.4,73.4,122,56.4,,76.4,Eligible,0,0.109
STU-0286,25CS386,CSE,1,78.9,7.79,7.76,stable,4,82.3,90.1,18,38.9,,57.4,Not Eligible,1,0.818
STU-5791,25EE491,EEE,1,99.0,6.32,6.83,declining,0,53.3,99.1,21,53.1,,62.4,Not Eligible,0,0.4
STU-5952,24EE652,EEE,3,75.4,6.94,6.48,improving,0,75.0,68.4,59,72.3,,44.7,Not Eligible,0,0.081
STU-6100,23EE800,EEE,5,87.3,7.1,7.08,stable,1,72.0,77.0,99,56.8,,63.0,In Process,0,0.17
STU-4357,23EC857,ECE,5,79.5,7.94,7.87,stable,2,81.0,85.3,99,68.1,,80.7,In Process,0,0.347
STU-3152,22IT552,IT,8,80.6,7.57,8.03,declining,0,80.2,86.3,166,76.1,Completed,91.5,Placed,0,0.285
STU-3078,23IT478,IT,5,78.8,7.99,8.51,declining,0,82.1,64.2,105,73.1,Ongoing,74.2,Eligible,0,0.17
STU-7965,24CI865,Civil,4,77.3,7.8,8.41,declining,0,69.3,78.6,84,50.2,,91.2,Not Eligible,0,0.257
STU-2143,23IT443,IT,6,93.7,7.4,7.72,declining,0,73.5,89.2,127,88.0,,79.8,Eligible,0,0.151
STU-1551,22CS751,CSE,8,82.3,7.46,6.99,improving,0,73.0,84.2,168,66.4,Completed,83.5,Placed,0,0.22
STU-8156,25CI156,Civil,2,85.0,7.9,7.83,stable,0,77.8,83.3,38,96.0,,58.6,Not Eligible,0,0.074
STU-5419,22EE119,EEE,8,84.1,7.26,7.1,improving,0,87.0,80.3,169,51.8,Completed,64.4,Placed,0,0.088
STU-4058,25EC558,ECE,1,98.4,7.95,8.08,stable,0,84.5,78.5,18,73.6,,70.9,Not Eligible,0,0.151
STU-3407,25IT807,IT,1,77.9,8.76,8.92,declining,0,91.4,73.7,19,63.9,,96.0,Not Eligible,0,0.187
STU-1846,25CS146,CSE,2,80.0,7.59,7.19,improving,0,76.9,68.1,44,73.9,,71.2,Not Eligible,0,0.098
STU-0691,24CS791,CSE,3,88.0,7.71,7.54,improving,0,80.5,86.6,59,98.0,Ongoing,86.9,Not Eligible,0,0.111
STU-2868,24IT268,IT,4,99.0,7.68,7.8,stable,0,82.8,79.9,85,22.5,,87.1,Not Eligible,0,0.239
STU-8104,25CI104,Civil,1,75.7,6.11,6.11,stable,0,65.0,75.4,22,19.8,,64.9,Not Eligible,0,0.116
STU-0028,24CS128,CSE,4,86.1,8.4,8.84,declining,0,88.2,85.0,85,45.1,,85.3,Not Eligible,0,0.185
STU-0031,23CS131,CSE,5,75.0,7.73,7.39,improving,0,77.0,74.4,105,21.7,Completed,82.0,Eligible,0,0.12
STU-7916,22CI816,Civil,7,89.8,6.93,6.66,improving,0,63.7,84.7,143,52.5,Completed,58.7,In Process,0,0.124
STU-6564,24ME364,Mechanical,3,99.0,6.33,6.64,declining,0,58.0,91.7,64,48.4,,48.4,Not Eligible,0,0.124
STU-2701,24IT101,IT,4,67.7,6.97,7.2,declining,0,69.9,77.2,80,98.0,,67.8,Not Eligible,0,0.156
STU-4051,23EC551,ECE,5,87.1,7.43,7.05,improving,1,65.2,88.9,97,68.1,,67.6,In Process,0,0.143
STU-5800,22EE500,EEE,7,71.8,8.64,9.21,declining,0,90.6,65.6,145,60.6,,90.9,Placed,0,0.335
STU-8403,25CI403,Civil,2,79.1,8.04,8.19,declining,0,82.4,78.9,44,61.7,,86.3,Not Eligible,0,0.089
STU-6613,22ME413,Mechanical,8,78.9,6.3,6.48,declining,0,57.4,75.0,164,38.9,,59.7,In Process,0,0.148
STU-5345,22EE945,EEE,8,91.1,8.71,8.69,stable,0,95.8,89.0,168,66.1,,89.0,Placed,0,0.093
STU-1230,24CS430,CSE,4,74.5,7.7,7.7,stable,0,80.3,72.8,82,49.1,Ongoing,74.9,Not Eligible,0,0.068
STU-3238,22IT638,IT,8,81.9,7.73,7.44,improving,0,88.8,83.2,170,38.0,Completed,75.2,Placed,0,0.075
STU-2694,22IT994,IT,7,79.5,7.96,7.96,stable,0,74.7,81.1,148,42.7,,85.6,Placed,0,0.134
STU-7952,24CI852,Civil,4,86.7,7.0,7.49,declining,0,69.6,79.9,80,18.2,,64.8,Not Eligible,0,0.297
STU-7307,22ME207,Mechanical,8,74.8,8.84,8.19,improving,0,88.4,85.5,169,59.5,Completed,81.8,Placed,0,0.104
STU-0892,22CS992,CSE,7,76.8,7.64,7.6,stable,0,74.2,86.5,147,73.8,Ongoing,86.9,Placed,0,0.049
STU-4914,25EC514,ECE,1,87.2,6.44,6.41,stable,0,67.5,81.4,19,72.3,,51.4,Not Eligible,0,0.117
STU-1208,24CS408,CSE,4,81.9,8.7,9.25,declining,0,81.7,73.9,82,6.7,,69.0,Not Eligible,0,0.37
STU-2482,23IT782,IT,6,76.5,9.32,8.22,improving,0,94.7,72.4,127,58.6,,94.5,Eligible,0,0.092
STU-6818,23ME618,Mechanical,5,81.0,7.41,7.07,improving,2,70.7,69.2,99,56.5,Completed,85.1,In Process,0,0.426
STU-4087,25EC587,ECE,2,78.0,7.56,8.08,declining,0,84.6,78.4,44,53.3,Ongoing,61.2,Not Eligible,0,0.213
STU-3951,23EC451,ECE,6,84.4,8.31,8.09,improving,0,80.1,85.1,124,67.0,,92.8,Eligible,0,0.04
STU-6263,22EE963,EEE,8,78.7,5.73,5.91,declining,4,61.4,85.1,153,82.9,Completed,70.5,In Process,1,0.953
STU-1380,23CS580,CSE,5,99.0,8.5,7.92,improving,0,81.5,90.9,103,58.4,Ongoing,70.9,Eligible,0,0.103
STU-2980,23IT380,IT,6,83.8,8.13,7.86,improving,0,76.3,81.0,127,50.2,Completed,69.5,Eligible,0,0.159
STU-6343,23ME143,Mechanical,6,69.6,7.52,7.53,stable,0,69.0,64.7,126,25.7,Completed,73.0,Eligible,0,0.125
STU-0020,24CS120,CSE,3,69.9,7.85,7.51,improving,0,80.2,66.8,61,74.8,,64.6,Not Eligible,0,0.105
STU-1526,25CS726,CSE,2,74.8,8.56,8.54,stable,0,92.2,69.9,43,22.8,,75.7,Not Eligible,0,0.177
STU-4408,25EC908,ECE,2,87.5,7.02,7.02,stable,0,66.2,78.9,40,64.7,,60.3,Not Eligible,0,0.111
STU-2226,22IT526,IT,8,79.5,9.95,9.81,stable,0,99.0,88.1,164,46.5,Ongoing,89.6,Placed,0,0.084
STU-7012,25ME812,Mechanical,2,80.6,5.94,5.6,improving,0,57.0,80.8,38,69.7,,45.2,Not Eligible,0,0.103
STU-1303,25CS503,CSE,1,78.3,9.09,9.37,declining,0,94.4,73.3,22,76.8,,98.0,Not Eligible,0,0.113
STU-5595,22EE295,EEE,7,67.7,5.63,6.3,declining,1,51.9,72.4,141,70.2,,58.2,Placed,1,0.822
STU-6927,23ME727,Mechanical,5,87.0,7.88,7.98,stable,0,78.0,83.6,101,57.9,Completed,79.9,Eligible,0,0.107
STU-7677,23CI577,Civil,5,80.0,7.61,7.37,improving,0,73.9,79.7,101,85.7,Ongoing,75.9,Eligible,0,0.054
STU-2053,25CS353,CSE,2,77.0,8.48,8.33,improving,0,85.8,91.9,43,59.1,,78.6,Not Eligible,0,0.061
STU-7885,25CI785,Civil,1,87.2,5.22,4.92,improving,2,55.0,87.9,18,51.3,,62.2,Not Eligible,1,0.689
STU-7901,22CI801,Civil,8,85.3,6.18,6.69,declining,0,63.8,94.2,170,66.2,,45.1,Placed,0,0.253
STU-7035,24ME835,Mechanical,3,64.5,8.15,8.16,stable,0,84.9,68.7,59,83.0,,76.4,Not Eligible,0,0.378
STU-6751,25ME551,Mechanical,2,68.0,8.11,7.85,improving,0,86.5,69.9,38,65.5,,65.6,Not Eligible,0,0.181
STU-1649,22CS849,CSE,7,90.8,9.06,8.78,improving,0,85.6,94.9,143,98.0,Ongoing,82.8,Placed,0,0.094
STU-7351,22ME251,Mechanical,8,75.5,7.41,7.25,improving,0,79.5,78.6,169,67.4,Completed,71.7,In Process,0,0.085
STU-1148,23CS348,CSE,6,78.6,7.27,7.45,declining,0,76.1,81.7,127,33.7,,62.5,Eligible,0,0.185
STU-2262,25IT562,IT,2,89.7,8.89,8.57,improving,0,81.8,91.7,40,54.3,,84.7,Not Eligible,0,0.117
STU-1000,24CS200,CSE,4,74.2,8.85,8.64,improving,0,86.3,82.0,82,48.4,,87.3,Not Eligible,0,0.127
STU-1321,25CS521,CSE,2,98.3,9.19,9.18,stable,0,97.4,97.8,40,29.4,,76.9,Not Eligible,0,0.083
STU-6573,24ME373,Mechanical,4,67.1,6.65,6.07,improving,1,67.8,73.0,78,53.6,Ongoing,50.7,Not Eligible,0,0.375
STU-1784,23CS984,CSE,5,84.7,8.37,8.76,declining,0,80.2,90.0,103,78.3,Ongoing,79.1,Eligible,0,0.129
STU-8276,25CI276,Civil,1,65.1,7.41,7.23,improving,0,78.4,67.9,23,57.3,,85.5,Not Eligible,0,0.289
STU-0530,22CS630,CSE,7,93.1,9.42,9.1,improving,0,89.5,93.9,145,49.7,,98.0,Placed,0,0.071
STU-4107,22EC607,ECE,8,65.0,6.85,6.62,improving,0,66.4,74.2,168,71.9,,68.4,Placed,0,0.427
STU-2632,23IT932,IT,5,73.4,9.5,9.55,stable,0,91.0,67.7,107,54.1,Completed,82.8,Eligible,0,0.121
STU-3632,23EC132,ECE,5,99.0,7.38,7.35,stable,0,87.1,94.3,103,98.0,,60.3,Eligible,0,0.07
STU-2588,24IT888,IT,3,83.2,8.64,8.94,declining,0,88.3,91.7,64,40.5,,66.8,Not Eligible,0,0.1
STU-7187,22ME987,Mechanical,8,81.6,7.0,6.78,improving,0,69.8,83.7,166,44.1,,54.0,Not Eligible,0,0.141
STU-2172,25IT472,IT,1,83.0,8.52,8.05,improving,0,84.9,74.8,21,55.6,,73.0,Not Eligible,0,0.094
STU-5000,25EC600,ECE,1,88.6,8.73,8.58,improving,0,91.0,85.2,23,53.2,,79.3,Not Eligible,0,0.07
STU-7201,22ME101,Mechanical,8,88.4,8.37,8.51,stable,0,82.8,85.3,170,48.6,,70.3,Placed,0,0.077
STU-1595,23CS795,CSE,6,78.9,8.63,8.15,improving,4,84.4,85.1,110,75.1,Completed,75.7,In Process,1,0.819
STU-4437,24EC937,ECE,4,73.3,7.26,7.43,declining,0,80.1,82.4,85,36.9,Ongoing,58.5,Not Eligible,0,0.2
STU-0292,25CS392,CSE,1,85.3,8.1,7.92,improving,0,83.6,84.1,22,86.6,,75.6,Not Eligible,0,0.073
STU-3229,22IT629,IT,8,89.2,8.58,8.5,stable,0,77.5,82.4,168,65.4,Ongoing,89.2,Placed,0,0.079
STU-2402,24IT702,IT,4,88.3,9.02,9.76,declining,0,91.2,97.2,82,68.9,Ongoing,98.0,Not Eligible,0,0.235
STU-3826,22EC326,ECE,8,83.4,9.08,9.54,declining,0,89.6,84.8,170,78.1,Completed,81.4,Placed,0,0.188
STU-7114,24ME914,Mechanical,3,80.4,6.73,7.35,declining,0,71.9,82.3,64,62.7,,91.7,Not Eligible,0,0.238
STU-7549,22ME449,Mechanical,8,80.6,8.08,7.66,improving,0,80.7,77.9,170,73.9,,93.1,Placed,0,0.141
STU-0334,25CS434,CSE,1,98.2,8.49,8.27,improving,0,82.3,88.2,18,28.3,Ongoing,73.7,Not Eligible,0,0.067
STU-1940,25CS240,CSE,1,82.3,9.09,9.18,stable,0,84.3,85.8,19,58.1,,78.3,Not Eligible,0,0.1
STU-4993,23EC593,ECE,5,85.0,7.03,7.38,declining,0,66.1,84.1,101,62.6,Completed,73.2,Eligible,0,0.17
STU-6136,24EE836,EEE,3,71.1,8.4,8.44,stable,0,86.5,69.5,65,25.8,,83.9,Not Eligible,0,0.158
STU-6695,24ME495,Mechanical,4,76.5,6.61,7.34,declining,1,66.8,76.4,80,51.0,,62.4,Not Eligible,0,0.308
STU-7644,22CI544,Civil,8,77.7,6.41,5.82,improving,1,70.9,81.8,164,58.0,Completed,58.7,In Process,0,0.26
STU-5814,22EE514,EEE,8,72.7,6.68,7.6,declining,0,64.1,72.7,166,64.4,,85.4,In Process,0,0.288
STU-2610,25IT910,IT,2,92.6,9.95,9.73,improving,0,99.0,89.3,40,78.7,,91.8,Not Eligible,0,0.065
STU-0176,25CS276,CSE,2,75.6,8.32,8.72,declining,0,82.4,72.1,38,79.3,,84.4,Not Eligible,0,0.249
STU-6285,25EE985,EEE,1,89.4,7.22,7.88,declining,0,67.3,86.4,19,60.5,,66.7,Not Eligible,0,0.21
STU-6911,25ME711,Mechanical,1,63.9,6.94,7.36,declining,1,65.1,61.6,18,36.9,,66.8,Not Eligible,1,0.709
STU-5865,22EE565,EEE,8,92.2,7.46,7.81,declining,0,78.6,98.2,166,71.9,Completed,82.6,In Process,0,0.209
STU-0123,24CS223,CSE,3,92.4,7.76,6.79,improving,0,80.3,97.9,64,90.4,,69.8,Not Eligible,0,0.114
STU-5230,22EE830,EEE,7,69.1,8.46,8.75,declining,0,80.9,64.6,145,23.9,Ongoing,75.9,Placed,0,0.199
STU-5455,25EE155,EEE,2,69.5,7.73,7.35,improving,3,79.2,75.3,31,74.2,,84.2,Not Eligible,1,0.636
STU-0935,25CS135,CSE,2,74.9,9.17,8.99,improving,0,94.2,67.4,44,76.9,,72.8,Not Eligible,0,0.151
STU-3492,24IT892,IT,4,88.7,7.94,8.41,declining,0,75.0,84.7,86,85.9,,98.0,Not Eligible,0,0.259
STU-0073,25CS173,CSE,1,85.7,8.43,7.99,improving,0,87.3,90.0,22,72.3,,94.5,Not Eligible,0,0.064
STU-5001,22EC601,ECE,8,79.8,8.26,8.73,declining,0,82.4,78.3,169,92.3,Completed,74.1,Placed,0,0.174
STU-4163,23EC663,ECE,5,75.9,7.5,7.7,declining,0,79.9,75.8,101,49.1,,64.4,Eligible,0,0.07
STU-5939,25EE639,EEE,1,78.6,8.4,8.46,stable,0,88.3,80.2,19,32.1,,84.5,Not Eligible,0,0.148
STU-0898,22CS998,CSE,8,88.9,8.45,8.37,stable,0,86.9,81.5,164,71.2,Ongoing,93.9,Placed,0,0.098
STU-4667,23EC267,ECE,5,59.9,7.82,6.97,improving,0,89.5,59.5,103,55.3,,76.9,Eligible,1,0.679
STU-8341,23CI341,Civil,5,93.9,7.77,7.97,declining,0,72.4,93.3,103,42.6,Completed,77.3,Eligible,0,0.11
STU-3599,25EC999,ECE,2,65.3,8.86,8.47,improving,0,90.7,66.0,43,75.2,,98.0,Not Eligible,0,0.255
STU-0598,25CS698,CSE,2,80.2,8.11,7.63,improving,0,82.5,78.3,40,83.4,,83.6,Not Eligible,0,0.079
STU-7138,24ME938,Mechanical,3,95.7,6.59,6.85,declining,0,58.7,91.9,61,59.9,,57.9,Not Eligible,0,0.099
STU-4571,22EC171,ECE,8,85.9,6.89,6.83,stable,2,68.4,88.1,162,49.8,,69.4,Placed,0,0.178
STU-6583,22ME383,Mechanical,7,71.6,7.48,7.17,improving,0,77.2,70.4,147,72.3,Ongoing,82.7,In Process,0,0.149
STU-8291,25CI291,Civil,1,91.7,6.52,6.82,declining,1,72.1,89.0,18,88.9,,54.2,Not Eligible,0,0.262
STU-7629,24CI529,Civil,3,81.3,6.01,5.82,improving,0,53.6,77.0,65,81.1,,36.6,Not Eligible,0,0.282
STU-4780,25EC380,ECE,2,81.0,8.36,8.4,stable,0,83.9,84.5,40,27.7,Ongoing,71.1,Not Eligible,0,0.104
STU-7259,25ME159,Mechanical,1,73.5,7.01,7.46,declining,4,70.6,68.7,18,60.1,,74.8,Not Eligible,1,0.781
STU-2190,23IT490,IT,5,88.2,7.96,6.99,improving,0,77.3,84.8,106,50.9,Ongoing,71.7,Eligible,0,0.08
STU-4152,23EC652,ECE,5,92.6,8.46,8.5,stable,0,82.8,94.8,105,68.4,,83.9,Eligible,0,0.09
STU-2862,23IT262,IT,5,93.9,8.81,8.43,improving,0,90.9,91.9,103,78.5,Completed,85.7,Eligible,0,0.058
STU-5979,25EE679,EEE,2,75.4,8.74,9.2,declining,0,82.8,80.1,42,67.5,,77.1,Not Eligible,0,0.16
STU-3275,22IT675,IT,7,99.0,8.02,8.28,declining,0,78.3,89.2,143,13.7,,73.8,Placed,0,0.18
STU-1004,23CS204,CSE,6,90.7,8.59,9.01,declining,0,91.2,97.4,128,77.8,Completed,95.1,Eligible,0,0.101
STU-7364,25ME264,Mechanical,2,68.8,5.95,5.93,stable,0,60.7,65.3,44,62.3,,65.1,Not Eligible,0,0.166
STU-4826,23EC426,ECE,6,70.9,8.22,8.0,improving,0,80.1,75.9,122,56.8,,77.5,Eligible,0,0.144
STU-2541,22IT841,IT,7,66.8,9.14,9.25,stable,0,86.9,68.3,148,41.0,Completed,74.0,Placed,0,0.207
STU-0084,25CS184,CSE,1,83.0,9.57,9.2,improving,0,96.2,79.4,22,57.3,,98.0,Not Eligible,0,0.095
STU-5671,25EE371,EEE,2,78.4,6.19,5.88,improving,0,56.9,67.9,42,13.7,,53.6,Not Eligible,0,0.19
STU-7931,24CI831,Civil,3,73.9,8.38,8.65,declining,1,78.1,79.1,57,46.3,,66.1,Not Eligible,0,0.245
STU-1258,24CS458,CSE,4,82.4,8.76,8.38,improving,0,87.8,85.8,85,58.0,,80.2,Not Eligible,0,0.108
STU-5605,22EE305,EEE,7,75.5,6.8,6.84,stable,0,70.1,71.6,148,26.8,,64.6,Placed,0,0.123
STU-3955,23EC455,ECE,6,82.7,7.68,8.03,declining,0,69.4,82.5,124,57.3,Completed,89.9,Eligible,0,0.132
STU-7451,24ME351,Mechanical,3,90.5,7.61,7.64,stable,0,76.7,90.0,65,47.0,,58.5,Not Eligible,0,0.105
STU-5025,22EC625,ECE,8,72.3,8.73,8.39,improving,0,91.8,74.8,164,94.0,,79.0,Placed,0,0.109
STU-0584,24CS684,CSE,3,78.2,8.7,8.54,improving,0,90.4,78.3,59,12.8,,93.6,Not Eligible,0,0.106
STU-3237,25IT637,IT,2,78.3,6.83,6.68,improving,1,65.7,81.8,34,24.5,,69.7,Not Eligible,0,0.308
STU-2657,23IT957,IT,6,99.0,7.87,8.16,declining,0,76.1,98.4,126,47.1,,65.9,Eligible,0,0.093
STU-2110,22CS410,CSE,8,81.4,8.13,7.82,improving,0,82.6,73.0,164,64.9,Completed,77.4,Placed,0,0.058
STU-4161,22EC661,ECE,8,80.9,7.37,7.2,improving,0,63.1,72.1,168,68.6,,73.0,In Process,0,0.06
STU-0086,24CS186,CSE,3,86.0,7.98,7.8,improving,0,80.3,84.7,63,52.2,,41.7,Not Eligible,0,0.055
STU-5959,24EE659,EEE,3,70.0,7.3,7.18,stable,4,74.1,74.5,43,41.0,,76.8,Not Eligible,1,0.852
STU-7623,22CI523,Civil,8,70.9,5.76,6.55,declining,0,55.7,84.7,169,77.7,,36.0,Placed,0,0.5
STU-7635,24CI535,Civil,4,82.2,7.5,7.33,improving,2,76.5,79.1,77,58.4,,57.1,Not Eligible,0,0.316
STU-7579,22CI479,Civil,7,65.5,6.38,5.94,improving,0,67.0,60.3,147,28.5,Completed,69.6,Not Eligible,0,0.411
STU-5410,23EE110,EEE,6,78.3,7.47,7.25,improving,0,75.7,81.0,122,98.0,Completed,71.2,Eligible,0,0.065
STU-6393,24ME193,Mechanical,3,95.5,7.74,7.78,stable,0,76.5,89.7,65,46.9,,85.1,Not Eligible,0,0.053
STU-1598,25CS798,CSE,1,85.8,9.02,9.13,stable,0,94.1,81.4,22,48.4,,72.6,Not Eligible,0,0.038
STU-6945,22ME745,Mechanical,7,87.4,9.14,8.85,improving,0,89.6,94.7,147,98.0,,83.1,Placed,0,0.052
STU-1826,23CS126,CSE,5,70.0,5.91,5.62,improving,1,59.3,65.6,97,79.2,,54.3,In Process,0,0.366
STU-1555,25CS755,CSE,2,89.6,9.13,9.18,stable,0,97.1,82.5,40,72.0,,80.9,Not Eligible,0,0.072
STU-2736,25IT136,IT,2,80.4,9.95,9.43,improving,0,96.7,77.6,44,79.4,,92.7,Not Eligible,0,0.075
STU-0782,23CS882,CSE,5,99.0,8.82,8.81,stable,0,85.6,99.2,107,34.4,Completed,91.6,Eligible,0,0.086
STU-4303,24EC803,ECE,4,74.7,7.14,7.42,declining,0,68.3,74.3,85,41.6,,75.5,Not Eligible,0,0.145
STU-7626,25CI526,Civil,2,85.3,6.38,6.55,declining,0,72.0,90.9,40,94.0,,65.3,Not Eligible,0,0.126
STU-4332,24EC832,ECE,3,77.3,7.11,7.58,declining,0,72.7,69.1,61,30.3,,64.9,Not Eligible,0,0.28
STU-7193,25ME993,Mechanical,2,75.2,6.69,6.92,declining,3,70.2,72.9,30,39.3,,62.1,Not Eligible,1,0.648
STU-3174,24IT574,IT,4,82.5,7.86,8.63,declining,0,75.2,90.3,82,40.5,,75.0,Not Eligible,0,0.209
STU-1601,25CS801,CSE,2,86.6,7.37,7.48,stable,0,68.4,88.2,44,85.9,,56.8,Not Eligible,0,0.101
STU-8290,23CI290,Civil,6,74.1,7.37,7.25,stable,0,78.8,72.0,128,72.7,Completed,86.0,Eligible,0,0.117
STU-5907,22EE607,EEE,8,80.7,7.43,7.74,declining,0,67.1,84.9,168,48.0,,84.1,In Process,0,0.245
STU-3456,25IT856,IT,1,94.8,8.29,7.78,improving,0,82.2,98.4,19,27.0,,93.1,Not Eligible,0,0.132
STU-3253,25IT653,IT,1,83.1,7.53,7.46,stable,0,73.8,76.5,23,86.5,,98.0,Not Eligible,0,0.086
STU-3653,25EC153,ECE,1,82.3,6.91,6.71,improving,0,73.5,78.7,23,47.6,,49.1,Not Eligible,0,0.05
STU-2689,25IT989,IT,2,98.4,7.75,8.05,declining,0,71.8,100.0,43,98.0,,73.5,Not Eligible,0,0.113
STU-0195,24CS295,CSE,3,70.7,7.57,7.43,stable,0,78.4,64.7,65,94.4,Ongoing,68.9,Not Eligible,0,0.132
STU-7892,23CI792,Civil,6,71.5,7.77,7.97,declining,2,76.9,70.2,118,33.5,Completed,84.3,In Process,1,0.667
STU-7192,24ME992,Mechanical,3,82.4,6.92,6.26,improving,0,66.8,81.3,64,98.0,,74.3,Not Eligible,0,0.102
STU-7021,24ME821,Mechanical,4,81.0,7.05,7.11,stable,0,73.7,82.2,82,56.8,,79.1,Not Eligible,0,0.134
STU-6712,25ME512,Mechanical,1,87.0,6.85,6.76,stable,1,67.7,83.3,18,45.9,,80.3,Not Eligible,0,0.162
STU-7867,22CI767,Civil,8,78.2,6.77,6.38,improving,0,72.7,80.1,169,45.5,,94.5,Placed,0,0.088
STU-2414,23IT714,IT,6,86.1,8.35,8.2,improving,0,89.4,83.1,124,39.3,Ongoing,79.1,Eligible,0,0.111
STU-5043,24EC643,ECE,3,79.8,9.05,8.9,improving,0,96.7,90.6,65,46.3,,92.0,Not Eligible,0,0.118
STU-7324,23ME224,Mechanical,6,59.3,5.45,5.93,declining,1,54.7,60.6,118,18.3,,50.1,In Process,1,0.99
STU-4203,25EC703,ECE,2,84.7,7.75,7.83,stable,0,81.9,76.3,44,94.8,,50.5,Not Eligible,0,0.106
STU-6087,24EE787,EEE,4,72.0,7.78,7.58,improving,1,69.8,79.2,76,70.8,,75.2,Not Eligible,0,0.208
STU-7763,25CI663,Civil,2,75.0,8.04,7.41,improving,0,74.6,79.0,38,58.3,,81.0,Not Eligible,0,0.045
STU-0251,24CS351,CSE,3,90.3,6.78,6.6,improving,0,64.6,95.5,59,81.8,,74.0,Not Eligible,0,0.076
STU-6708,23ME508,Mechanical,5,81.6,8.66,8.45,improving,0,89.3,75.0,105,49.5,Completed,79.5,Eligible,0,0.072
STU-8180,24CI180,Civil,4,72.7,7.94,8.21,declining,0,81.6,74.0,85,60.8,,97.7,Not Eligible,0,0.178
STU-6628,22ME428,Mechanical,7,76.5,7.32,7.47,declining,0,79.4,83.6,149,55.5,,79.6,Placed,0,0.079
STU-4872,24EC472,ECE,3,81.4,6.26,5.77,improving,0,65.9,76.9,65,57.1,,79.3,Not Eligible,0,0.115
STU-3627,22EC127,ECE,8,71.7,9.16,8.89,improving,0,98.6,74.6,166,46.3,Completed,94.6,Placed,0,0.075
STU-3859,22EC359,ECE,8,87.7,7.78,7.67,stable,0,75.2,85.5,168,72.3,Ongoing,69.7,Placed,0,0.046
STU-3935,22EC435,ECE,8,81.7,7.19,8.26,declining,0,64.9,78.3,169,89.3,Completed,78.0,Not Eligible,0,0.338
STU-5718,23EE418,EEE,5,82.5,7.45,7.39,stable,0,75.7,82.5,103,50.6,Completed,67.6,Eligible,0,0.084
STU-3119,24IT519,IT,3,82.4,7.88,8.76,declining,0,81.4,87.4,61,59.9,,83.7,Not Eligible,0,0.329
STU-1708,25CS908,CSE,2,73.3,6.97,6.93,stable,1,70.4,73.1,39,53.5,,77.4,Not Eligible,0,0.241
STU-3126,22IT526,IT,8,87.8,8.66,8.92,declining,0,88.6,77.8,169,73.3,Ongoing,81.1,Placed,0,0.162
STU-7426,22ME326,Mechanical,8,79.6,7.28,6.69,improving,0,75.7,83.5,166,62.8,,74.2,In Process,0,0.11
STU-0455,25CS555,CSE,1,93.4,7.66,8.3,declining,0,79.6,88.6,23,78.1,,68.3,Not Eligible,0,0.199
STU-8172,24CI172,Civil,3,79.8,7.31,7.58,declining,0,68.8,79.3,59,36.8,,75.3,Not Eligible,0,0.113
STU-5378,25EE978,EEE,1,75.4,6.41,6.35,stable,0,55.9,80.3,19,46.2,,48.5,Not Eligible,0,0.156
STU-2499,25IT799,IT,1,83.4,7.79,7.98,declining,0,86.1,86.7,21,77.4,,60.2,Not Eligible,0,0.152
STU-7022,25ME822,Mechanical,1,81.7,7.8,7.45,improving,0,79.7,79.4,21,61.4,,79.9,Not Eligible,0,0.105
STU-5674,24EE374,EEE,4,74.5,7.13,7.49,declining,0,68.5,76.5,84,32.7,,68.7,Not Eligible,0,0.326
STU-1370,25CS570,CSE,2,92.6,7.79,8.82,declining,0,80.2,87.0,44,82.2,Ongoing,83.0,Not Eligible,0,0.258
STU-7135,25ME935,Mechanical,1,91.1,7.99,8.01,stable,0,73.0,93.6,19,72.3,,75.9,Not Eligible,0,0.094
STU-1639,22CS839,CSE,8,90.2,7.09,7.31,declining,0,59.2,91.4,169,38.9,Ongoing,72.9,Placed,0,0.104
STU-2944,23IT344,IT,5,88.9,8.44,8.87,declining,0,85.4,82.5,105,22.0,Ongoing,86.1,Eligible,0,0.173
STU-4185,25EC685,ECE,2,86.3,8.08,7.69,improving,0,77.1,71.4,38,70.2,,69.0,Not Eligible,0,0.068
STU-3617,22EC117,ECE,8,80.8,8.23,8.52,declining,0,94.4,67.5,166,65.0,Ongoing,69.1,Placed,0,0.258
STU-4173,25EC673,ECE,1,88.9,8.84,8.71,stable,0,86.8,98.6,22,54.6,,91.7,Not Eligible,0,0.078
STU-5805,25EE505,EEE,1,83.9,8.03,8.04,stable,0,91.6,75.0,19,93.6,,80.1,Not Eligible,0,0.079
STU-6714,22ME514,Mechanical,8,90.8,6.81,6.34,improving,1,66.9,85.8,166,59.9,Completed,73.4,Placed,0,0.099
STU-5213,23EE813,EEE,5,90.9,6.95,6.76,improving,0,66.2,80.2,101,21.9,Completed,63.2,Eligible,0,0.085
STU-2154,22IT454,IT,7,93.3,8.32,7.82,improving,0,81.4,86.7,143,52.7,Ongoing,93.0,Placed,0,0.05
STU-3718,24EC218,ECE,3,91.0,7.77,8.32,declining,0,68.9,88.0,63,5.0,,84.1,Not Eligible,0,0.379
STU-2840,24IT240,IT,3,81.0,9.03,9.18,declining,0,88.5,84.4,61,87.9,,70.0,Not Eligible,0,0.145
STU-4273,23EC773,ECE,6,82.5,7.51,7.52,stable,0,78.2,85.4,124,69.2,Ongoing,64.3,Eligible,0,0.132
STU-6950,25ME750,Mechanical,2,78.7,7.32,7.36,stable,0,72.2,76.3,43,70.1,,64.3,Not Eligible,0,0.083
STU-0171,23CS271,CSE,6,87.2,7.19,6.33,improving,0,70.5,78.8,126,39.6,,58.1,Eligible,0,0.099
STU-7985,22CI885,Civil,7,81.1,4.93,5.11,declining,0,53.9,88.4,148,60.5,Ongoing,32.2,In Process,0,0.473
STU-8129,22CI129,Civil,8,71.6,7.12,7.14,stable,0,64.8,73.7,168,98.0,Completed,67.3,In Process,0,0.061
STU-0172,25CS272,CSE,1,69.1,9.32,9.58,declining,0,97.7,73.3,23,44.2,,83.1,Not Eligible,0,0.164
STU-2411,25IT711,IT,1,87.3,7.03,6.93,stable,0,61.6,79.4,22,80.2,,70.5,Not Eligible,0,0.08
STU-8232,25CI232,Civil,1,81.8,6.56,6.36,improving,0,72.3,73.0,23,38.3,,61.7,Not Eligible,0,0.149
STU-3720,22EC220,ECE,8,93.9,8.01,7.8,improving,0,78.7,95.1,164,39.8,Ongoing,73.3,Placed,0,0.094
STU-7074,22ME874,Mechanical,7,71.5,6.3,6.55,declining,1,55.3,77.8,145,82.4,,72.2,In Process,0,0.284
STU-6716,24ME516,Mechanical,3,83.7,7.38,6.65,improving,0,66.6,81.3,65,51.2,,67.6,Not Eligible,0,0.054
STU-0637,23CS737,CSE,5,86.5,8.19,7.4,improving,0,90.3,82.1,106,82.4,,86.5,Eligible,0,0.056
STU-5854,22EE554,EEE,8,73.6,8.13,7.85,improving,0,81.9,76.6,168,61.1,,60.4,Placed,0,0.089
STU-4071,24EC571,ECE,3,86.8,8.58,8.68,stable,0,89.6,78.7,64,42.2,,80.2,Not Eligible,0,0.138
STU-0915,23CS115,CSE,5,79.6,8.15,8.5,declining,0,86.1,77.9,101,16.3,Completed,70.2,Eligible,0,0.219
STU-6527,25ME327,Mechanical,1,68.4,6.8,6.52,improving,0,67.2,67.5,18,53.9,,63.9,Not Eligible,0,0.126
STU-3026,24IT426,IT,3,80.8,8.29,7.76,improving,0,78.0,85.8,63,55.9,,81.8,Not Eligible,0,0.061
STU-0280,22CS380,CSE,7,85.5,6.84,7.38,declining,0,72.0,81.7,143,57.5,Completed,66.2,In Process,0,0.191
STU-1016,22CS216,CSE,8,68.9,8.61,8.16,improving,4,92.3,71.4,148,50.8,Completed,86.8,In Process,1,0.705
STU-0485,23CS585,CSE,5,99.0,8.26,8.62,declining,0,73.1,96.4,105,87.2,Ongoing,62.1,Eligible,0,0.171
STU-4311,24EC811,ECE,3,89.1,7.94,7.75,improving,0,88.8,81.4,65,58.3,,78.8,Not Eligible,0,0.062
STU-7753,24CI653,Civil,4,79.3,6.38,6.22,improving,0,61.1,85.9,85,75.3,,31.5,Not Eligible,0,0.128
STU-7600,25CI500,Civil,2,72.3,8.2,7.96,improving,1,84.8,67.7,34,70.1,,76.9,Not Eligible,0,0.269
STU-1836,23CS136,CSE,6,91.7,7.94,7.97,stable,0,82.1,99.0,126,53.9,Completed,98.0,Eligible,0,0.039
STU-4407,24EC907,ECE,4,80.8,6.24,5.65,improving,0,60.1,80.6,82,37.6,,44.3,Not Eligible,0,0.143
STU-4839,24EC439,ECE,4,72.5,8.26,8.06,improving,0,73.3,68.0,84,31.6,,76.7,Not Eligible,0,0.111
STU-2552,25IT852,IT,2,97.3,8.9,9.39,declining,0,83.7,77.8,43,43.1,,93.0,Not Eligible,0,0.081
STU-7425,24ME325,Mechanical,3,85.2,8.76,8.66,stable,0,84.0,73.0,59,55.4,,98.0,Not Eligible,0,0.084
STU-3255,22IT655,IT,7,97.3,8.4,8.12,improving,0,88.8,97.0,143,41.4,Completed,63.4,Placed,0,0.109
STU-0521,23CS621,CSE,5,75.4,6.75,7.13,declining,0,62.8,69.8,107,54.0,Completed,68.5,Eligible,0,0.102
STU-0816,24CS916,CSE,4,68.0,9.95,10.0,stable,0,99.0,63.2,84,26.9,,98.0,Not Eligible,0,0.122
STU-2422,25IT722,IT,1,77.5,7.21,7.65,declining,0,70.6,73.3,19,17.8,Ongoing,78.0,Not Eligible,0,0.411
STU-7608,23CI508,Civil,6,92.9,7.05,6.43,improving,0,67.2,100.0,124,62.8,,70.0,Eligible,0,0.103
STU-6813,25ME613,Mechanical,1,96.6,7.33,6.87,improving,0,69.9,88.3,21,77.5,,67.7,Not Eligible,0,0.093
STU-1959,23CS259,CSE,5,83.0,8.71,9.35,declining,0,83.2,87.6,101,84.2,Ongoing,68.7,Eligible,0,0.169
STU-2059,23CS359,CSE,6,73.3,8.98,9.19,declining,0,88.5,80.0,122,51.4,,96.7,Eligible,0,0.249
STU-6484,25ME284,Mechanical,1,85.2,7.11,7.15,stable,0,61.6,86.4,21,86.2,,57.6,Not Eligible,0,0.069
STU-4608,23EC208,ECE,6,80.5,6.53,6.48,stable,1,70.8,67.9,122,69.0,,48.8,In Process,0,0.283
STU-6243,24EE943,EEE,3,75.6,9.13,9.22,stable,0,98.4,64.6,59,72.8,,98.0,Not Eligible,0,0.081
STU-6604,23ME404,Mechanical,5,74.6,5.79,5.92,stable,0,56.5,74.6,101,57.3,Ongoing,67.5,In Process,0,0.195
STU-8202,23CI202,Civil,6,81.7,7.03,7.07,stable,0,72.9,79.0,122,40.6,Ongoing,45.6,Eligible,0,0.106
STU-6640,24ME440,Mechanical,4,62.5,7.25,7.36,stable,0,72.9,64.3,84,27.0,,77.4,Not Eligible,0,0.477
STU-0312,25CS412,CSE,1,95.7,7.99,7.73,improving,0,79.1,98.4,22,21.7,,98.0,Not Eligible,0,0.086
STU-4809,23EC409,ECE,5,85.9,7.99,7.86,stable,0,75.7,85.6,101,75.9,Completed,81.7,Eligible,0,0.073
STU-7147,24ME947,Mechanical,4,61.1,6.88,6.78,stable,0,69.9,64.5,82,43.3,,41.9,Not Eligible,1,0.52
STU-3906,25EC406,ECE,1,91.4,7.77,7.62,improving,0,78.6,91.4,18,37.8,,89.3,Not Eligible,0,0.093
STU-7379,22ME279,Mechanical,7,65.9,7.48,7.5,stable,0,85.5,74.0,145,71.7,,78.2,In Process,0,0.134
STU-3353,22IT753,IT,7,99.0,8.02,8.08,stable,0,75.3,91.3,148,64.9,Ongoing,66.7,Placed,0,0.1
STU-1327,25CS527,CSE,2,82.5,8.74,8.57,improving,0,81.4,80.3,44,96.9,,95.2,Not Eligible,0,0.102
STU-5847,22EE547,EEE,8,90.4,7.75,7.76,stable,0,91.3,80.8,166,37.9,Ongoing,68.9,Placed,0,0.091
STU-1982,22CS282,CSE,7,81.7,8.43,8.55,stable,0,86.2,78.9,149,68.8,,75.4,Placed,0,0.077
STU-7194,23ME994,Mechanical,5,80.6,6.66,6.63,stable,0,69.2,80.5,103,55.2,,45.8,Eligible,0,0.094
STU-7360,23ME260,Mechanical,6,84.4,7.85,7.33,improving,0,80.7,85.5,124,76.9,Completed,70.7,Eligible,0,0.183
STU-2686,25IT986,IT,1,81.1,7.66,8.04,declining,0,79.2,82.6,22,84.6,,71.2,Not Eligible,0,0.135
STU-8191,24CI191,Civil,3,72.0,7.29,6.99,improving,0,72.9,73.6,61,64.2,,70.7,Not Eligible,0,0.04
STU-0470,22CS570,CSE,8,88.6,8.59,8.08,improving,0,84.5,85.5,164,96.6,Completed,84.5,Placed,0,0.135
STU-2829,24IT229,IT,4,85.1,7.03,7.79,declining,0,68.9,86.5,85,29.5,,85.5,Not Eligible,0,0.252
STU-6888,24ME688,Mechanical,4,88.0,7.48,7.86,declining,0,76.9,90.5,80,91.3,,82.0,Not Eligible,0,0.11
STU-7365,23ME265,Mechanical,6,82.9,8.95,8.76,improving,0,88.6,77.4,128,65.1,,98.0,Eligible,0,0.073
STU-3610,23EC110,ECE,6,87.5,7.41,6.6,improving,0,77.0,75.6,128,56.3,Completed,98.0,Eligible,0,0.247
STU-2191,22IT491,IT,7,65.1,8.1,8.35,declining,1,76.2,64.6,143,59.5,Completed,93.0,In Process,1,0.672
STU-7397,25ME297,Mechanical,1,86.9,7.07,7.64,declining,0,68.9,81.5,19,74.2,,66.1,Not Eligible,0,0.244
STU-0061,24CS161,CSE,3,73.2,8.4,7.96,improving,0,88.3,73.6,65,88.1,,66.8,Not Eligible,0,0.112
STU-1634,22CS834,CSE,7,70.1,7.88,8.04,declining,0,82.6,71.1,145,64.1,Completed,80.8,Placed,0,0.082
STU-1284,25CS484,CSE,1,96.7,7.79,8.36,declining,0,78.0,100.0,22,45.9,,94.3,Not Eligible,0,0.128
STU-5996,25EE696,EEE,2,91.8,7.0,6.51,improving,0,69.6,85.1,40,59.5,,57.0,Not Eligible,0,0.04
STU-0279,23CS379,CSE,6,80.9,9.95,10.0,stable,0,96.5,82.5,128,44.9,Completed,81.1,Eligible,0,0.051
STU-4053,22EC553,ECE,7,83.2,7.93,7.65,improving,0,78.7,70.3,148,73.8,Completed,98.0,Placed,0,0.068
STU-3106,24IT506,IT,3,99.0,6.42,6.48,stable,0,56.6,91.7,65,54.7,,62.8,Not Eligible,0,0.201
STU-4815,23EC415,ECE,6,94.2,9.76,9.97,declining,0,95.9,97.9,126,64.8,,74.4,Eligible,0,0.135
STU-0076,23CS176,CSE,6,85.9,7.82,7.63,improving,0,82.8,79.0,128,73.9,Completed,66.3,Eligible,0,0.062
STU-3877,24EC377,ECE,3,75.2,7.24,6.58,improving,0,65.3,80.7,64,58.0,,59.4,Not Eligible,0,0.081
STU-5413,25EE113,EEE,1,65.1,7.01,7.17,declining,0,72.7,70.8,23,71.8,,90.1,Not Eligible,0,0.249
STU-2384,23IT684,IT,5,76.0,6.54,6.69,declining,1,66.9,71.3,99,91.3,,67.9,In Process,0,0.218
STU-3740,25EC240,ECE,1,82.2,7.74,7.69,stable,0,82.8,78.0,23,54.6,,58.8,Not Eligible,0,0.097
STU-7115,22ME915,Mechanical,7,83.7,6.22,5.91,improving,1,56.2,80.5,139,62.3,,58.9,In Process,0,0.394
STU-1751,23CS951,CSE,5,99.0,8.7,8.83,stable,0,96.0,91.1,105,54.8,,98.0,Eligible,0,0.085
STU-7751,25CI651,Civil,2,75.4,6.65,6.58,stable,0,68.3,68.2,44,5.0,,58.2,Not Eligible,0,0.175
STU-7491,25ME391,Mechanical,1,84.2,6.76,6.6,improving,0,65.8,84.3,18,65.6,,73.7,Not Eligible,0,0.046
STU-2932,25IT332,IT,1,84.6,8.38,8.52,stable,0,90.2,78.6,19,33.3,,50.5,Not Eligible,0,0.108
STU-5683,23EE383,EEE,6,70.0,7.89,7.89,stable,0,75.3,68.9,124,83.4,Completed,63.5,Eligible,0,0.068
STU-7762,25CI662,Civil,2,79.3,6.93,7.35,declining,0,66.9,85.4,38,36.5,Ongoing,62.6,Not Eligible,0,0.201
STU-0432,22CS532,CSE,7,88.0,7.99,8.76,declining,0,85.0,96.6,147,50.0,Completed,69.4,Placed,0,0.163
STU-2496,25IT796,IT,1,99.0,6.7,6.55,improving,0,67.6,94.2,23,56.6,,55.3,Not Eligible,0,0.066
STU-4756,22EC356,ECE,7,81.9,6.45,5.88,improving,0,54.2,85.8,149,40.5,,74.5,Not Eligible,0,0.112
STU-6794,22ME594,Mechanical,8,81.6,8.11,8.39,declining,0,77.7,74.7,168,49.7,,78.7,Placed,0,0.069
STU-7569,22ME469,Mechanical,8,79.7,7.77,7.71,stable,0,80.2,79.3,164,56.0,,86.5,Placed,0,0.078
STU-7873,25CI773,Civil,2,87.1,7.31,7.18,stable,0,65.0,83.3,38,75.9,,63.0,Not Eligible,0,0.092
STU-5876,23EE576,EEE,5,80.1,9.52,9.56,stable,0,93.8,82.0,105,98.0,Completed,97.3,Eligible,0,0.04
STU-5478,24EE178,EEE,4,76.5,6.89,6.82,stable,0,73.0,81.6,86,50.3,,58.1,Not Eligible,0,0.069
STU-5815,24EE515,EEE,4,72.1,7.5,7.55,stable,0,86.2,70.3,86,74.9,Ongoing,84.9,Not Eligible,0,0.098
STU-1488,23CS688,CSE,6,89.5,7.61,7.21,improving,0,89.7,87.6,128,58.3,Ongoing,98.0,Eligible,0,0.185
STU-7580,25CI480,Civil,1,73.4,8.02,7.69,improving,1,83.2,72.1,18,63.0,,78.2,Not Eligible,0,0.236
STU-8353,22CI353,Civil,7,58.4,7.02,7.14,stable,2,64.1,56.8,139,61.7,Completed,84.3,Not Eligible,1,0.9
STU-1177,22CS377,CSE,7,76.3,9.45,8.95,improving,0,92.5,77.1,145,79.4,Completed,92.0,Placed,0,0.105
STU-5609,25EE309,EEE,1,66.3,6.95,7.28,declining,0,70.6,65.7,22,58.4,,79.7,Not Eligible,0,0.34
STU-3089,24IT489,IT,3,92.7,6.22,6.83,declining,0,64.4,83.8,63,45.5,,53.1,Not Eligible,0,0.306
STU-2459,24IT759,IT,4,87.3,8.42,7.92,improving,0,92.0,90.7,80,20.8,,82.0,Not Eligible,0,0.203
STU-5549,23EE249,EEE,5,63.0,8.96,9.03,stable,0,90.5,61.7,105,75.4,Ongoing,98.0,Eligible,0,0.387
STU-7689,25CI589,Civil,1,75.6,7.77,7.61,improving,0,76.2,77.9,22,61.1,,81.8,Not Eligible,0,0.076
STU-4201,22EC701,ECE,7,67.4,9.1,9.11,stable,0,88.2,76.2,143,68.9,Completed,80.8,Placed,0,0.151
STU-2899,25IT299,IT,1,99.0,7.65,7.13,improving,0,71.1,92.0,22,25.3,,80.8,Not Eligible,0,0.114
STU-6670,23ME470,Mechanical,5,70.5,7.17,7.06,stable,0,80.9,77.8,105,48.4,,63.3,Eligible,0,0.072
STU-1253,25CS453,CSE,1,93.8,7.74,7.8,stable,0,86.1,88.0,19,75.6,,69.6,Not Eligible,0,0.068
STU-7107,23ME907,Mechanical,5,84.8,7.41,7.54,stable,0,74.6,83.2,101,53.6,Completed,66.5,Eligible,0,0.062
STU-3434,25IT834,IT,1,86.8,8.07,8.01,stable,0,80.9,85.7,18,47.9,,71.4,Not Eligible,0,0.082
STU-2163,22IT463,IT,8,83.8,7.92,8.0,stable,0,77.5,86.8,170,57.4,,69.7,Placed,0,0.105
STU-1127,25CS327,CSE,1,89.4,7.1,7.31,declining,0,71.7,89.2,22,60.6,,82.0,Not Eligible,0,0.089
STU-4398,25EC898,ECE,2,88.2,6.31,5.99,improving,0,65.2,73.3,44,58.3,,47.1,Not Eligible,0,0.11
STU-7240,24ME140,Mechanical,3,75.9,7.38,7.54,declining,0,75.3,69.1,61,23.9,,64.0,Not Eligible,0,0.118
STU-4523,23EC123,ECE,5,89.3,8.71,8.28,improving,0,86.0,83.8,105,64.3,Ongoing,77.2,Eligible,0,0.085
STU-7093,25ME893,Mechanical,1,75.2,7.57,7.28,improving,0,71.3,72.2,18,83.0,,62.9,Not Eligible,0,0.068
STU-1842,24CS142,CSE,4,76.3,8.08,8.4,declining,0,87.1,62.1,82,84.7,,68.3,Not Eligible,0,0.139
STU-5786,24EE486,EEE,3,83.2,9.35,9.55,declining,0,92.1,84.6,64,65.5,,94.7,Not Eligible,0,0.122
STU-4602,25EC202,ECE,1,70.4,8.16,8.34,declining,0,78.7,80.6,18,57.2,,70.1,Not Eligible,0,0.225
STU-0340,25CS440,CSE,1,81.4,9.03,8.96,stable,0,86.7,73.6,21,98.0,,71.7,Not Eligible,0,0.141
STU-6016,22EE716,EEE,7,71.7,9.02,9.13,stable,0,84.4,67.8,145,62.1,,87.8,Placed,0,0.176
STU-0261,23CS361,CSE,5,96.6,7.45,7.91,declining,0,69.4,81.7,106,72.9,,60.2,Eligible,0,0.109
STU-5490,22EE190,EEE,8,85.8,7.75,7.57,improving,0,83.2,88.0,168,61.8,Ongoing,66.9,Placed,0,0.086
STU-7277,25ME177,Mechanical,1,83.6,7.29,7.59,declining,0,73.9,82.5,19,56.5,,74.9,Not Eligible,0,0.102
STU-2008,22CS308,CSE,7,99.0,8.39,8.19,improving,0,80.2,84.9,147,49.2,,98.0,Placed,0,0.053
STU-7543,25ME443,Mechanical,2,58.9,6.71,6.26,improving,0,79.9,56.3,42,43.8,,68.3,Not Eligible,1,0.624
STU-8268,24CI268,Civil,3,83.3,6.41,6.42,stable,1,56.1,81.5,59,68.9,,83.7,Not Eligible,0,0.318
STU-2472,24IT772,IT,4,92.7,9.36,8.93,improving,0,91.0,94.1,84,57.9,,78.8,Not Eligible,0,0.084
STU-3739,23EC239,ECE,5,90.2,6.87,7.02,declining,0,68.3,83.9,101,86.1,,62.4,Eligible,0,0.117
STU-0144,24CS244,CSE,3,78.3,8.14,7.63,improving,0,84.0,77.1,63,87.5,Ongoing,88.8,Not Eligible,0,0.048
STU-1505,24CS705,CSE,3,82.9,7.6,6.95,improving,0,80.7,77.7,65,50.8,,75.3,Not Eligible,0,0.131
STU-1511,22CS711,CSE,7,83.5,7.79,7.48,improving,0,74.2,90.3,143,49.3,Completed,74.2,Placed,0,0.178
STU-2523,24IT823,IT,3,90.0,9.21,9.16,stable,0,92.5,92.1,65,83.6,,75.7,Not Eligible,0,0.204
STU-0319,25CS419,CSE,2,98.0,8.1,8.2,stable,0,75.6,90.2,38,98.0,,83.6,Not Eligible,0,0.133
STU-3829,23EC329,ECE,6,95.0,7.36,7.67,declining,0,79.8,98.6,124,37.0,Completed,68.0,Eligible,0,0.199
STU-3996,25EC496,ECE,2,71.0,7.77,7.35,improving,0,79.7,78.1,44,65.6,,76.2,Not Eligible,0,0.128
STU-0808,22CS908,CSE,8,95.4,7.07,7.55,declining,0,69.8,87.8,169,49.7,,52.3,In Process,0,0.102
STU-0202,25CS302,CSE,1,82.0,7.91,8.07,declining,0,82.0,71.4,21,48.1,,74.1,Not Eligible,0,0.076
STU-4092,23EC592,ECE,6,87.8,7.84,8.2,declining,0,85.4,87.4,126,64.3,,91.9,Eligible,0,0.11
STU-4649,22EC249,ECE,7,88.9,7.05,7.47,declining,0,64.0,93.9,143,79.9,,54.1,In Process,0,0.203
STU-8275,23CI275,Civil,5,88.1,6.64,7.4,declining,0,64.5,91.5,106,25.1,,76.5,Eligible,0,0.33
STU-7858,23CI758,Civil,5,75.6,7.22,7.68,declining,0,69.6,83.3,106,25.8,,76.3,Eligible,0,0.198
STU-1856,25CS156,CSE,2,85.3,7.37,7.61,declining,0,73.9,77.4,44,67.4,,78.1,Not Eligible,0,0.167
STU-6319,22EE119,EEE,7,77.6,6.01,5.34,improving,0,58.3,75.3,147,64.0,Completed,47.3,In Process,0,0.188
STU-0404,22CS504,CSE,7,89.3,8.28,8.26,stable,0,74.4,85.2,147,67.0,,69.4,Placed,0,0.066
STU-3284,22IT684,IT,8,90.5,8.51,8.77,declining,0,92.8,93.2,168,69.7,Completed,71.0,Placed,0,0.194
STU-2559,23IT859,IT,5,77.8,7.32,7.22,stable,0,72.2,82.0,107,21.8,,40.6,Eligible,0,0.138
STU-3971,23EC471,ECE,5,67.9,7.39,7.18,improving,1,76.9,70.8,97,67.8,,68.1,In Process,0,0.381
STU-2582,22IT882,IT,8,89.4,7.91,8.17,declining,0,77.4,98.4,169,77.1,,69.5,Placed,0,0.131
STU-8109,25CI109,Civil,1,67.1,8.82,8.84,stable,0,83.6,73.0,19,31.2,,93.3,Not Eligible,0,0.292
STU-6797,24ME597,Mechanical,4,81.6,7.78,8.04,declining,0,79.5,84.3,84,39.5,,79.2,Not Eligible,0,0.095
STU-4962,24EC562,ECE,4,69.9,6.14,5.92,improving,0,70.1,60.2,82,80.1,,52.9,Not Eligible,0,0.239
STU-1674,22CS874,CSE,7,85.6,8.83,8.81,stable,0,99.0,84.3,145,27.0,Ongoing,97.0,Placed,0,0.092
STU-7406,22ME306,Mechanical,8,72.1,5.95,6.47,declining,0,48.2,75.0,169,95.3,,66.9,In Process,0,0.439
STU-6780,24ME580,Mechanical,3,74.2,8.55,8.93,declining,0,92.6,76.0,65,84.5,,80.7,Not Eligible,0,0.173
STU-0830,24CS930,CSE,4,94.9,8.85,8.67,improving,0,90.8,100.0,84,62.9,Ongoing,98.0,Not Eligible,0,0.046
STU-2753,23IT153,IT,5,91.5,7.04,6.68,improving,0,68.4,94.7,105,69.2,Ongoing,85.7,Eligible,0,0.176
STU-5864,24EE564,EEE,3,86.6,7.2,7.26,stable,0,78.2,76.5,65,39.3,,76.0,Not Eligible,0,0.081
STU-5968,25EE668,EEE,1,80.1,7.32,7.5,declining,0,76.3,82.5,18,82.0,Ongoing,55.5,Not Eligible,0,0.143
STU-8422,24CI422,Civil,4,83.4,7.26,7.36,stable,0,69.4,75.2,85,26.5,Ongoing,54.5,Not Eligible,0,0.225
STU-1929,23CS229,CSE,6,80.9,8.18,8.3,stable,0,78.4,73.0,126,62.4,,87.1,Eligible,0,0.124
STU-7289,23ME189,Mechanical,6,83.6,7.63,8.68,declining,0,71.1,85.8,128,57.4,,68.4,Eligible,0,0.398
STU-2424,25IT724,IT,2,86.6,7.06,7.3,declining,0,71.4,73.5,40,34.9,,66.6,Not Eligible,0,0.176
STU-0957,24CS157,CSE,4,82.7,7.95,8.34,declining,0,82.7,74.0,86,84.9,,82.1,Not Eligible,0,0.131
STU-3817,24EC317,ECE,4,86.1,7.15,7.24,stable,1,63.5,86.1,78,79.7,,66.7,Not Eligible,0,0.191
STU-6297,25EE997,EEE,1,75.6,8.03,8.5,declining,0,82.6,67.0,22,88.3,,85.4,Not Eligible,0,0.224
STU-7287,23ME187,Mechanical,5,78.8,8.52,8.81,declining,0,85.3,77.0,107,72.7,,66.6,Eligible,0,0.122
STU-6257,25EE957,EEE,2,92.8,6.33,6.61,declining,0,71.5,91.8,44,31.4,,88.2,Not Eligible,0,0.17
STU-0239,23CS339,CSE,6,78.0,8.04,7.89,improving,0,87.6,76.2,124,48.5,Completed,88.3,Eligible,0,0.079
STU-6820,25ME620,Mechanical,2,62.7,9.83,9.92,stable,0,96.9,67.8,43,86.4,,98.0,Not Eligible,1,0.603
STU-7987,22CI887,Civil,7,74.4,6.71,6.25,improving,1,67.2,80.8,139,98.0,,76.5,Placed,0,0.106
STU-7811,22CI711,Civil,8,77.2,5.25,5.32,stable,1,58.6,75.8,160,66.6,,44.3,In Process,1,0.508
STU-5835,24EE535,EEE,3,77.4,7.4,7.38,stable,0,78.2,88.7,59,55.1,,69.2,Not Eligible,0,0.066
STU-5204,25EE804,EEE,1,87.2,7.64,7.43,improving,0,72.5,79.6,22,93.2,,75.6,Not Eligible,0,0.073
STU-8138,22CI138,Civil,7,74.2,7.35,6.98,improving,0,82.6,67.1,143,56.1,,76.2,In Process,0,0.104
STU-7888,24CI788,Civil,4,85.3,6.75,6.68,stable,2,70.8,81.9,76,52.7,Ongoing,73.3,Not Eligible,0,0.311
STU-4779,25EC379,ECE,2,93.3,7.42,7.11,improving,0,75.3,86.7,38,54.9,,87.3,Not Eligible,0,0.056
STU-5388,25EE988,EEE,2,91.9,7.71,7.49,improving,0,80.9,93.6,42,67.4,,76.3,Not Eligible,0,0.038
STU-0252,24CS352,CSE,3,99.0,7.16,6.71,improving,0,74.3,96.4,65,42.9,,68.7,Not Eligible,0,0.089
STU-3868,23EC368,ECE,5,99.0,8.34,8.57,declining,0,81.9,100.0,105,81.7,,85.1,Eligible,0,0.07
STU-8331,23CI331,Civil,5,83.3,8.04,7.34,improving,0,79.0,78.1,101,48.6,Ongoing,89.6,Eligible,0,0.101
STU-6787,25ME587,Mechanical,1,78.1,6.85,6.76,stable,0,73.9,70.1,18,49.9,,71.5,Not Eligible,0,0.151
STU-3472,25IT872,IT,2,88.2,7.32,7.61,declining,0,70.1,75.6,40,43.4,Ongoing,58.4,Not Eligible,0,0.174
STU-5352,24EE952,EEE,3,82.5,7.45,7.41,stable,0,67.4,78.6,63,48.5,,70.7,Not Eligible,0,0.118
STU-8392,25CI392,Civil,2,78.0,6.25,5.9,improving,0,63.4,71.4,44,73.4,,52.0,Not Eligible,0,0.138
STU-4146,24EC646,ECE,3,91.9,8.12,8.48,declining,0,87.5,91.0,64,57.5,,80.5,Not Eligible,0,0.191
STU-7429,22ME329,Mechanical,8,78.4,8.98,9.0,stable,0,87.4,77.1,166,73.8,Ongoing,76.2,Placed,0,0.107
STU-2381,23IT681,IT,5,78.1,6.84,6.66,improving,0,70.8,82.1,105,59.2,Completed,61.3,Eligible,0,0.085
STU-5318,24EE918,EEE,3,74.9,7.02,6.77,improving,0,70.2,66.3,65,74.3,,82.0,Not Eligible,0,0.076
STU-0109,25CS209,CSE,2,97.8,7.91,7.83,stable,0,81.5,100.0,38,36.8,,81.9,Not Eligible,0,0.141
STU-6185,24EE885,EEE,3,71.4,9.06,9.5,declining,0,76.3,82.0,61,36.6,,98.0,Not Eligible,0,0.138
STU-2732,25IT132,IT,2,82.4,6.86,6.72,stable,0,58.8,78.1,44,72.1,,66.3,Not Eligible,0,0.074
STU-0983,25CS183,CSE,1,75.6,7.24,6.59,improving,0,64.3,75.9,22,42.7,,50.3,Not Eligible,0,0.166
STU-7185,25ME985,Mechanical,1,72.6,7.22,6.99,improving,0,75.4,75.8,22,45.3,Ongoing,74.8,Not Eligible,0,0.063
STU-0903,25CS103,CSE,2,85.6,8.4,8.56,declining,0,84.6,90.5,44,28.6,,66.8,Not Eligible,0,0.137
STU-2298,25IT598,IT,1,90.8,8.78,8.74,stable,0,88.9,84.0,21,39.8,Ongoing,93.4,Not Eligible,0,0.16
STU-2068,25CS368,CSE,2,69.9,6.6,6.31,improving,1,72.1,80.0,36,54.7,,49.9,Not Eligible,0,0.428
STU-3758,25EC258,ECE,1,80.9,7.37,7.47,stable,0,77.0,92.9,19,61.5,,82.7,Not Eligible,0,0.164
STU-7922,23CI822,Civil,6,70.7,7.61,7.95,declining,2,76.7,83.5,120,53.8,,60.4,In Process,0,0.497
STU-4212,24EC712,ECE,3,81.0,8.12,7.39,improving,0,75.0,84.4,59,55.9,,65.6,Not Eligible,0,0.09
STU-7533,25ME433,Mechanical,1,95.7,6.52,6.6,stable,0,68.0,100.0,19,34.0,,63.6,Not Eligible,0,0.222
STU-8146,25CI146,Civil,2,70.6,5.85,6.12,declining,0,61.2,78.1,40,72.6,,48.4,Not Eligible,0,0.403
STU-2872,22IT272,IT,8,99.0,8.45,8.64,declining,0,82.9,85.4,164,5.9,Completed,81.0,Placed,0,0.263
STU-3894,25EC394,ECE,1,91.8,6.99,6.35,improving,0,60.3,93.3,19,30.4,,74.9,Not Eligible,0,0.138
STU-7238,24ME138,Mechanical,4,74.8,7.32,7.81,declining,0,74.5,75.7,80,31.3,,86.2,Not Eligible,0,0.209
STU-5690,22EE390,EEE,7,82.2,4.86,5.17,declining,0,44.0,71.3,148,41.5,,38.8,Placed,1,0.578
STU-7781,25CI681,Civil,2,83.9,8.95,8.9,stable,0,86.3,71.9,43,69.1,,94.6,Not Eligible,0,0.054
STU-4269,22EC769,ECE,8,77.9,6.68,6.68,stable,0,68.1,73.7,164,50.2,,65.5,In Process,0,0.161
STU-6143,22EE843,EEE,8,76.2,7.89,7.82,stable,0,71.8,86.3,170,32.5,,82.3,Placed,0,0.111
STU-3974,24EC474,ECE,4,91.5,7.63,7.78,declining,0,84.1,82.6,84,50.0,,75.2,Not Eligible,0,0.111
STU-7050,24ME850,Mechanical,4,74.1,7.35,7.52,declining,0,78.4,80.6,86,57.1,,66.6,Not Eligible,0,0.149
STU-7714,24CI614,Civil,3,86.8,6.93,6.58,improving,0,70.1,79.4,59,78.8,Ongoing,96.2,Not Eligible,0,0.068
STU-2592,23IT892,IT,6,63.2,7.09,7.03,stable,1,71.8,72.0,118,98.0,,84.2,In Process,1,0.519
STU-0818,24CS918,CSE,4,80.4,6.95,6.78,improving,0,73.6,91.0,86,74.8,,53.3,Not Eligible,0,0.056
STU-2545,22IT845,IT,8,89.3,9.95,10.0,stable,0,95.7,88.2,166,58.5,Completed,95.9,Placed,0,0.104
STU-2815,22IT215,IT,8,78.7,7.01,7.45,declining,0,72.3,74.6,170,54.2,Completed,42.3,Placed,0,0.147
STU-8061,23CI961,Civil,6,83.3,6.7,7.54,declining,2,66.6,77.8,114,6.7,,64.6,In Process,1,0.806
STU-6557,23ME357,Mechanical,6,81.2,7.68,7.52,improving,0,87.3,90.7,122,82.1,Completed,67.1,Eligible,0,0.096
STU-0409,22CS509,CSE,8,85.5,8.35,8.29,stable,0,83.4,90.6,168,64.4,Ongoing,79.6,In Process,0,0.028
STU-0362,23CS462,CSE,6,80.7,6.42,6.77,declining,1,60.7,81.2,123,81.8,Ongoing,35.8,In Process,0,0.231
STU-7016,25ME816,Mechanical,2,74.6,6.7,6.49,improving,0,65.1,74.5,40,35.0,,61.1,Not Eligible,0,0.169
STU-2156,25IT456,IT,2,85.6,7.3,7.32,stable,0,86.5,78.9,40,32.2,,94.8,Not Eligible,0,0.117
STU-3368,24IT768,IT,4,81.9,8.08,7.69,improving,0,75.5,87.3,85,93.8,,83.0,Not Eligible,0,0.143
STU-1968,24CS268,CSE,3,73.1,8.16,8.53,declining,0,73.4,82.0,59,55.6,,79.2,Not Eligible,0,0.175
STU-3810,25EC310,ECE,2,70.7,7.66,7.66,stable,0,77.8,71.4,40,98.0,,58.3,Not Eligible,0,0.136
STU-8425,24CI425,Civil,3,94.5,7.19,6.22,improving,0,74.9,89.9,59,48.6,,91.0,Not Eligible,0,0.16
STU-0820,24CS920,CSE,3,82.1,8.73,9.53,declining,0,85.2,86.7,65,77.9,,68.0,Not Eligible,0,0.383
STU-8270,23CI270,Civil,6,74.6,7.07,7.66,declining,0,75.2,66.1,124,42.1,,58.7,Eligible,0,0.129
STU-5857,23EE557,EEE,6,83.8,8.09,7.96,stable,0,79.3,79.9,127,87.4,,86.0,Eligible,0,0.121
STU-6183,25EE883,EEE,1,83.7,8.62,8.27,improving,0,89.6,63.7,18,94.0,,66.9,Not Eligible,0,0.153
STU-4821,23EC421,ECE,5,72.8,8.57,8.37,improving,0,94.2,65.6,106,63.7,,87.1,Eligible,0,0.071
STU-2850,24IT250,IT,3,85.1,8.4,8.07,improving,0,80.8,78.7,61,69.9,,91.1,Not Eligible,0,0.051
STU-3546,24EC946,ECE,4,89.1,6.95,6.91,stable,0,68.2,82.5,82,59.4,,67.5,Not Eligible,0,0.071
STU-7829,24CI729,Civil,4,94.4,5.07,4.84,improving,0,55.2,100.0,85,58.5,,46.5,Not Eligible,0,0.417
STU-5242,24EE842,EEE,4,75.5,6.91,6.52,improving,0,67.1,75.1,84,79.8,,65.7,Not Eligible,0,0.102
STU-4426,23EC926,ECE,5,91.4,7.37,6.9,improving,0,73.5,100.0,107,62.3,,95.9,Eligible,0,0.099
STU-2032,23CS332,CSE,5,84.9,8.35,8.44,stable,0,87.5,90.2,101,97.1,Completed,95.3,Eligible,0,0.129
STU-5686,23EE386,EEE,6,89.3,6.46,6.18,improving,0,69.4,93.3,126,98.0,Ongoing,65.6,In Process,0,0.064
STU-0444,24CS544,CSE,3,84.0,8.82,8.75,stable,0,90.3,76.1,61,56.4,,73.9,Not Eligible,0,0.154
STU-2423,24IT723,IT,3,74.8,9.04,9.22,declining,0,86.8,81.0,59,51.3,,88.8,Not Eligible,0,0.123
STU-0873,23CS973,CSE,6,77.6,9.87,9.96,stable,0,99.0,67.4,124,50.3,Ongoing,98.0,Eligible,0,0.118
STU-2823,23IT223,IT,5,71.6,7.62,8.05,declining,0,84.9,57.7,107,41.3,Completed,37.3,Eligible,0,0.233
STU-0966,24CS166,CSE,3,90.1,8.79,8.73,stable,0,92.0,84.4,64,83.3,,77.5,Not Eligible,0,0.212
STU-4188,24EC688,ECE,3,82.3,7.34,7.83,declining,0,75.7,76.0,59,13.2,,73.0,Not Eligible,0,0.271
STU-4626,23EC226,ECE,5,84.6,6.75,7.17,declining,0,72.7,88.5,107,29.0,,56.6,Eligible,0,0.205
STU-8101,22CI101,Civil,7,66.4,6.61,6.44,improving,0,61.4,69.2,147,45.0,Completed,54.0,In Process,0,0.171
STU-0194,23CS294,CSE,5,78.2,8.48,8.95,declining,0,75.3,77.1,107,54.4,Ongoing,92.8,Eligible,0,0.132
STU-2709,22IT109,IT,7,72.4,7.46,7.09,improving,0,71.5,74.1,145,74.7,Completed,52.2,Placed,0,0.127
STU-0361,24CS461,CSE,3,88.9,7.9,8.18,declining,0,86.5,80.1,64,73.9,,72.0,Not Eligible,0,0.078
STU-1859,22CS159,CSE,7,77.4,8.49,8.42,stable,0,86.0,79.7,148,63.3,Ongoing,98.0,Placed,0,0.087
STU-0471,25CS571,CSE,1,87.0,7.12,7.11,stable,0,70.0,96.0,18,11.5,,98.0,Not Eligible,0,0.141
STU-6946,24ME746,Mechanical,3,81.4,6.03,6.08,stable,0,56.6,90.6,65,54.4,,64.7,Not Eligible,0,0.17
STU-3821,22EC321,ECE,8,74.9,8.28,8.56,declining,0,85.1,73.7,169,62.5,,79.6,Placed,0,0.155
STU-4892,25EC492,ECE,2,99.0,8.29,8.07,improving,0,80.8,87.1,42,71.5,,92.4,Not Eligible,0,0.115
STU-7897,25CI797,Civil,2,84.9,7.41,7.41,stable,0,68.5,90.6,44,40.4,,82.4,Not Eligible,0,0.097
STU-1164,23CS364,CSE,6,88.7,6.48,6.93,declining,1,67.8,81.0,124,98.0,Ongoing,64.1,In Process,0,0.349
STU-4187,25EC687,ECE,2,86.1,7.2,7.1,stable,0,74.8,81.0,43,68.7,,60.9,Not Eligible,0,0.079
STU-4956,23EC556,ECE,5,78.0,7.54,7.32,improving,0,71.0,78.7,105,47.1,Completed,81.7,Eligible,0,0.11
STU-2186,25IT486,IT,2,76.2,8.85,9.46,declining,0,85.8,80.0,38,60.3,,84.8,Not Eligible,0,0.151
STU-7134,22ME934,Mechanical,8,70.4,9.23,9.13,stable,0,89.9,64.6,168,82.2,Completed,98.0,Placed,0,0.217
STU-3300,22IT700,IT,8,79.3,9.23,9.29,stable,0,94.0,73.3,168,73.0,Completed,82.6,Placed,0,0.065
STU-7183,22ME983,Mechanical,7,97.2,8.37,8.3,stable,0,80.3,82.1,148,62.2,,96.0,Placed,0,0.212
STU-0328,23CS428,CSE,5,86.3,8.85,8.71,stable,0,93.3,85.2,107,28.6,,71.6,Eligible,0,0.086
STU-2464,23IT764,IT,5,79.0,6.0,6.45,declining,0,62.3,73.3,103,65.6,Completed,61.7,In Process,0,0.406
STU-1787,23CS987,CSE,5,98.1,8.24,8.14,stable,0,87.0,98.8,106,87.2,Completed,82.4,Eligible,0,0.175
STU-0078,25CS178,CSE,1,72.5,7.86,7.44,improving,0,72.2,76.1,21,47.7,,72.0,Not Eligible,0,0.069
STU-5019,25EC619,ECE,2,75.5,8.7,8.9,declining,0,87.5,92.5,44,55.0,Ongoing,97.0,Not Eligible,0,0.183
STU-3977,24EC477,ECE,3,84.8,6.93,6.78,improving,0,66.8,78.3,59,66.2,,62.5,Not Eligible,0,0.104
STU-1712,25CS912,CSE,1,63.8,8.27,7.52,improving,0,91.9,80.0,21,80.0,,87.4,Not Eligible,1,0.531
STU-1414,25CS614,CSE,1,85.1,8.71,8.17,improving,0,84.5,98.4,22,92.5,,88.0,Not Eligible,0,0.114
STU-4062,24EC562,ECE,4,90.1,8.0,8.78,declining,0,74.6,91.4,86,62.7,,90.0,Not Eligible,0,0.31
STU-2480,25IT780,IT,2,70.8,7.61,8.14,declining,0,76.5,71.4,40,53.6,,81.5,Not Eligible,0,0.277
STU-3633,23EC133,ECE,5,76.8,6.6,6.61,stable,2,71.1,71.4,98,76.6,Ongoing,71.1,In Process,0,0.293
STU-3495,22IT895,IT,7,78.1,9.12,9.41,declining,0,98.2,69.2,147,67.4,Ongoing,77.5,Placed,0,0.074
STU-0152,25CS252,CSE,2,88.1,8.55,9.05,declining,0,84.4,84.5,43,58.7,,69.1,Not Eligible,0,0.242
STU-4563,25EC163,ECE,2,82.7,6.96,6.49,improving,3,64.8,85.9,26,45.3,,59.8,Not Eligible,1,0.687
STU-4299,24EC799,ECE,3,91.8,7.68,7.73,stable,0,77.6,88.5,59,62.8,,92.0,Not Eligible,0,0.07
STU-1156,23CS356,CSE,6,94.9,7.58,6.95,improving,0,75.7,98.7,128,53.9,,94.6,Eligible,0,0.104
STU-3736,24EC236,ECE,3,76.5,6.92,7.01,stable,0,64.9,70.3,64,43.3,,93.8,Not Eligible,0,0.068
STU-1825,23CS125,CSE,6,82.0,7.86,7.36,improving,0,80.6,75.6,127,62.8,Completed,73.6,Eligible,0,0.092
STU-4176,22EC676,ECE,7,97.8,6.73,6.91,declining,0,68.1,100.0,145,90.9,,72.4,Placed,0,0.229
STU-1693,24CS893,CSE,4,78.8,8.7,9.22,declining,0,84.3,86.2,82,95.9,,92.6,Not Eligible,0,0.161
STU-2675,23IT975,IT,6,79.9,8.42,8.86,declining,0,81.2,73.8,126,45.5,Ongoing,78.0,Eligible,0,0.146
STU-1385,23CS585,CSE,6,86.4,8.64,8.38,improving,0,91.7,85.0,124,76.8,Completed,85.3,Eligible,0,0.149
STU-0813,25CS913,CSE,1,90.2,8.7,8.84,stable,1,86.0,79.0,18,6.4,,79.8,Not Eligible,0,0.346
STU-3901,25EC401,ECE,2,92.5,8.13,8.34,declining,0,74.8,82.8,43,49.3,Ongoing,77.9,Not Eligible,0,0.115
STU-0907,22CS107,CSE,7,90.1,7.33,6.64,improving,0,73.9,88.4,145,70.3,Completed,63.0,In Process,0,0.065
STU-4385,22EC885,ECE,7,86.1,7.73,7.98,declining,0,81.8,84.4,149,56.3,Ongoing,86.9,Placed,0,0.156
STU-1163,24CS363,CSE,3,84.2,8.45,8.72,declining,0,82.6,86.8,61,68.9,,91.5,Not Eligible,0,0.123
STU-2116,25CS416,CSE,2,83.9,7.7,8.07,declining,0,79.9,77.6,38,45.5,,74.5,Not Eligible,0,0.134
STU-8311,25CI311,Civil,1,59.8,6.62,6.4,improving,0,67.1,66.9,22,45.1,,96.6,Not Eligible,0,0.347
STU-4999,24EC599,ECE,3,94.4,8.18,8.3,stable,0,82.1,87.9,64,63.0,,70.8,Not Eligible,0,0.093
STU-0275,24CS375,CSE,4,89.3,7.07,6.69,improving,0,64.8,88.9,86,49.1,,62.0,Not Eligible,0,0.053
STU-1755,22CS955,CSE,8,76.6,7.55,7.36,improving,0,75.4,83.8,170,52.9,Completed,83.5,Placed,0,0.16
STU-1041,23CS241,CSE,5,80.8,9.04,8.89,improving,0,85.4,76.0,105,80.6,Ongoing,70.4,Eligible,0,0.104
STU-0852,23CS952,CSE,6,84.3,9.18,9.53,declining,0,90.6,72.0,122,82.8,Ongoing,84.2,Eligible,0,0.117
STU-8377,22CI377,Civil,7,81.9,8.01,8.01,stable,0,81.8,78.4,143,52.0,Completed,86.2,In Process,0,0.073
STU-1726,25CS926,CSE,1,79.2,9.13,9.04,stable,0,89.6,72.0,22,80.7,Ongoing,84.1,Not Eligible,0,0.101
STU-1372,25CS572,CSE,2,83.4,8.5,7.96,improving,0,92.4,92.1,38,47.9,,80.3,Not Eligible,0,0.148
STU-5462,25EE162,EEE,2,82.8,8.93,9.36,declining,0,97.1,86.6,40,67.3,,78.2,Not Eligible,0,0.291
STU-1791,25CS991,CSE,2,79.3,8.03,8.44,declining,0,82.2,76.8,43,54.5,,82.0,Not Eligible,0,0.24
STU-2729,23IT129,IT,6,83.0,7.63,7.61,stable,0,86.7,83.2,128,86.3,Completed,84.1,Eligible,0,0.173
STU-0708,22CS808,CSE,7,88.0,9.07,9.26,declining,0,88.9,93.6,145,60.4,Completed,98.0,Placed,0,0.131
STU-1956,22CS256,CSE,8,74.5,8.21,7.8,improving,1,75.0,70.1,164,32.6,,97.6,In Process,0,0.287
STU-0304,23CS404,CSE,5,85.2,8.31,8.14,improving,0,83.3,82.2,107,74.3,Completed,69.4,Eligible,0,0.073
STU-5745,24EE445,EEE,4,82.2,6.94,6.64,improving,2,65.7,74.1,78,53.8,,70.1,Not Eligible,0,0.361
STU-8318,25CI318,Civil,1,85.5,6.77,7.03,declining,0,61.8,84.5,23,55.6,,82.4,Not Eligible,0,0.088
STU-1060,23CS260,CSE,5,99.0,6.33,6.4,stable,0,64.3,92.3,106,53.1,Ongoing,45.0,In Process,0,0.15
STU-6436,22ME236,Mechanical,7,92.1,7.9,7.57,improving,0,73.3,86.8,143,80.1,Ongoing,67.0,Placed,0,0.104
STU-4147,22EC647,ECE,7,67.9,6.69,6.76,stable,0,66.3,70.8,143,64.5,,77.7,Not Eligible,0,0.14
STU-0142,25CS242,CSE,2,73.7,7.44,7.72,declining,0,70.7,77.7,43,77.9,,66.7,Not Eligible,0,0.157
STU-8000,24CI900,Civil,3,86.8,6.55,6.38,improving,0,60.0,75.4,63,54.5,,71.3,Not Eligible,0,0.106
STU-2590,23IT890,IT,6,87.6,8.44,8.65,declining,0,87.1,79.3,127,70.6,Ongoing,84.5,Eligible,0,0.119
STU-7173,25ME973,Mechanical,1,73.4,7.69,7.99,declining,0,72.9,76.7,22,76.4,,76.4,Not Eligible,0,0.171
STU-7175,25ME975,Mechanical,2,88.1,8.24,7.82,improving,0,82.2,89.6,43,64.3,,98.0,Not Eligible,0,0.089
STU-2477,25IT777,IT,1,75.9,7.44,7.62,declining,0,61.2,78.3,18,35.4,,68.1,Not Eligible,0,0.108
STU-1853,22CS153,CSE,7,96.5,8.55,8.53,stable,0,88.8,94.0,145,40.0,Completed,72.1,Placed,0,0.104
STU-1702,24CS902,CSE,4,79.3,6.31,6.4,stable,0,71.9,73.7,86,62.8,Ongoing,61.0,Not Eligible,0,0.232
STU-6471,23ME271,Mechanical,5,86.9,6.84,6.96,stable,0,67.9,89.2,107,74.6,,65.4,Eligible,0,0.09
STU-3914,23EC414,ECE,6,84.8,7.89,7.8,stable,0,83.2,87.1,122,52.7,Completed,58.4,Eligible,0,0.116
STU-5756,23EE456,EEE,6,81.2,7.3,7.42,stable,1,74.8,83.7,120,83.4,,64.2,In Process,0,0.134
STU-1232,25CS432,CSE,2,81.0,9.3,9.3,stable,0,99.0,80.0,43,75.9,,76.4,Not Eligible,0,0.085
STU-6777,24ME577,Mechanical,4,74.6,4.5,4.58,stable,1,49.4,68.3,81,98.0,,52.9,Not Eligible,1,0.778
STU-2359,25IT659,IT,1,93.2,9.66,9.86,declining,0,97.3,88.2,21,61.6,,83.6,Not Eligible,0,0.092
STU-7848,25CI748,Civil,1,75.1,5.97,6.65,declining,0,51.0,78.8,23,86.5,,50.8,Not Eligible,0,0.311
STU-2223,25IT523,IT,2,79.4,6.93,6.79,stable,0,67.6,69.9,43,57.4,,62.3,Not Eligible,0,0.133
STU-4197,22EC697,ECE,7,81.8,8.18,7.79,improving,0,71.1,73.9,145,89.4,Completed,62.4,Placed,0,0.089
STU-4950,22EC550,ECE,8,89.9,6.5,6.39,stable,0,61.6,79.5,170,59.2,Completed,44.1,Not Eligible,0,0.128
STU-3680,25EC180,ECE,1,86.6,8.25,9.03,declining,0,80.1,81.4,18,39.5,,88.1,Not Eligible,0,0.354
STU-7028,24ME828,Mechanical,4,89.9,7.97,7.88,stable,0,83.8,95.9,86,66.2,,65.2,Not Eligible,0,0.066
STU-7258,22ME158,Mechanical,7,78.0,7.61,7.77,declining,0,77.3,75.3,147,61.3,Completed,66.3,Placed,0,0.192
STU-6138,22EE838,EEE,8,80.6,7.83,7.58,improving,0,74.0,65.9,164,55.1,Completed,63.6,Placed,0,0.045
STU-5181,23EC781,ECE,5,95.6,5.52,5.57,stable,0,57.7,99.8,106,91.7,Completed,50.6,In Process,0,0.313
STU-5064,25EC664,ECE,1,84.0,8.16,8.22,stable,0,84.3,88.0,22,39.6,,82.5,Not Eligible,0,0.15
STU-1701,22CS901,CSE,8,83.5,8.19,8.53,declining,0,84.9,91.1,169,72.5,Completed,86.8,Placed,0,0.168
STU-5110,25EC710,ECE,2,82.5,7.62,7.69,stable,0,76.9,76.9,38,69.5,,64.7,Not Eligible,0,0.154
STU-6048,22EE748,EEE,8,68.7,6.7,6.66,stable,0,62.6,65.8,170,48.7,Completed,88.1,In Process,0,0.099
STU-6795,25ME595,Mechanical,2,70.3,7.08,7.75,declining,0,68.3,68.9,40,68.1,,49.3,Not Eligible,0,0.221
STU-6305,25EE105,EEE,1,78.2,7.21,6.99,improving,0,71.7,85.6,18,57.2,Ongoing,68.4,Not Eligible,0,0.099
STU-2885,22IT285,IT,7,91.6,7.3,7.26,stable,0,74.3,87.3,145,69.6,,82.5,Not Eligible,0,0.056
STU-8238,25CI238,Civil,2,63.5,6.42,6.58,declining,0,60.4,65.5,40,35.9,Ongoing,67.4,Not Eligible,1,0.623
STU-4620,22EC220,ECE,7,73.7,7.64,6.69,improving,2,76.0,75.6,140,98.0,Completed,98.0,In Process,0,0.349
STU-3080,23IT480,IT,6,80.8,8.59,7.86,improving,0,89.6,84.8,122,60.2,,87.4,Eligible,0,0.078
STU-1521,25CS721,CSE,1,72.2,6.87,7.15,declining,0,73.2,70.1,18,69.4,,65.4,Not Eligible,0,0.152
STU-0589,25CS689,CSE,1,79.6,9.49,9.06,improving,0,93.6,82.8,23,64.6,Ongoing,98.0,Not Eligible,0,0.056
STU-1030,22CS230,CSE,7,86.6,8.39,8.16,improving,0,80.8,93.3,145,41.1,Completed,46.4,In Process,0,0.054
STU-1773,22CS973,CSE,8,86.8,8.5,8.71,declining,0,82.4,80.3,166,44.8,Ongoing,85.3,Placed,0,0.105
STU-8066,22CI966,Civil,7,80.3,6.3,6.53,declining,0,63.2,77.0,148,29.9,,83.5,Placed,0,0.184
STU-1670,22CS870,CSE,7,84.4,8.52,8.74,declining,0,83.7,93.9,147,71.6,Ongoing,87.7,Placed,0,0.101
STU-6416,23ME216,Mechanical,5,72.8,7.78,8.66,declining,0,71.7,76.4,107,61.8,Completed,83.0,Eligible,0,0.334
STU-5867,23EE567,EEE,6,91.4,8.08,8.34,declining,0,87.8,88.7,128,67.4,,98.0,Eligible,0,0.152
STU-4905,22EC505,ECE,8,81.8,6.66,6.41,improving,0,63.1,75.8,168,50.8,Completed,68.0,In Process,0,0.059
STU-8397,25CI397,Civil,1,81.6,5.38,4.85,improving,2,52.7,87.3,18,76.6,,62.6,Not Eligible,1,0.8
STU-5172,23EC772,ECE,6,78.9,8.53,8.25,improving,0,83.9,92.4,126,68.5,,84.6,Eligible,0,0.07
STU-2751,25IT151,IT,1,80.2,7.21,6.91,improving,0,68.1,89.4,19,39.5,,90.6,Not Eligible,0,0.158
STU-5224,22EE824,EEE,7,80.8,7.52,7.52,stable,0,69.1,84.7,148,85.9,Ongoing,61.1,In Process,0,0.115
STU-0105,22CS205,CSE,8,80.0,9.51,9.14,improving,0,89.2,81.8,166,76.7,Completed,98.0,Placed,0,0.128
STU-7669,23CI569,Civil,5,95.6,6.82,6.86,stable,0,64.4,98.3,105,80.1,Completed,69.7,Eligible,0,0.102
STU-0266,23CS366,CSE,6,86.9,8.76,9.1,declining,0,91.0,95.4,124,71.1,Ongoing,71.2,Eligible,0,0.157
STU-7372,22ME272,Mechanical,7,79.3,7.48,7.25,improving,0,82.0,76.5,145,59.3,,72.0,In Process,0,0.089
STU-0963,25CS163,CSE,2,79.1,8.51,8.48,stable,0,89.5,72.9,40,59.3,,78.2,Not Eligible,0,0.073
STU-5849,24EE549,EEE,3,72.8,6.69,7.07,declining,0,60.0,72.0,59,86.4,,75.2,Not Eligible,0,0.09
STU-2112,25CS412,CSE,2,60.8,9.23,9.44,declining,0,86.1,60.8,38,39.2,Ongoing,87.1,Not Eligible,1,0.685
STU-7212,22ME112,Mechanical,8,83.0,6.92,6.96,stable,0,54.9,78.2,164,64.6,,51.3,In Process,0,0.095
STU-1022,24CS222,CSE,3,77.4,6.79,6.12,improving,0,73.8,79.1,65,80.9,,57.2,Not Eligible,0,0.069
STU-6616,25ME416,Mechanical,2,84.3,7.73,7.48,improving,2,81.0,81.8,35,74.6,,79.4,Not Eligible,0,0.319
STU-1288,24CS488,CSE,3,75.8,7.96,6.83,improving,0,79.4,78.8,59,53.0,,61.8,Not Eligible,0,0.071
STU-1926,25CS226,CSE,1,98.7,9.25,9.16,stable,0,91.2,95.3,21,73.2,,98.0,Not Eligible,0,0.048
STU-2907,25IT307,IT,1,86.4,7.04,6.38,improving,0,73.3,90.0,23,70.4,,62.7,Not Eligible,0,0.099
STU-1672,22CS872,CSE,7,86.6,7.62,7.8,declining,0,74.8,84.7,143,81.2,Ongoing,87.6,Placed,0,0.096
STU-4801,22EC401,ECE,8,96.7,6.66,6.56,stable,0,68.4,88.9,164,92.5,,70.6,Not Eligible,0,0.093
STU-5501,23EE201,EEE,6,67.0,7.51,7.21,improving,0,64.2,78.1,127,60.0,Completed,53.2,Eligible,0,0.329
STU-4813,23EC413,ECE,6,80.0,7.61,7.59,stable,0,82.0,85.3,122,98.0,Ongoing,68.9,Eligible,0,0.058
STU-4059,24EC559,ECE,4,95.3,7.91,7.28,improving,0,79.7,74.5,84,64.4,,77.0,Not Eligible,0,0.104
STU-7813,22CI713,Civil,7,90.0,5.72,5.75,stable,0,53.3,95.6,149,48.6,,68.0,In Process,0,0.238
STU-6237,25EE937,EEE,1,80.1,7.41,6.89,improving,0,86.4,86.0,18,41.8,,70.1,Not Eligible,0,0.104
STU-3927,25EC427,ECE,2,92.0,8.52,8.58,stable,0,83.7,78.7,43,70.8,,89.5,Not Eligible,0,0.069
STU-7637,25CI537,Civil,1,71.7,7.37,7.6,declining,0,70.4,63.1,19,70.8,,89.6,Not Eligible,0,0.204
STU-5784,24EE484,EEE,4,77.6,7.22,8.11,declining,2,72.0,84.9,77,57.4,,74.9,Not Eligible,1,0.664
STU-0870,22CS970,CSE,8,83.3,8.53,8.53,stable,0,87.6,82.9,170,82.5,Completed,70.1,Placed,0,0.049
STU-1937,24CS237,CSE,3,93.0,9.95,8.91,improving,0,99.0,87.1,63,58.7,,84.3,Not Eligible,0,0.081
STU-3261,23IT661,IT,5,87.5,6.4,6.36,stable,0,58.5,87.4,105,86.1,Completed,60.2,In Process,0,0.117
STU-0225,24CS325,CSE,3,99.0,8.94,8.85,stable,0,90.0,94.8,59,54.1,,85.2,Not Eligible,0,0.117
STU-0182,25CS282,CSE,1,96.5,8.21,8.47,declining,0,90.8,96.8,18,74.2,,76.6,Not Eligible,0,0.091
STU-3993,25EC493,ECE,2,76.2,9.09,9.73,declining,0,89.3,69.6,43,93.4,,80.1,Not Eligible,0,0.228
STU-3535,23EC935,ECE,5,78.6,8.06,8.32,declining,0,78.8,81.0,101,74.0,,78.8,Eligible,0,0.162
STU-6981,25ME781,Mechanical,1,75.2,7.13,6.91,improving,0,71.1,80.0,22,59.7,Ongoing,79.4,Not Eligible,0,0.068
STU-6939,22ME739,Mechanical,8,80.4,6.95,7.02,stable,0,67.6,80.3,164,55.5,,85.7,Placed,0,0.068
STU-4399,25EC899,ECE,2,89.4,8.45,8.34,stable,0,88.4,83.1,42,75.5,,94.6,Not Eligible,0,0.121
STU-4886,25EC486,ECE,2,92.2,6.11,6.06,stable,1,70.6,84.7,36,74.5,Ongoing,52.5,Not Eligible,0,0.147
STU-7017,25ME817,Mechanical,2,83.1,7.57,7.0,improving,0,75.4,77.2,38,49.0,,72.4,Not Eligible,0,0.118
STU-2640,23IT940,IT,6,84.2,7.08,7.21,stable,0,73.2,77.9,127,70.2,Ongoing,63.2,Eligible,0,0.144
STU-5087,22EC687,ECE,8,82.0,7.87,7.92,stable,0,76.7,95.3,170,57.4,,80.1,Placed,0,0.065
STU-6365,25ME165,Mechanical,2,80.8,6.64,6.77,stable,0,59.9,77.1,44,64.9,,72.9,Not Eligible,0,0.2
STU-1559,22CS759,CSE,7,80.2,8.75,9.08,declining,0,89.3,82.5,145,38.1,,72.1,Placed,0,0.134
STU-0930,25CS130,CSE,2,58.6,7.59,7.19,improving,0,75.9,48.9,43,66.6,,91.2,Not Eligible,1,0.507
STU-0322,23CS422,CSE,6,69.1,8.93,9.36,declining,0,81.0,75.3,122,50.9,Completed,98.0,Eligible,0,0.229
STU-6973,24ME773,Mechanical,4,75.2,8.72,8.72,stable,0,87.6,76.5,80,55.4,,95.0,Not Eligible,0,0.07
STU-5395,23EE995,EEE,6,79.4,7.61,7.41,improving,0,63.6,70.9,128,76.7,Completed,61.3,Eligible,0,0.106
STU-2178,23IT478,IT,6,76.5,7.49,7.4,stable,0,67.5,78.8,127,65.8,Ongoing,48.0,Eligible,0,0.116
STU-3201,22IT601,IT,8,76.2,8.0,8.04,stable,1,74.3,81.0,160,55.7,Ongoing,86.4,Placed,0,0.158
STU-6773,22ME573,Mechanical,7,76.4,7.05,7.28,declining,0,72.3,69.5,147,35.5,,76.6,Placed,0,0.129
STU-4508,23EC108,ECE,5,82.0,8.07,7.92,improving,0,87.6,74.3,101,42.1,Completed,63.9,Eligible,0,0.058
STU-3527,23EC927,ECE,6,76.9,7.65,7.53,stable,0,86.0,68.0,124,71.4,Completed,59.5,Eligible,0,0.099
STU-5563,22EE263,EEE,8,78.8,8.25,8.24,stable,0,85.9,76.4,166,43.5,,84.3,Placed,0,0.057
STU-4783,22EC383,ECE,7,91.6,7.44,7.66,declining,0,76.3,88.3,147,48.4,,73.9,Placed,0,0.13
STU-6128,24EE828,EEE,4,83.6,8.49,8.21,improving,0,85.9,84.7,85,54.4,,81.2,Not Eligible,0,0.092
STU-4321,23EC821,ECE,5,84.9,7.29,7.25,stable,0,71.6,85.5,105,76.2,Completed,79.8,Eligible,0,0.085
STU-2237,23IT537,IT,6,91.7,7.17,7.31,stable,0,74.3,100.0,128,86.2,,74.6,Eligible,0,0.101
STU-3781,24EC281,ECE,3,68.7,8.05,8.36,declining,0,80.0,61.6,64,87.8,,70.5,Not Eligible,0,0.197
STU-5452,23EE152,EEE,6,79.7,5.99,6.06,stable,0,66.0,73.1,128,7.5,,56.1,In Process,0,0.289
STU-2863,23IT263,IT,6,70.7,9.09,9.24,declining,0,85.8,75.9,128,67.3,Ongoing,75.3,Eligible,0,0.316
STU-3450,25IT850,IT,2,75.2,7.3,7.29,stable,0,73.0,70.6,43,91.3,Ongoing,84.0,Not Eligible,0,0.079
STU-7441,24ME341,Mechanical,3,81.2,7.59,7.23,improving,4,70.8,81.9,48,54.2,,50.6,Not Eligible,1,0.733
STU-8319,24CI319,Civil,4,80.3,8.09,7.77,improving,0,78.9,85.6,85,58.8,,71.0,Not Eligible,0,0.117
STU-1756,22CS956,CSE,7,87.9,7.78,7.95,declining,0,78.8,79.2,147,63.4,Completed,71.7,Placed,0,0.119
STU-6951,23ME751,Mechanical,6,79.8,7.45,7.64,declining,0,77.8,74.6,127,74.8,Completed,65.9,Eligible,0,0.075
STU-6752,23ME552,Mechanical,6,81.6,6.41,5.93,improving,1,64.0,81.0,124,52.0,Ongoing,64.4,In Process,0,0.198
STU-2209,23IT509,IT,6,99.0,7.65,7.6,stable,0,76.3,100.0,126,52.0,Completed,71.2,Eligible,0,0.039
STU-2096,22CS396,CSE,7,90.5,8.4,7.83,improving,0,83.0,86.9,147,56.7,Completed,97.7,Placed,0,0.075
STU-3333,22IT733,IT,7,71.7,8.08,8.11,stable,0,83.5,81.7,148,26.9,Completed,98.0,Not Eligible,0,0.137
STU-6001,25EE701,EEE,1,78.2,8.01,7.53,improving,0,79.3,71.4,22,52.3,,82.5,Not Eligible,0,0.058
STU-2785,24IT185,IT,4,91.0,9.53,10.0,declining,0,95.6,93.6,85,61.8,,98.0,Not Eligible,0,0.2
STU-7982,22CI882,Civil,7,64.4,7.06,6.86,improving,1,75.4,70.9,139,40.3,Completed,54.5,In Process,0,0.485
STU-0450,25CS550,CSE,1,71.9,9.52,9.03,improving,0,99.0,68.1,18,75.6,,95.0,Not Eligible,0,0.157
STU-6469,25ME269,Mechanical,1,78.1,6.84,7.04,declining,0,63.9,76.4,23,61.3,Ongoing,77.5,Not Eligible,0,0.179
STU-8042,25CI942,Civil,2,72.5,8.21,8.18,stable,0,86.6,74.4,40,76.3,,71.8,Not Eligible,0,0.088
STU-0866,23CS966,CSE,5,82.3,9.95,10.0,stable,0,99.0,81.5,106,47.0,Completed,98.0,Eligible,0,0.097
STU-1742,23CS942,CSE,6,81.7,9.39,10.0,declining,0,98.9,84.7,122,52.6,Completed,98.0,Eligible,0,0.28
STU-7731,24CI631,Civil,3,70.6,6.62,6.73,stable,2,60.5,73.4,51,47.0,,61.2,Not Eligible,0,0.495
STU-1871,22CS171,CSE,7,90.3,7.95,7.76,improving,0,81.8,82.6,148,94.9,Ongoing,88.7,Placed,0,0.081
STU-0750,23CS850,CSE,5,89.4,9.26,9.17,stable,0,78.9,73.1,107,67.5,Completed,98.0,Eligible,0,0.115
STU-2405,25IT705,IT,2,79.6,5.44,5.41,stable,3,52.4,73.4,28,67.9,,55.6,Not Eligible,1,0.814
STU-5735,23EE435,EEE,5,83.8,7.84,8.37,declining,0,73.5,63.6,103,47.2,Completed,62.6,Eligible,0,0.17
STU-8340,22CI340,Civil,7,79.9,6.27,6.21,stable,0,63.1,83.0,147,57.6,,60.2,Not Eligible,0,0.207
STU-0363,24CS463,CSE,4,79.3,8.66,8.74,stable,0,85.9,77.7,80,98.0,,98.0,Not Eligible,0,0.07
STU-4752,23EC352,ECE,5,77.9,7.37,7.81,declining,0,68.7,74.3,107,45.6,Completed,65.3,Eligible,0,0.142
STU-3387,25IT787,IT,2,72.8,7.22,6.83,improving,0,79.7,78.3,44,61.6,,63.0,Not Eligible,0,0.097
STU-5525,23EE225,EEE,5,84.9,7.17,6.64,improving,0,66.4,83.2,101,44.6,,78.6,Eligible,0,0.138
STU-3352,24IT752,IT,3,88.3,7.56,7.65,stable,0,77.3,91.9,64,77.8,,64.4,Not Eligible,0,0.044
STU-3608,25EC108,ECE,2,76.5,6.84,6.39,improving,0,68.1,85.5,38,60.3,,63.1,Not Eligible,0,0.085
STU-1591,23CS791,CSE,6,95.7,8.5,8.1,improving,0,86.1,94.7,124,73.6,Completed,98.0,Eligible,0,0.103
STU-4974,22EC574,ECE,7,68.1,9.54,9.73,declining,0,91.5,77.0,148,51.0,Completed,76.5,Placed,0,0.163
STU-0619,22CS719,CSE,7,86.2,7.2,7.25,stable,0,71.7,84.6,145,58.1,,67.6,Not Eligible,0,0.075
STU-5408,22EE108,EEE,8,72.0,7.36,6.8,improving,0,76.3,75.1,166,60.7,,77.4,In Process,0,0.19
STU-7694,23CI594,Civil,5,75.8,7.51,7.44,stable,0,74.7,76.0,101,74.6,Completed,56.8,Eligible,0,0.045
STU-5699,25EE399,EEE,2,72.2,6.04,5.59,improving,0,58.9,81.9,38,55.1,,37.7,Not Eligible,0,0.136
STU-3307,25IT707,IT,1,74.6,9.08,8.58,improving,0,95.4,68.4,23,36.2,,79.3,Not Eligible,0,0.1
STU-1292,25CS492,CSE,2,88.7,5.58,5.56,stable,0,66.4,82.8,44,76.0,,50.0,Not Eligible,0,0.222
STU-2880,24IT280,IT,4,85.7,7.81,6.97,improving,0,76.3,80.2,86,61.4,,63.1,Not Eligible,0,0.076
STU-2918,24IT318,IT,4,82.6,8.48,9.02,declining,0,77.1,85.7,80,19.9,,98.0,Not Eligible,0,0.264
STU-2606,23IT906,IT,5,77.7,8.11,7.94,improving,0,82.3,75.9,105,33.7,,81.0,Eligible,0,0.085
STU-6174,25EE874,EEE,2,81.5,6.56,6.82,declining,0,62.7,91.3,38,57.4,,54.1,Not Eligible,0,0.099
STU-3345,22IT745,IT,7,84.0,8.45,8.74,declining,0,80.7,72.1,149,51.6,Completed,87.6,Placed,0,0.118
STU-1027,22CS227,CSE,7,77.7,7.84,7.63,improving,0,78.5,71.7,149,51.9,Completed,70.7,Placed,0,0.149
STU-1193,24CS393,CSE,3,86.2,7.6,7.5,stable,0,81.4,88.8,64,38.3,,84.0,Not Eligible,0,0.071
STU-7181,23ME981,Mechanical,5,80.2,6.65,6.61,stable,2,66.3,79.4,95,37.8,,36.6,In Process,0,0.339
STU-7256,25ME156,Mechanical,1,77.8,6.82,6.45,improving,0,65.5,76.4,22,54.8,,54.9,Not Eligible,0,0.049
STU-2956,24IT356,IT,3,82.7,8.39,7.92,improving,0,88.1,83.7,59,85.2,,72.1,Not Eligible,0,0.083
STU-6699,24ME499,Mechanical,3,87.2,9.11,9.33,declining,0,95.0,87.8,64,73.8,,92.2,Not Eligible,0,0.092
STU-0412,22CS512,CSE,8,61.2,8.01,7.52,improving,0,84.3,58.3,168,63.6,Completed,54.4,Placed,1,0.524
STU-8309,24CI309,Civil,4,64.6,6.14,6.47,declining,0,51.0,67.4,84,82.9,,69.1,Not Eligible,1,0.559
STU-6027,25EE727,EEE,1,85.9,8.23,7.66,improving,0,80.2,90.7,23,74.8,,80.1,Not Eligible,0,0.042
STU-2668,24IT968,IT,3,93.8,7.31,6.7,improving,0,69.6,92.6,65,69.3,Ongoing,85.1,Not Eligible,0,0.114
STU-7819,23CI719,Civil,6,65.9,9.11,9.33,declining,0,91.5,67.2,128,35.9,Completed,97.9,Eligible,0,0.352
STU-8036,23CI936,Civil,6,74.9,7.2,7.99,declining,0,78.8,73.1,127,37.3,,57.2,Eligible,0,0.412
STU-6015,23EE715,EEE,5,80.0,7.67,7.25,improving,0,78.9,79.5,105,95.4,,95.2,Eligible,0,0.133
STU-7531,25ME431,Mechanical,2,83.7,7.04,6.69,improving,0,74.7,83.7,44,77.0,,82.1,Not Eligible,0,0.071
STU-3693,23EC193,ECE,6,84.5,8.11,7.74,improving,0,68.9,86.9,122,64.1,,86.2,Eligible,0,0.086
STU-1615,24CS815,CSE,3,80.3,7.94,7.78,improving,0,77.3,84.1,59,54.6,,60.1,Not Eligible,0,0.065
STU-0161,24CS261,CSE,3,83.8,6.29,6.65,declining,0,56.6,89.3,59,86.6,,41.5,Not Eligible,0,0.237
STU-6965,23ME765,Mechanical,5,90.1,8.21,8.57,declining,0,78.5,91.1,101,75.3,Ongoing,86.8,Eligible,0,0.164
STU-6799,25ME599,Mechanical,1,72.4,8.56,8.5,stable,0,88.3,72.6,19,47.8,,98.0,Not Eligible,0,0.058
STU-2976,24IT376,IT,3,97.1,8.51,8.24,improving,0,83.1,90.7,59,57.8,,93.8,Not Eligible,0,0.104
STU-7282,22ME182,Mechanical,7,77.1,6.3,6.23,stable,0,66.3,73.6,147,30.9,,57.3,Not Eligible,0,0.122
STU-5953,25EE653,EEE,2,74.4,7.64,7.9,declining,2,76.2,76.9,32,51.1,,77.4,Not Eligible,0,0.497
STU-3615,24EC115,ECE,3,74.8,8.31,8.35,stable,0,85.4,72.6,63,58.4,,75.7,Not Eligible,0,0.129
STU-4650,23EC250,ECE,5,95.8,7.38,7.28,stable,0,74.6,97.4,107,88.5,Completed,61.2,Eligible,0,0.083
STU-5812,24EE512,EEE,4,86.3,8.0,8.27,declining,0,84.4,80.2,85,35.2,,55.6,Not Eligible,0,0.117
STU-4473,23EC973,ECE,5,66.8,9.25,9.01,improving,0,90.4,64.7,101,61.6,Completed,95.8,Eligible,0,0.145
STU-3123,25IT523,IT,1,64.4,8.19,8.46,declining,0,85.7,58.5,18,62.3,,98.0,Not Eligible,0,0.353
STU-2456,25IT756,IT,2,78.5,8.08,8.12,stable,0,72.6,93.5,43,57.9,,75.2,Not Eligible,0,0.076
STU-1699,22CS899,CSE,8,88.1,7.62,6.93,improving,0,78.0,83.1,170,54.6,Completed,65.2,Placed,0,0.147
STU-6978,25ME778,Mechanical,2,70.6,7.52,7.8,declining,0,75.7,83.0,43,53.7,,91.3,Not Eligible,0,0.276
STU-7928,22CI828,Civil,8,73.4,8.34,7.66,improving,0,89.0,68.9,166,73.4,Ongoing,89.1,Placed,0,0.106
STU-1986,25CS286,CSE,1,79.0,7.96,7.51,improving,0,78.1,79.2,22,47.8,,85.2,Not Eligible,0,0.07
STU-4370,24EC870,ECE,4,91.3,8.4,9.08,declining,0,83.4,90.9,85,65.7,,87.0,Not Eligible,0,0.287
STU-3709,24EC209,ECE,4,87.8,7.13,6.65,improving,0,76.4,88.7,85,34.4,,67.5,Not Eligible,0,0.119
STU-2409,25IT709,IT,1,78.4,7.78,7.8,stable,0,86.7,84.5,22,43.6,,87.5,Not Eligible,0,0.103
STU-4366,23EC866,ECE,5,86.4,8.33,8.22,stable,0,90.8,82.6,107,34.3,Ongoing,77.1,Eligible,0,0.082
STU-2332,22IT632,IT,7,78.5,8.22,7.92,improving,0,89.5,68.9,143,52.5,Completed,87.1,Placed,0,0.043
STU-5731,24EE431,EEE,3,72.8,8.43,8.62,declining,2,94.6,73.3,57,52.4,,65.8,Not Eligible,0,0.483
STU-6236,22EE936,EEE,8,80.8,6.67,6.25,improving,0,73.7,72.4,169,77.7,Completed,72.8,Not Eligible,0,0.133
STU-6195,22EE895,EEE,8,70.2,7.68,7.39,improving,0,75.0,87.7,169,30.2,,77.3,Placed,0,0.172
STU-4462,24EC962,ECE,3,76.7,7.64,7.43,improving,1,77.3,69.5,61,61.9,,61.7,Not Eligible,0,0.14
STU-1262,22CS462,CSE,7,84.8,8.69,8.68,stable,0,90.5,72.6,145,68.6,,98.0,Placed,0,0.115
STU-1733,23CS933,CSE,5,83.1,8.85,8.81,stable,0,89.8,83.7,103,82.5,Completed,75.6,Eligible,0,0.065
STU-7311,25ME211,Mechanical,1,59.7,8.87,8.81,stable,0,82.8,64.7,18,73.5,,76.4,Not Eligible,1,0.663
STU-1214,22CS414,CSE,7,83.4,9.16,9.38,declining,0,88.4,79.6,149,41.2,,80.7,Placed,0,0.13
STU-2319,23IT619,IT,6,82.4,8.83,9.34,declining,0,91.1,97.4,128,50.0,Completed,98.0,Eligible,0,0.18
STU-0640,24CS740,CSE,3,90.3,8.56,8.12,improving,0,92.0,76.5,59,35.5,,76.2,Not Eligible,0,0.143
STU-8160,22CI160,Civil,8,77.2,8.94,8.57,improving,0,85.5,76.8,170,22.3,Ongoing,98.0,Placed,0,0.093
STU-2179,25IT479,IT,1,74.3,8.34,7.87,improving,0,84.1,75.3,23,44.4,,91.2,Not Eligible,0,0.089
STU-5399,25EE999,EEE,1,76.7,7.35,7.56,declining,0,68.3,81.5,19,58.8,,98.0,Not Eligible,0,0.088
STU-6770,24ME570,Mechanical,3,90.1,8.5,8.5,stable,0,81.3,80.6,64,92.8,,85.4,Not Eligible,0,0.058
STU-2916,25IT316,IT,1,78.9,8.22,7.95,improving,0,82.8,82.7,22,62.6,,88.2,Not Eligible,0,0.116
STU-7738,22CI638,Civil,8,82.9,7.09,6.67,improving,0,68.7,77.1,166,86.3,Completed,98.0,In Process,0,0.057
STU-2691,24IT991,IT,3,79.4,8.12,8.0,stable,0,82.2,67.6,59,92.4,,76.3,Not Eligible,0,0.081
STU-7460,23ME360,Mechanical,6,81.0,8.35,8.45,stable,0,91.2,77.2,124,70.1,Completed,65.1,Eligible,0,0.187
STU-6341,24ME141,Mechanical,4,80.9,9.18,9.08,stable,0,89.5,76.9,85,76.5,,66.2,Not Eligible,0,0.099
STU-4075,22EC575,ECE,8,84.1,8.38,8.65,declining,0,84.7,78.9,168,55.9,Ongoing,87.6,Placed,0,0.186
STU-4746,22EC346,ECE,7,92.1,6.37,6.62,declining,0,63.3,93.7,143,74.2,,60.8,Placed,0,0.145
STU-0107,24CS207,CSE,4,98.3,8.18,7.37,improving,0,80.1,94.4,80,51.6,,59.9,Not Eligible,0,0.045
STU-4922,23EC522,ECE,6,78.9,7.76,7.43,improving,0,76.4,90.5,126,81.7,Completed,78.3,Eligible,0,0.078
STU-6055,23EE755,EEE,5,80.8,7.05,7.03,stable,0,67.8,77.1,105,81.5,Completed,51.5,Eligible,0,0.118
STU-2363,22IT663,IT,7,76.9,7.58,7.2,improving,0,73.2,77.2,148,23.1,Completed,68.3,Placed,0,0.05
STU-7546,25ME446,Mechanical,1,85.5,6.79,6.29,improving,0,70.7,90.5,19,40.9,,70.5,Not Eligible,0,0.11
STU-7628,22CI528,Civil,8,82.9,8.12,8.07,stable,0,82.7,75.5,168,85.0,Ongoing,79.0,In Process,0,0.096
STU-0104,24CS204,CSE,4,87.7,9.24,8.91,improving,0,87.2,90.1,84,61.4,,96.6,Not Eligible,0,0.102
STU-7062,22ME862,Mechanical,7,79.9,7.36,8.09,declining,0,77.9,79.2,148,71.7,Completed,76.7,Not Eligible,0,0.161
STU-4641,25EC241,ECE,2,70.7,7.51,7.22,improving,0,74.4,78.0,44,54.0,,45.6,Not Eligible,0,0.118
STU-6749,24ME549,Mechanical,3,79.8,6.91,6.81,stable,0,67.7,85.5,61,55.8,,63.2,Not Eligible,0,0.068
STU-3747,25EC247,ECE,1,87.9,6.38,6.71,declining,0,67.4,78.8,18,41.6,,69.9,Not Eligible,0,0.265
STU-2658,25IT958,IT,1,81.7,7.57,8.16,declining,2,77.8,94.6,18,44.3,,81.4,Not Eligible,1,0.644
STU-6895,24ME695,Mechanical,4,75.4,8.22,7.94,improving,0,83.0,67.6,84,76.2,,56.0,Not Eligible,0,0.079
STU-7275,23ME175,Mechanical,6,78.5,6.29,6.29,stable,0,69.7,78.5,127,45.7,Completed,65.8,In Process,0,0.185
STU-0893,22CS993,CSE,7,72.8,8.99,9.01,stable,0,93.9,73.6,148,35.8,Completed,97.0,Placed,0,0.104
STU-3344,22IT744,IT,7,89.7,7.78,7.55,improving,0,72.2,78.6,147,98.0,Completed,67.5,Placed,0,0.09
STU-2373,25IT673,IT,2,87.2,7.23,6.79,improving,0,67.7,90.9,38,77.8,,64.1,Not Eligible,0,0.052
STU-4936,25EC536,ECE,2,84.2,7.78,7.85,stable,0,85.0,85.6,43,55.4,,75.2,Not Eligible,0,0.193
STU-7925,23CI825,Civil,6,81.9,5.37,5.51,stable,0,57.6,84.5,128,86.1,,55.4,In Process,0,0.295
STU-0368,22CS468,CSE,8,69.5,7.01,6.57,improving,0,68.7,72.9,169,56.7,,68.6,Placed,0,0.203
STU-8182,23CI182,Civil,5,95.2,5.13,4.79,improving,0,52.7,94.9,106,64.9,Completed,54.6,In Process,0,0.269
STU-5648,25EE348,EEE,1,84.8,6.63,6.78,declining,0,53.7,84.9,21,33.6,,55.5,Not Eligible,0,0.116
STU-4788,22EC388,ECE,7,64.8,8.12,8.27,declining,0,92.1,61.7,149,76.4,Completed,94.4,Placed,0,0.341
STU-1900,22CS200,CSE,7,88.9,8.09,8.34,declining,0,82.1,97.8,149,80.9,Ongoing,72.4,Placed,0,0.167
STU-0625,23CS725,CSE,5,95.8,6.65,6.72,stable,0,70.4,90.3,106,68.8,Completed,53.0,Eligible,0,0.093
STU-3602,22EC102,ECE,8,82.8,6.61,6.87,declining,0,69.9,82.7,169,63.8,Ongoing,54.0,In Process,0,0.093
STU-5439,25EE139,EEE,1,83.6,7.28,7.2,stable,0,67.6,79.2,22,37.6,,83.0,Not Eligible,0,0.121
STU-1302,22CS502,CSE,8,75.4,7.92,7.78,stable,0,84.7,71.9,169,41.5,,75.4,Placed,0,0.14
STU-0748,23CS848,CSE,5,79.7,7.89,7.87,stable,0,68.4,75.2,106,47.2,Ongoing,83.2,Eligible,0,0.111
STU-2947,22IT347,IT,7,93.6,7.63,6.94,improving,0,62.5,81.7,147,61.7,Completed,68.6,Placed,0,0.075
STU-5910,25EE610,EEE,1,83.9,6.11,5.35,improving,2,61.1,91.6,18,50.7,,70.3,Not Eligible,0,0.469
STU-2644,23IT944,IT,6,91.3,8.19,8.6,declining,0,82.4,98.8,128,61.9,,74.4,Eligible,0,0.119
STU-4421,24EC921,ECE,4,83.3,9.38,9.53,declining,0,96.5,80.3,82,35.8,,94.3,Not Eligible,0,0.168
STU-4325,24EC825,ECE,3,92.3,8.94,8.64,improving,0,86.4,76.9,61,60.1,,61.6,Not Eligible,0,0.099
STU-0920,25CS120,CSE,2,84.3,7.17,6.54,improving,0,65.5,85.5,43,75.9,,64.4,Not Eligible,0,0.077
STU-0177,23CS277,CSE,6,87.5,8.93,8.72,improving,0,95.2,81.5,126,52.1,Completed,89.1,Eligible,0,0.086
STU-1416,22CS616,CSE,8,75.8,9.57,9.48,stable,0,92.3,76.4,166,52.6,Completed,92.9,Placed,0,0.179
STU-5607,25EE307,EEE,1,80.4,7.09,7.03,stable,0,64.5,75.2,22,57.3,,58.6,Not Eligible,0,0.062
STU-5761,24EE461,EEE,3,77.7,7.67,8.06,declining,0,73.3,81.6,61,59.4,,62.5,Not Eligible,0,0.143
STU-6151,25EE851,EEE,1,76.0,8.03,8.26,declining,0,79.1,74.1,22,29.7,,54.7,Not Eligible,0,0.149
STU-1336,23CS536,CSE,6,91.5,8.63,8.51,stable,0,94.6,94.5,126,67.3,Completed,92.7,Eligible,0,0.11
STU-0972,22CS172,CSE,8,82.5,8.71,8.8,stable,0,85.0,81.4,168,61.6,Ongoing,98.0,Placed,0,0.114
STU-6750,25ME550,Mechanical,1,70.8,7.81,7.43,improving,0,71.8,77.6,22,24.8,,58.2,Not Eligible,0,0.197
STU-3790,25EC290,ECE,2,64.0,7.33,7.3,stable,0,74.9,59.6,38,65.6,,93.3,Not Eligible,0,0.236
STU-5583,24EE283,EEE,3,69.6,9.22,8.91,improving,0,90.1,76.4,63,48.0,,89.8,Not Eligible,0,0.129
STU-6059,23EE759,EEE,5,99.0,5.95,6.33,declining,0,58.6,100.0,101,57.2,,68.2,In Process,0,0.423
STU-6871,25ME671,Mechanical,2,92.4,6.92,6.95,stable,0,65.9,82.5,38,98.0,,91.2,Not Eligible,0,0.059
STU-7110,24ME910,Mechanical,3,81.1,6.47,6.38,stable,0,54.4,83.0,64,79.6,,70.3,Not Eligible,0,0.076
STU-1631,23CS831,CSE,6,92.5,7.84,7.92,stable,0,84.1,94.1,124,60.9,Completed,58.8,Eligible,0,0.15
STU-7686,24CI586,Civil,4,85.5,7.39,6.56,improving,0,77.8,90.7,80,42.8,,75.4,Not Eligible,0,0.073
STU-5749,23EE449,EEE,6,80.5,7.78,7.34,improving,0,80.0,74.3,128,73.4,,80.1,Eligible,0,0.081
STU-6372,22ME172,Mechanical,8,64.7,7.77,7.56,improving,0,69.7,68.6,170,50.9,Completed,73.2,Placed,0,0.205
STU-6964,23ME764,Mechanical,5,74.9,7.93,7.69,improving,0,84.7,82.0,106,68.8,Completed,70.8,Eligible,0,0.101
STU-7420,22ME320,Mechanical,7,80.0,7.13,6.88,improving,0,73.7,79.1,147,57.9,Completed,79.4,In Process,0,0.139
STU-7741,22CI641,Civil,7,78.0,6.9,6.32,improving,0,78.2,76.2,147,70.8,,62.2,In Process,0,0.127
STU-3883,22EC383,ECE,7,83.0,8.4,8.15,improving,0,84.8,69.0,143,75.7,Ongoing,93.9,Placed,0,0.047
STU-1358,24CS558,CSE,4,80.3,6.93,7.23,declining,1,65.9,81.7,82,34.2,,51.7,Not Eligible,0,0.247
STU-3852,22EC352,ECE,7,73.7,7.91,7.77,stable,0,69.6,69.2,149,73.6,Completed,67.2,Placed,0,0.09
STU-5851,22EE551,EEE,7,77.4,7.29,7.69,declining,4,68.3,78.6,131,68.8,Completed,59.5,In Process,1,0.805
STU-0379,22CS479,CSE,7,83.2,9.02,8.6,improving,0,86.7,76.7,148,40.6,Completed,75.4,Placed,0,0.098
STU-2366,23IT666,IT,5,90.4,8.17,7.38,improving,0,87.0,96.2,107,60.8,Completed,85.3,Eligible,0,0.084
STU-6325,22ME125,Mechanical,7,81.4,8.64,8.03,improving,0,81.8,81.6,147,33.2,Completed,85.1,In Process,0,0.112
STU-7955,22CI855,Civil,8,71.1,7.57,7.75,declining,0,79.8,65.1,166,92.9,,69.3,Placed,0,0.107
STU-2566,23IT866,IT,6,89.4,7.57,7.29,improving,0,73.4,96.5,128,66.1,Completed,86.6,Eligible,0,0.107
STU-6290,24EE990,EEE,3,92.9,5.76,5.9,stable,0,54.4,91.9,59,68.5,,72.3,Not Eligible,0,0.35
STU-5985,22EE685,EEE,7,68.3,6.86,6.74,stable,1,70.9,68.5,144,62.0,,92.9,In Process,0,0.273
STU-5590,24EE290,EEE,4,83.6,9.15,8.58,improving,0,93.9,82.3,86,80.4,,80.9,Not Eligible,0,0.102
STU-3970,24EC470,ECE,3,79.2,7.58,7.88,declining,0,67.0,72.0,64,83.3,,80.2,Not Eligible,0,0.151
STU-8356,24CI356,Civil,4,62.4,8.8,8.66,stable,0,88.2,71.3,82,56.8,Ongoing,79.4,Not Eligible,0,0.231
STU-2327,25IT627,IT,1,70.7,7.22,7.03,improving,0,70.2,63.3,19,36.3,Ongoing,48.5,Not Eligible,0,0.218
STU-5659,22EE359,EEE,8,87.4,8.99,8.51,improving,0,85.8,75.7,166,91.1,Completed,68.7,Placed,0,0.088
STU-4805,23EC405,ECE,6,71.6,9.49,9.48,stable,0,99.0,82.0,127,60.5,Completed,98.0,Eligible,0,0.131
STU-7209,22ME109,Mechanical,8,78.0,8.75,7.98,improving,0,82.7,76.3,166,66.5,,73.9,In Process,0,0.121
STU-3086,25IT486,IT,2,86.4,9.19,8.67,improving,0,91.3,88.2,38,75.9,,98.0,Not Eligible,0,0.063
STU-5140,22EC740,ECE,8,81.6,7.65,7.38,improving,0,76.0,80.5,169,23.6,Completed,74.7,Placed,0,0.097
STU-4386,25EC886,ECE,1,85.7,9.41,9.55,stable,0,95.6,90.0,21,98.0,,88.2,Not Eligible,0,0.08
STU-6107,23EE807,EEE,6,72.1,6.65,6.37,improving,2,63.9,72.6,118,69.9,,83.1,In Process,0,0.211
STU-6472,24ME272,Mechanical,3,85.1,7.47,7.67,declining,0,77.7,87.4,63,66.2,,88.8,Not Eligible,0,0.152
STU-6649,23ME449,Mechanical,6,76.7,7.08,7.25,declining,0,71.4,77.6,126,54.9,,70.2,Eligible,0,0.128
STU-4381,23EC881,ECE,6,89.8,8.58,9.16,declining,0,90.7,82.3,127,69.0,,73.5,Eligible,0,0.212
STU-6618,22ME418,Mechanical,7,92.8,7.1,6.88,improving,0,76.5,81.4,149,54.4,,68.0,Not Eligible,0,0.042
STU-6404,25ME204,Mechanical,1,92.3,7.36,6.69,improving,0,68.9,90.5,21,60.0,,64.8,Not Eligible,0,0.061
STU-3362,25IT762,IT,1,98.3,8.42,8.24,improving,0,82.6,97.8,18,69.6,,70.4,Not Eligible,0,0.108
STU-4973,22EC573,ECE,7,82.7,6.07,5.91,improving,0,69.9,78.1,148,74.6,Completed,67.2,In Process,0,0.178
STU-5753,25EE453,EEE,2,67.8,8.07,7.97,stable,0,80.8,65.5,42,78.7,,60.5,Not Eligible,0,0.12
STU-5807,22EE507,EEE,8,84.9,8.32,8.36,stable,0,74.8,83.2,170,30.7,Completed,88.2,Placed,0,0.112
STU-1397,24CS597,CSE,4,89.2,7.87,7.01,improving,0,76.0,92.3,80,27.9,,74.9,Not Eligible,0,0.153
STU-3327,24IT727,IT,4,80.0,7.25,7.22,stable,0,77.0,83.7,84,74.6,,66.0,Not Eligible,0,0.092
STU-4906,25EC506,ECE,2,87.6,7.26,6.7,improving,0,68.4,87.7,44,36.1,,59.9,Not Eligible,0,0.087
STU-0183,22CS283,CSE,8,89.3,8.09,7.86,improving,0,82.3,91.8,169,66.8,Completed,82.1,Placed,0,0.084
STU-8029,23CI929,Civil,5,82.9,8.6,8.63,stable,0,87.7,79.0,101,50.2,,84.3,Eligible,0,0.113
STU-2605,24IT905,IT,4,75.3,8.49,8.11,improving,0,81.8,67.4,85,57.7,,98.0,Not Eligible,0,0.09
STU-3138,23IT538,IT,6,95.5,7.27,7.91,declining,0,70.7,100.0,126,33.7,,50.3,Eligible,0,0.27
STU-5614,22EE314,EEE,7,78.5,7.19,7.39,declining,0,66.2,69.5,143,21.4,,75.1,Placed,0,0.124
STU-3669,22EC169,ECE,8,68.8,8.48,8.69,declining,0,82.7,70.4,166,43.0,,71.9,Placed,0,0.308
STU-4926,22EC526,ECE,8,93.7,7.97,7.39,improving,0,84.4,92.7,170,63.4,Completed,66.0,Placed,0,0.115
STU-0737,24CS837,CSE,4,88.7,6.85,6.68,improving,0,59.7,89.9,86,86.0,,72.7,Not Eligible,0,0.099
STU-6239,25EE939,EEE,1,74.4,7.3,7.13,improving,0,69.7,77.8,23,54.1,,83.9,Not Eligible,0,0.079
STU-1389,22CS589,CSE,8,93.1,8.73,8.52,improving,0,87.5,90.2,169,66.9,Completed,93.4,Placed,0,0.06
STU-7915,22CI815,Civil,8,84.3,6.7,6.72,stable,0,73.6,95.0,170,35.3,,67.7,In Process,0,0.137
STU-4998,24EC598,ECE,4,85.4,9.56,9.6,stable,0,98.7,90.6,85,58.7,,88.3,Not Eligible,0,0.083
STU-5944,22EE644,EEE,8,71.7,9.23,8.91,improving,0,96.4,76.0,168,75.8,Completed,83.1,Placed,0,0.158
STU-3051,22IT451,IT,8,84.7,8.8,8.83,stable,0,79.7,83.5,169,80.7,Ongoing,98.0,Placed,0,0.11
STU-0297,22CS397,CSE,7,83.7,7.35,7.37,stable,0,73.0,77.6,147,55.7,,63.6,Placed,0,0.127
STU-4131,24EC631,ECE,3,76.4,7.08,6.82,improving,1,70.0,68.5,55,75.5,,60.2,Not Eligible,0,0.334
STU-1710,23CS910,CSE,6,91.5,9.78,9.93,declining,0,99.0,83.7,128,68.6,Completed,96.1,Eligible,0,0.183
STU-1259,25CS459,CSE,1,74.6,8.7,8.4,improving,0,86.3,75.2,19,54.7,,67.5,Not Eligible,0,0.069
STU-5193,24EC793,ECE,3,84.1,7.85,8.04,declining,0,71.6,84.2,59,68.0,,64.1,Not Eligible,0,0.102
STU-3497,25IT897,IT,2,88.7,8.71,8.63,stable,0,81.2,84.2,43,54.3,,61.2,Not Eligible,0,0.118
STU-5899,24EE599,EEE,4,69.9,6.43,6.08,improving,0,52.7,74.0,80,56.4,,76.2,Not Eligible,0,0.148
STU-3757,24EC257,ECE,4,91.8,6.44,5.96,improving,0,72.0,90.3,82,48.2,,88.7,Not Eligible,0,0.078
STU-2629,22IT929,IT,7,95.1,7.99,7.5,improving,0,81.7,88.4,147,86.1,Completed,61.5,Placed,0,0.14
STU-3536,25EC936,ECE,2,81.8,7.27,7.2,stable,0,76.5,77.3,44,43.6,,84.4,Not Eligible,0,0.119
STU-2813,23IT213,IT,5,77.1,8.16,8.63,declining,0,82.6,72.6,103,67.1,Completed,87.9,Eligible,0,0.222
STU-2595,24IT895,IT,3,72.8,7.23,7.2,stable,1,79.0,75.9,59,43.0,,73.8,Not Eligible,0,0.196
STU-6445,22ME245,Mechanical,8,90.0,7.25,6.95,improving,0,76.8,90.9,169,98.0,,83.3,Not Eligible,0,0.06
STU-5329,23EE929,EEE,5,81.6,6.19,6.94,declining,0,59.6,84.5,106,64.5,Completed,57.7,In Process,0,0.314
STU-7539,23ME439,Mechanical,5,78.5,8.91,8.76,improving,0,94.3,78.0,107,76.7,Completed,98.0,Eligible,0,0.086
STU-5468,23EE168,EEE,5,74.4,7.51,7.68,declining,0,76.7,79.8,107,48.7,Completed,67.3,Eligible,0,0.111
STU-5337,24EE937,EEE,3,86.5,7.6,7.46,stable,0,71.7,92.7,64,48.4,,58.4,Not Eligible,0,0.07
STU-5100,25EC700,ECE,1,74.2,7.32,6.82,improving,2,75.6,72.0,18,53.9,,63.2,Not Eligible,1,0.532
STU-3987,24EC487,ECE,3,92.6,6.91,7.08,declining,1,63.7,90.9,60,63.8,,63.6,Not Eligible,0,0.259
STU-0008,22CS108,CSE,7,85.9,7.6,8.1,declining,0,73.6,76.6,149,63.0,,71.0,Placed,0,0.185
STU-7172,23ME972,Mechanical,5,78.8,8.24,8.06,improving,0,84.3,97.4,105,47.6,Ongoing,91.9,Eligible,0,0.088
STU-5472,25EE172,EEE,1,79.3,7.26,7.16,stable,0,80.9,86.9,19,60.7,,76.3,Not Eligible,0,0.115
STU-1266,25CS466,CSE,1,93.2,8.75,8.69,stable,0,87.2,96.1,22,47.1,,58.4,Not Eligible,0,0.076
STU-1245,22CS445,CSE,7,88.7,8.08,7.93,improving,0,74.7,73.9,147,44.7,Completed,88.7,Placed,0,0.098
STU-2525,23IT825,IT,5,92.5,9.95,9.8,improving,0,99.0,87.3,107,74.8,Completed,92.1,Eligible,0,0.053
STU-5720,25EE420,EEE,2,76.3,8.52,8.22,improving,0,91.4,78.7,44,85.1,Ongoing,86.6,Not Eligible,0,0.083
STU-5573,25EE273,EEE,1,79.3,7.32,6.73,improving,1,72.5,72.5,18,84.3,Ongoing,95.0,Not Eligible,0,0.157
STU-3021,24IT421,IT,3,92.3,6.56,6.52,stable,0,69.5,90.2,63,34.6,,75.6,Not Eligible,0,0.13
STU-8390,22CI390,Civil,7,70.8,7.2,6.86,improving,0,67.2,65.3,147,38.6,Completed,58.9,In Process,0,0.159
STU-3658,22EC158,ECE,8,69.3,7.2,7.1,stable,0,70.2,74.1,164,61.0,Completed,68.6,Not Eligible,0,0.143
STU-1934,23CS234,CSE,5,84.2,7.78,7.49,improving,0,77.4,85.7,107,98.0,Completed,80.8,Eligible,0,0.087
STU-5542,23EE242,EEE,5,76.4,7.81,8.35,declining,0,77.1,77.2,107,61.2,Completed,83.6,Eligible,0,0.213
STU-4743,25EC343,ECE,1,74.5,7.53,6.96,improving,0,77.4,79.6,23,58.1,Ongoing,70.1,Not Eligible,0,0.067
STU-7486,22ME386,Mechanical,7,94.8,7.65,8.0,declining,0,82.5,96.0,147,91.2,Ongoing,74.5,Placed,0,0.179
STU-4192,25EC692,ECE,2,76.2,8.42,8.32,stable,0,80.3,76.4,44,47.0,,86.5,Not Eligible,0,0.111
STU-1046,23CS246,CSE,5,85.2,9.05,8.55,improving,0,98.3,72.6,105,94.5,Completed,85.5,Eligible,0,0.187
STU-7333,22ME233,Mechanical,7,79.2,8.29,8.19,stable,0,75.1,71.2,149,51.3,,75.3,Not Eligible,0,0.097
STU-0633,24CS733,CSE,4,85.4,7.61,7.5,stable,1,77.1,85.0,80,63.2,,67.1,Not Eligible,0,0.223
STU-1789,25CS989,CSE,1,94.2,8.71,8.1,improving,0,81.6,91.5,21,75.2,,94.6,Not Eligible,0,0.074
STU-4345,23EC845,ECE,6,77.6,9.2,8.61,improving,0,95.4,71.3,122,81.1,Ongoing,81.3,Eligible,0,0.176
STU-0580,25CS680,CSE,2,89.9,8.74,8.95,declining,0,81.0,97.5,43,89.0,,94.1,Not Eligible,0,0.191
STU-1923,23CS223,CSE,5,89.2,7.43,8.38,declining,0,79.5,95.7,101,72.1,,54.7,Eligible,0,0.301
STU-6521,24ME321,Mechanical,3,73.8,7.19,6.73,improving,0,74.5,73.3,64,65.5,,58.0,Not Eligible,0,0.123
STU-7992,23CI892,Civil,6,78.9,9.59,9.56,stable,0,90.5,73.5,124,62.4,,90.0,Eligible,0,0.076
STU-4607,23EC207,ECE,6,90.4,6.92,7.03,stable,0,81.1,98.3,127,67.6,Completed,69.6,Eligible,0,0.187
STU-0018,23CS118,CSE,5,85.4,7.34,7.01,improving,0,75.5,82.5,103,87.5,Ongoing,97.5,Eligible,0,0.087
STU-5170,22EC770,ECE,8,68.4,6.28,5.87,improving,0,63.5,69.9,164,67.2,,59.0,In Process,0,0.232
STU-7391,22ME291,Mechanical,8,95.6,7.95,9.47,declining,0,71.5,100.0,168,63.8,Completed,98.0,Placed,1,0.514
STU-0311,24CS411,CSE,4,82.2,7.95,7.72,improving,0,77.7,81.5,85,60.1,,87.1,Not Eligible,0,0.09
STU-6494,23ME294,Mechanical,6,81.1,7.19,7.28,stable,0,70.7,78.0,127,82.7,,48.6,Eligible,0,0.044
STU-0420,23CS520,CSE,6,89.2,7.85,7.89,stable,0,79.4,74.7,127,54.4,Completed,65.0,Eligible,0,0.079
STU-4455,24EC955,ECE,3,96.0,7.65,7.85,declining,0,84.0,90.7,64,98.0,,76.8,Not Eligible,0,0.18
STU-4157,22EC657,ECE,7,85.8,7.3,6.74,improving,0,70.4,87.4,148,28.2,Completed,64.7,Placed,0,0.124
STU-2387,25IT687,IT,2,74.2,9.34,9.38,stable,0,91.3,67.9,40,60.4,,84.8,Not Eligible,0,0.127
STU-4040,25EC540,ECE,1,93.7,8.61,7.7,improving,0,86.9,88.4,19,86.3,,96.8,Not Eligible,0,0.053
STU-0081,22CS181,CSE,7,92.4,7.22,6.42,improving,0,72.5,89.7,145,39.5,,80.2,In Process,0,0.069
STU-3065,23IT465,IT,6,88.5,9.08,8.61,improving,0,93.6,84.8,124,46.8,,89.1,Eligible,0,0.047
STU-4773,25EC373,ECE,1,73.9,7.66,7.67,stable,1,84.2,67.1,18,50.6,,38.7,Not Eligible,0,0.332
STU-7860,22CI760,Civil,7,85.3,6.34,6.43,stable,0,56.5,72.3,148,83.9,,75.5,Not Eligible,0,0.101
STU-0206,25CS306,CSE,1,84.3,8.81,8.79,stable,0,98.1,76.8,21,41.1,,80.5,Not Eligible,0,0.067
STU-0673,25CS773,CSE,1,85.5,8.71,8.95,declining,0,85.4,84.5,21,60.1,,81.7,Not Eligible,0,0.143
STU-5527,23EE227,EEE,6,89.4,7.04,7.12,stable,0,67.7,100.0,126,49.0,,73.2,Eligible,0,0.074
STU-3644,22EC144,ECE,7,76.2,6.99,6.84,improving,0,71.9,72.8,149,38.1,Completed,67.0,Placed,0,0.076
STU-0600,25CS700,CSE,1,73.5,8.43,8.1,improving,0,94.0,73.8,19,49.5,,68.7,Not Eligible,0,0.067
STU-0618,24CS718,CSE,3,64.1,8.15,8.37,declining,2,80.1,63.6,56,82.8,,77.5,Not Eligible,1,0.812
STU-3650,24EC150,ECE,4,89.4,7.76,7.93,declining,0,76.4,88.7,80,21.2,,83.3,Not Eligible,0,0.269
STU-7615,25CI515,Civil,1,73.2,9.52,9.03,improving,0,90.9,80.7,22,98.0,,84.9,Not Eligible,0,0.061
STU-2875,23IT275,IT,5,87.0,7.65,7.51,stable,0,73.5,80.8,106,46.2,Completed,76.0,Eligible,0,0.095
STU-7951,24CI851,Civil,3,75.6,7.64,7.61,stable,0,79.6,69.5,65,22.8,,87.8,Not Eligible,0,0.131
STU-6697,24ME497,Mechanical,4,81.6,7.27,6.94,improving,0,78.7,71.6,86,41.1,,68.4,Not Eligible,0,0.034
STU-7547,23ME447,Mechanical,6,66.0,8.3,7.78,improving,0,79.5,73.7,128,35.6,Completed,67.7,Eligible,0,0.333
STU-0126,24CS226,CSE,4,86.4,8.05,7.76,improving,0,85.4,84.0,86,62.0,,58.8,Not Eligible,0,0.119
STU-3956,22EC456,ECE,7,81.3,8.4,7.98,improving,0,92.8,70.2,147,44.1,Completed,85.7,Placed,0,0.079
STU-5164,23EC764,ECE,6,86.6,8.25,7.9,improving,0,81.0,88.5,126,70.6,,71.0,Eligible,0,0.078
STU-0649,22CS749,CSE,7,68.7,9.82,9.22,improving,0,99.0,57.5,149,78.1,Ongoing,98.0,Placed,0,0.065
STU-7361,23ME261,Mechanical,6,81.7,8.05,7.51,improving,0,73.6,81.9,128,79.9,,83.8,Eligible,0,0.094
STU-4168,25EC668,ECE,2,77.3,7.59,7.01,improving,1,81.7,73.0,36,63.6,,84.4,Not Eligible,0,0.171
STU-6328,24ME128,Mechanical,4,77.1,8.6,8.96,declining,0,86.2,72.5,84,46.3,,84.8,Not Eligible,0,0.191
STU-4720,24EC320,ECE,4,91.8,6.36,6.04,improving,0,69.0,92.0,86,50.6,Ongoing,49.1,Not Eligible,0,0.1
STU-5473,22EE173,EEE,7,73.8,7.05,7.17,stable,0,77.8,73.2,149,53.0,,62.7,In Process,0,0.109
STU-4425,25EC925,ECE,2,84.7,9.05,8.57,improving,0,90.1,87.0,40,30.2,,69.6,Not Eligible,0,0.231
STU-3593,24EC993,ECE,3,64.3,7.19,7.23,stable,0,70.0,67.8,64,75.6,,77.0,Not Eligible,0,0.267
STU-2224,24IT524,IT,4,86.6,7.14,6.89,improving,0,62.1,94.0,80,79.1,,68.9,Not Eligible,0,0.069
STU-6475,23ME275,Mechanical,6,93.1,6.36,6.28,stable,1,60.1,91.3,124,45.7,Completed,64.6,In Process,0,0.264
STU-0148,24CS248,CSE,4,65.0,6.83,6.75,stable,0,63.4,73.0,82,71.5,,61.2,Not Eligible,0,0.267
STU-6336,24ME136,Mechanical,4,74.3,7.24,6.72,improving,0,80.0,76.5,80,52.1,,61.4,Not Eligible,0,0.057
STU-6495,24ME295,Mechanical,3,74.5,8.28,7.93,improving,3,81.6,81.7,47,76.7,,84.8,Not Eligible,0,0.456
STU-6560,25ME360,Mechanical,2,78.7,7.61,7.59,stable,1,76.2,75.5,40,83.9,,75.5,Not Eligible,0,0.317
STU-7306,23ME206,Mechanical,6,87.1,6.88,6.43,improving,0,62.1,87.6,124,60.9,,55.3,Eligible,0,0.088
STU-3437,23IT837,IT,6,82.2,6.45,6.41,stable,2,62.2,81.6,116,76.0,,58.6,In Process,0,0.405
STU-1018,23CS218,CSE,5,78.0,7.66,7.86,declining,0,74.7,80.3,101,56.0,Ongoing,80.7,Eligible,0,0.098
STU-7424,25ME324,Mechanical,1,71.2,6.18,5.5,improving,1,65.5,62.5,18,50.5,,57.1,Not Eligible,0,0.249
STU-1472,23CS672,CSE,6,80.1,9.24,8.96,improving,0,92.2,84.3,122,43.1,,91.0,Eligible,0,0.124
STU-4429,25EC929,ECE,2,92.0,9.57,9.39,improving,0,99.0,84.3,42,56.1,Ongoing,94.2,Not Eligible,0,0.078
STU-6682,23ME482,Mechanical,6,72.2,6.87,7.18,declining,0,58.4,72.4,122,17.4,,60.4,Eligible,0,0.16
STU-0313,25CS413,CSE,1,83.0,7.95,8.51,declining,0,75.5,72.6,23,66.6,,69.8,Not Eligible,0,0.299
STU-3054,24IT454,IT,3,89.2,6.84,6.72,stable,0,56.6,87.3,64,81.7,,68.6,Not Eligible,0,0.1
STU-8412,25CI412,Civil,2,73.1,5.08,5.01,stable,1,56.7,71.5,40,98.0,,39.9,Not Eligible,1,0.7
STU-1990,23CS290,CSE,6,89.4,7.17,6.92,improving,0,75.4,91.9,126,73.4,Completed,65.6,Eligible,0,0.108
STU-4662,25EC262,ECE,1,88.5,8.06,8.08,stable,0,76.3,86.7,22,74.7,Ongoing,90.1,Not Eligible,0,0.129
STU-6896,25ME696,Mechanical,2,67.8,7.97,7.77,improving,0,81.5,56.0,42,73.7,,79.3,Not Eligible,0,0.134
STU-7394,24ME294,Mechanical,3,76.7,7.88,8.17,declining,0,80.1,79.3,59,57.7,,67.6,Not Eligible,0,0.089
STU-6666,24ME466,Mechanical,3,87.4,6.39,5.5,improving,0,66.0,83.7,63,78.2,Ongoing,86.8,Not Eligible,0,0.119
STU-1506,24CS706,CSE,4,82.0,8.51,7.49,improving,0,81.5,72.6,85,56.2,,71.0,Not Eligible,0,0.109
STU-7634,23CI534,Civil,6,83.1,7.7,7.97,declining,0,75.8,70.4,128,62.7,Completed,74.1,Eligible,0,0.157
STU-2310,24IT610,IT,4,75.1,7.83,8.1,declining,0,81.3,62.6,84,53.1,Ongoing,70.6,Not Eligible,0,0.088
STU-7232,25ME132,Mechanical,1,90.4,7.37,8.29,declining,0,73.7,88.1,18,58.0,,76.6,Not Eligible,0,0.357
STU-7095,25ME895,Mechanical,1,78.4,8.35,8.06,improving,0,79.6,79.4,18,75.9,,82.7,Not Eligible,0,0.052
STU-2051,24CS351,CSE,4,99.0,7.67,7.56,stable,0,81.0,79.6,86,72.7,,82.7,Not Eligible,0,0.083
STU-4961,23EC561,ECE,5,78.6,6.73,6.63,stable,1,62.1,72.5,97,40.3,,52.0,In Process,0,0.168
STU-1438,23CS638,CSE,6,82.5,8.48,9.1,declining,0,82.5,75.2,128,98.0,Ongoing,72.1,Eligible,0,0.159
STU-3683,23EC183,ECE,6,80.9,8.28,8.75,declining,0,86.4,83.5,126,41.9,,67.8,Eligible,0,0.122
STU-2040,25CS340,CSE,2,81.2,7.85,7.7,improving,0,82.4,67.8,43,28.7,,55.5,Not Eligible,0,0.055
STU-4647,22EC247,ECE,7,69.2,8.71,8.02,improving,0,99.0,62.5,147,60.4,Completed,67.8,Placed,0,0.181
STU-6819,25ME619,Mechanical,1,76.8,6.81,6.35,improving,2,64.8,77.5,18,71.2,,73.1,Not Eligible,0,0.499
STU-3005,25IT405,IT,1,82.2,8.01,7.68,improving,0,79.4,82.4,23,41.3,,98.0,Not Eligible,0,0.056
STU-5553,24EE253,EEE,3,94.3,7.27,7.19,stable,0,62.1,90.3,64,40.8,,86.3,Not Eligible,0,0.075
STU-1714,24CS914,CSE,4,83.4,8.23,8.56,declining,0,91.6,76.5,85,55.4,,93.6,Not Eligible,0,0.065
STU-3304,24IT704,IT,3,67.3,6.84,7.11,declining,2,64.3,70.7,56,67.1,,67.5,Not Eligible,1,0.718
STU-2147,23IT447,IT,5,82.4,9.41,8.82,improving,0,95.7,82.4,105,36.8,Completed,76.1,Eligible,0,0.076
STU-6741,22ME541,Mechanical,8,73.6,5.97,6.14,declining,0,58.9,72.7,170,54.4,,87.2,In Process,0,0.238
STU-5286,22EE886,EEE,8,86.7,7.83,7.38,improving,0,82.5,83.9,166,43.7,,97.1,Placed,0,0.116
STU-7042,24ME842,Mechanical,4,78.7,6.0,6.03,stable,3,57.7,78.9,73,76.2,,49.7,Not Eligible,1,0.699
STU-0546,24CS646,CSE,3,86.2,7.96,8.63,declining,0,80.5,92.6,63,32.2,,70.1,Not Eligible,0,0.331
STU-3085,24IT485,IT,3,86.8,8.31,8.3,stable,0,75.9,72.8,61,79.3,,75.0,Not Eligible,0,0.084
STU-2669,22IT969,IT,8,77.6,8.33,8.27,stable,0,73.2,83.1,169,50.6,Ongoing,80.7,Placed,0,0.126
STU-1094,24CS294,CSE,4,89.8,7.95,7.79,improving,0,86.5,77.1,82,74.6,,98.0,Not Eligible,0,0.111
STU-7735,22CI635,Civil,7,73.2,6.73,6.85,stable,0,73.6,71.5,143,29.4,,64.6,Not Eligible,0,0.213
STU-8393,22CI393,Civil,8,64.4,6.3,5.96,improving,0,70.0,55.8,166,75.9,Completed,39.5,In Process,1,0.57
STU-5680,23EE380,EEE,6,76.3,8.0,7.6,improving,0,80.2,79.4,126,74.2,Ongoing,72.3,Eligible,0,0.103
STU-4389,23EC889,ECE,5,92.1,8.23,8.08,improving,0,79.4,86.9,101,43.5,Ongoing,82.6,Eligible,0,0.047
STU-2148,23IT448,IT,5,70.8,7.81,7.76,stable,2,80.2,72.9,95,66.2,Completed,68.7,In Process,1,0.539
STU-2564,22IT864,IT,8,74.9,7.14,7.1,stable,0,72.6,79.6,169,98.0,,68.2,Placed,0,0.029
STU-0230,23CS330,CSE,5,82.0,8.36,8.53,declining,0,90.7,77.2,103,55.4,Completed,83.6,Eligible,0,0.098
STU-6990,25ME790,Mechanical,1,74.9,8.23,8.41,declining,0,77.1,72.4,22,76.7,,71.4,Not Eligible,0,0.11
STU-0032,25CS132,CSE,2,88.6,8.29,7.82,improving,0,94.0,95.9,43,66.1,,81.3,Not Eligible,0,0.106
STU-1252,24CS452,CSE,4,84.4,7.16,6.38,improving,0,73.6,81.7,80,75.7,,68.4,Not Eligible,0,0.119
STU-1144,23CS344,CSE,5,73.1,8.38,8.39,stable,0,80.8,77.3,105,45.6,,83.3,Eligible,0,0.103
STU-5966,25EE666,EEE,2,82.8,5.98,5.57,improving,0,62.2,85.9,38,25.8,,57.5,Not Eligible,0,0.24
STU-1105,22CS305,CSE,8,81.4,8.66,8.35,improving,0,78.3,79.6,170,62.4,,66.8,Placed,0,0.173
STU-5191,22EC791,ECE,7,86.6,6.93,6.67,improving,0,75.6,84.5,147,59.6,,59.4,In Process,0,0.09
STU-6857,25ME657,Mechanical,1,86.9,6.87,7.12,declining,0,69.3,85.8,19,89.5,,79.7,Not Eligible,0,0.116
STU-2457,23IT757,IT,5,82.3,8.64,8.59,stable,0,87.5,73.6,105,75.7,Ongoing,81.7,Eligible,0,0.063
STU-4749,25EC349,ECE,1,78.7,9.74,9.62,stable,0,93.1,81.3,23,69.7,,91.1,Not Eligible,0,0.125
STU-0196,24CS296,CSE,3,80.7,9.63,9.78,declining,0,96.1,76.6,64,44.7,,98.0,Not Eligible,0,0.109
STU-5391,23EE991,EEE,6,66.3,7.85,7.54,improving,0,83.1,63.7,128,41.5,Completed,67.1,Eligible,0,0.25
STU-5041,24EC641,ECE,4,74.9,8.92,8.93,stable,0,89.6,85.1,86,84.7,Ongoing,75.9,Not Eligible,0,0.053
STU-0476,22CS576,CSE,8,80.3,8.14,8.13,stable,0,75.6,79.4,164,54.3,Completed,65.6,Placed,0,0.149
STU-0804,23CS904,CSE,5,95.3,8.52,8.84,declining,0,82.2,89.1,103,68.3,Completed,87.2,Eligible,0,0.148
STU-6776,22ME576,Mechanical,8,71.7,6.32,6.45,stable,0,64.5,61.8,170,31.8,Ongoing,66.5,In Process,0,0.184
STU-6274,24EE974,EEE,3,80.6,6.89,6.98,stable,1,61.6,91.2,60,43.0,,68.4,Not Eligible,0,0.203
STU-7477,24ME377,Mechanical,4,83.8,7.53,6.64,improving,0,75.9,83.5,86,82.4,Ongoing,59.4,Not Eligible,0,0.089
STU-1547,22CS747,CSE,7,70.6,8.31,8.46,declining,0,73.0,70.6,147,50.5,Completed,82.1,Placed,0,0.325
STU-6192,22EE892,EEE,8,73.9,8.52,7.68,improving,0,78.7,70.7,164,46.1,,69.0,In Process,0,0.043
STU-5040,24EC640,ECE,4,87.5,8.63,8.56,stable,0,87.3,80.8,80,26.0,,88.3,Not Eligible,0,0.256
STU-7828,24CI728,Civil,3,87.1,7.01,7.59,declining,1,67.8,86.1,57,55.9,,47.2,Not Eligible,0,0.385
STU-3871,24EC371,ECE,4,81.1,8.25,7.58,improving,0,82.2,81.8,82,64.4,,92.7,Not Eligible,0,0.068
STU-3463,22IT863,IT,7,76.6,7.79,8.32,declining,0,83.0,65.9,147,46.2,,72.5,Placed,0,0.192
STU-6782,24ME582,Mechanical,3,83.3,7.55,7.73,declining,0,72.7,82.0,59,59.6,,77.3,Not Eligible,0,0.058
STU-7165,25ME965,Mechanical,2,76.0,7.13,6.68,improving,1,73.8,73.6,39,64.0,,68.3,Not Eligible,0,0.123
STU-5739,23EE439,EEE,6,83.3,8.21,7.85,improving,0,91.1,82.6,128,45.0,,86.9,Eligible,0,0.061
STU-1108,23CS308,CSE,6,81.5,7.58,8.08,declining,0,77.5,82.5,127,80.4,,49.4,Eligible,0,0.208
STU-7140,22ME940,Mechanical,8,85.0,7.33,7.18,improving,0,78.4,69.8,169,89.2,,80.5,Not Eligible,0,0.071
STU-0996,25CS196,CSE,1,81.3,9.41,9.07,improving,0,99.0,77.0,23,70.0,,96.3,Not Eligible,0,0.058
STU-5611,22EE311,EEE,8,87.0,6.89,6.98,stable,0,71.1,89.8,168,53.1,Completed,65.1,In Process,0,0.076
STU-6969,22ME769,Mechanical,7,98.3,6.43,6.36,stable,0,69.5,99.0,145,71.9,,65.3,In Process,0,0.098
STU-3921,24EC421,ECE,3,76.2,8.42,8.35,stable,0,94.3,70.5,61,52.3,,98.0,Not Eligible,0,0.086
STU-6528,25ME328,Mechanical,2,85.8,7.77,8.41,declining,0,70.9,80.0,43,98.0,,98.0,Not Eligible,0,0.232
STU-8195,23CI195,Civil,6,71.8,5.97,5.9,stable,2,61.0,71.7,120,83.1,,55.8,In Process,1,0.531
STU-5626,24EE326,EEE,3,78.2,7.99,7.85,stable,0,81.4,74.7,59,64.9,,60.6,Not Eligible,0,0.093
STU-1344,23CS544,CSE,6,79.2,7.99,7.68,improving,0,81.5,84.4,128,44.1,Completed,63.1,Eligible,0,0.124
STU-1280,24CS480,CSE,4,85.4,9.37,9.13,improving,0,90.4,78.9,86,88.8,,97.9,Not Eligible,0,0.067
STU-3713,25EC213,ECE,2,88.5,4.9,4.51,improving,0,45.3,81.8,38,65.4,,61.9,Not Eligible,1,0.657
STU-6676,22ME476,Mechanical,8,74.9,8.03,8.41,declining,0,75.0,72.4,164,59.9,Completed,76.4,Placed,0,0.142
STU-0934,23CS134,CSE,5,84.8,8.07,8.49,declining,0,92.8,85.9,103,45.6,Completed,85.8,Eligible,0,0.163
STU-1623,23CS823,CSE,5,79.9,8.19,8.45,declining,0,79.5,77.1,101,55.0,Completed,95.5,Eligible,0,0.158
STU-5623,23EE323,EEE,5,78.3,7.43,6.97,improving,1,70.1,71.2,99,82.8,Completed,87.8,In Process,0,0.119
STU-6692,23ME492,Mechanical,6,76.8,6.47,6.54,stable,0,60.5,82.0,128,92.9,Completed,63.6,In Process,0,0.129
STU-6409,23ME209,Mechanical,6,77.3,7.21,6.95,improving,0,71.4,69.1,128,76.4,,66.9,Eligible,0,0.125
STU-8003,25CI903,Civil,2,91.0,7.11,7.03,stable,0,72.3,89.4,43,76.7,,67.5,Not Eligible,0,0.094
STU-3654,23EC154,ECE,5,77.1,6.94,6.93,stable,0,76.2,81.7,101,47.2,,64.4,Eligible,0,0.125
STU-5789,24EE489,EEE,4,75.7,8.4,7.8,improving,0,83.6,71.5,84,71.6,,72.2,Not Eligible,0,0.063
STU-7225,22ME125,Mechanical,8,67.3,8.51,8.4,stable,0,82.6,77.3,164,48.4,,87.5,In Process,0,0.227
STU-6254,23EE954,EEE,6,82.7,8.53,8.5,stable,0,90.2,79.2,122,83.4,Completed,98.0,Eligible,0,0.055
STU-1379,24CS579,CSE,3,89.1,8.17,8.52,declining,0,79.9,88.1,59,23.4,Ongoing,67.7,Not Eligible,0,0.156
STU-4968,22EC568,ECE,7,77.7,8.08,7.48,improving,0,76.1,84.1,148,79.5,Completed,78.4,Placed,0,0.063
STU-7427,25ME327,Mechanical,1,80.6,8.04,8.11,stable,1,82.9,81.8,18,59.6,,98.0,Not Eligible,0,0.157
STU-5855,24EE555,EEE,3,78.6,8.03,7.98,stable,0,76.1,80.2,64,36.5,,78.2,Not Eligible,0,0.086
STU-3952,22EC452,ECE,8,92.2,7.94,7.88,stable,0,81.3,86.6,164,71.8,Completed,72.9,Placed,0,0.136
STU-6252,22EE952,EEE,7,76.5,7.46,6.75,improving,1,89.1,82.3,139,57.6,Completed,82.6,Placed,0,0.281
STU-7269,24ME169,Mechanical,3,85.7,8.34,8.46,stable,0,84.5,93.5,61,53.5,,74.8,Not Eligible,0,0.121
STU-7318,23ME218,Mechanical,6,74.0,7.34,7.57,declining,0,71.0,75.2,126,82.3,,91.6,Eligible,0,0.069
STU-3389,25IT789,IT,2,85.1,6.81,6.55,improving,0,73.0,88.0,38,52.1,,79.7,Not Eligible,0,0.064
STU-5380,24EE980,EEE,4,88.8,7.76,7.34,improving,0,79.2,86.5,85,84.2,,89.0,Not Eligible,0,0.122
STU-0558,25CS658,CSE,1,70.9,7.74,7.46,improving,0,79.2,75.7,18,87.6,Ongoing,70.1,Not Eligible,0,0.185
STU-2849,25IT249,IT,1,73.6,7.55,7.97,declining,0,73.9,71.2,21,53.3,,85.4,Not Eligible,0,0.165
STU-2306,23IT606,IT,6,74.7,7.77,7.67,stable,0,77.0,67.1,122,77.1,Completed,88.7,Eligible,0,0.085
STU-6959,24ME759,Mechanical,3,84.1,6.76,6.56,improving,0,73.6,81.1,61,40.1,,80.4,Not Eligible,0,0.131
STU-4209,23EC709,ECE,6,85.1,6.44,6.6,declining,0,66.4,80.8,128,63.7,,74.9,In Process,0,0.182
STU-5594,25EE294,EEE,1,94.4,8.24,8.23,stable,0,78.3,79.3,21,50.7,,68.7,Not Eligible,0,0.109
STU-7777,24CI677,Civil,4,77.5,5.95,5.09,improving,1,56.0,74.0,78,61.2,,60.2,Not Eligible,0,0.283
STU-2153,25IT453,IT,1,99.0,8.05,8.16,stable,0,84.4,90.6,18,48.5,,88.4,Not Eligible,0,0.118
STU-7555,24ME455,Mechanical,4,84.1,8.93,8.61,improving,0,97.1,84.1,84,58.8,Ongoing,77.0,Not Eligible,0,0.05
STU-8137,24CI137,Civil,3,88.1,7.62,7.82,declining,0,79.1,77.6,64,98.0,,76.9,Not Eligible,0,0.076
STU-3150,24IT550,IT,4,71.9,6.58,7.25,declining,1,67.3,78.2,76,56.9,,62.4,Not Eligible,0,0.266
STU-1295,22CS495,CSE,7,69.7,9.15,9.47,declining,0,95.1,65.7,145,63.4,Completed,75.9,Placed,0,0.255
STU-6477,25ME277,Mechanical,2,69.6,7.87,7.76,stable,1,74.8,68.1,39,75.3,Ongoing,90.1,Not Eligible,0,0.187
STU-6034,23EE734,EEE,6,68.9,7.18,7.14,stable,0,72.1,80.5,122,98.0,,92.9,Eligible,0,0.142
STU-8213,24CI213,Civil,3,84.4,8.21,8.52,declining,0,91.0,86.9,65,83.6,,86.1,Not Eligible,0,0.175
STU-5018,24EC618,ECE,4,91.3,7.39,7.45,stable,0,77.3,85.2,86,44.2,,63.8,Not Eligible,0,0.075
STU-7592,25CI492,Civil,2,76.4,6.92,7.07,declining,0,76.3,73.4,42,56.7,,78.9,Not Eligible,0,0.103
STU-3744,23EC244,ECE,5,84.6,7.14,6.31,improving,1,74.1,69.2,97,34.4,,70.6,In Process,0,0.271
STU-2786,23IT186,IT,5,79.5,8.16,8.04,stable,0,77.4,79.5,105,98.0,Completed,77.3,Eligible,0,0.061
STU-7633,22CI533,Civil,8,98.7,7.61,7.7,stable,0,73.7,91.1,170,58.8,Ongoing,78.4,Placed,0,0.087
STU-2491,22IT791,IT,7,86.8,9.95,10.0,stable,0,89.7,82.7,148,92.9,Completed,98.0,Placed,0,0.094
STU-1074,25CS274,CSE,1,80.3,7.71,7.16,improving,0,67.1,76.7,22,63.5,,77.5,Not Eligible,0,0.133
STU-1390,24CS590,CSE,4,68.6,6.38,6.09,improving,0,67.2,64.5,84,62.1,,70.9,Not Eligible,0,0.324
STU-7655,23CI555,Civil,6,78.0,7.05,6.98,stable,0,65.8,64.5,127,80.7,,56.8,Eligible,0,0.103
STU-1126,23CS326,CSE,5,87.1,7.57,7.32,improving,0,71.5,83.5,105,74.3,Completed,82.1,Eligible,0,0.081
STU-1025,22CS225,CSE,8,83.3,8.7,8.27,improving,0,90.5,82.9,166,66.4,Completed,98.0,Placed,0,0.046
STU-7801,24CI701,Civil,4,84.3,8.71,8.42,improving,0,87.2,79.5,82,62.8,,74.7,Not Eligible,0,0.037
STU-8098,23CI998,Civil,5,68.2,7.09,6.7,improving,0,72.9,71.2,101,63.2,Completed,57.2,Eligible,0,0.244
STU-3725,22EC225,ECE,8,95.8,8.53,8.62,stable,0,89.5,90.4,166,72.4,Ongoing,98.0,Placed,0,0.141
STU-3310,24IT710,IT,3,76.1,7.17,6.59,improving,0,70.0,73.9,63,43.2,,65.6,Not Eligible,0,0.073
STU-3782,24EC282,ECE,3,93.2,6.2,5.48,improving,0,66.9,82.8,65,59.3,,77.7,Not Eligible,0,0.108
STU-7939,23CI839,Civil,6,75.7,5.98,6.67,declining,0,65.7,74.8,126,62.5,,49.0,In Process,0,0.268
STU-4290,22EC790,ECE,7,73.2,7.55,7.78,declining,0,76.2,67.8,145,98.0,Completed,79.5,Placed,0,0.094
STU-6308,22EE108,EEE,7,76.8,7.24,7.52,declining,1,66.7,80.4,141,58.3,,84.5,Placed,0,0.245
STU-3601,25EC101,ECE,1,78.3,8.66,9.05,declining,0,93.5,79.8,18,44.4,Ongoing,88.7,Not Eligible,0,0.123
STU-1979,22CS279,CSE,7,87.1,8.48,8.56,stable,0,79.4,74.7,143,56.9,Ongoing,80.2,In Process,0,0.092
STU-5039,23EC639,ECE,5,89.3,5.71,6.36,declining,0,62.0,90.2,105,98.0,,52.7,In Process,0,0.408
STU-4061,22EC561,ECE,8,87.7,7.7,7.35,improving,0,80.7,94.1,168,35.3,Completed,89.8,Placed,0,0.076
STU-6346,22ME146,Mechanical,7,79.9,7.59,7.81,declining,0,75.7,75.0,147,46.5,Completed,47.6,Placed,0,0.112
STU-3415,24IT815,IT,3,85.8,9.09,9.75,declining,0,87.4,82.9,63,79.7,,83.1,Not Eligible,0,0.2
STU-7130,24ME930,Mechanical,3,82.3,7.57,7.34,improving,0,76.6,94.4,65,66.2,,89.0,Not Eligible,0,0.138
STU-6269,23EE969,EEE,5,96.5,9.14,9.38,declining,0,87.6,95.6,101,58.3,,87.6,Eligible,0,0.147
STU-2594,22IT894,IT,8,86.6,7.87,7.0,improving,0,78.6,92.2,169,47.3,,86.5,Placed,0,0.086
STU-7923,22CI823,Civil,8,83.3,7.38,7.5,stable,0,65.8,79.6,168,31.4,,81.5,Placed,0,0.112
STU-6458,25ME258,Mechanical,1,95.3,6.44,6.19,improving,0,60.9,91.6,19,64.4,,41.7,Not Eligible,0,0.148
STU-0272,22CS372,CSE,7,87.0,7.88,7.79,stable,0,78.5,82.5,145,55.7,Completed,72.4,Placed,0,0.082
STU-5484,22EE184,EEE,8,96.4,7.15,7.18,stable,0,69.5,91.2,166,86.5,,78.1,Not Eligible,0,0.156
STU-5782,25EE482,EEE,1,77.2,7.9,7.43,improving,0,76.3,70.2,18,66.7,,42.4,Not Eligible,0,0.081
STU-7844,25CI744,Civil,1,70.7,7.44,7.22,improving,0,67.1,63.4,22,21.5,,74.0,Not Eligible,0,0.148
STU-7822,25CI722,Civil,2,82.2,7.84,7.43,improving,0,75.9,90.7,40,96.1,Ongoing,82.1,Not Eligible,0,0.08
STU-6275,23EE975,EEE,5,79.7,7.0,6.4,improving,0,60.0,81.3,107,50.9,Ongoing,62.7,Eligible,0,0.09
STU-2395,25IT695,IT,2,86.0,8.17,7.98,improving,0,73.6,83.3,38,67.3,,82.6,Not Eligible,0,0.117
STU-8357,22CI357,Civil,8,86.9,7.71,8.25,declining,0,77.6,79.4,166,63.2,Completed,59.1,Placed,0,0.209
STU-1641,23CS841,CSE,5,84.1,9.54,10.0,declining,0,95.8,76.3,101,59.6,Ongoing,98.0,Eligible,0,0.202
STU-0389,23CS489,CSE,6,80.7,7.42,7.55,stable,0,71.0,84.3,124,57.8,,68.4,Eligible,0,0.213
STU-7942,23CI842,Civil,5,69.0,7.21,7.05,improving,0,66.1,71.1,106,64.4,,85.1,Eligible,0,0.079
STU-3689,24EC189,ECE,3,99.0,6.55,6.62,stable,0,64.8,90.2,59,39.9,,52.1,Not Eligible,0,0.177
STU-2994,25IT394,IT,2,85.5,6.95,6.77,improving,0,66.7,81.9,44,79.8,Ongoing,60.4,Not Eligible,0,0.091
STU-3419,22IT819,IT,8,97.8,7.51,7.73,declining,0,68.4,99.1,169,63.0,,77.3,Placed,0,0.096
STU-0881,25CS981,CSE,2,90.3,8.95,9.6,declining,0,83.8,91.7,38,78.5,,84.5,Not Eligible,0,0.185
STU-1455,25CS655,CSE,1,76.7,7.13,6.64,improving,0,71.0,74.7,22,95.5,,62.2,Not Eligible,0,0.107
STU-6919,22ME719,Mechanical,7,76.6,6.22,6.58,declining,0,58.8,76.6,147,62.9,,63.1,In Process,0,0.169
STU-8260,25CI260,Civil,2,67.8,6.6,6.87,declining,0,63.7,77.3,43,80.2,,60.3,Not Eligible,0,0.265
STU-2500,25IT800,IT,1,64.5,7.83,7.1,improving,4,79.7,69.8,18,73.1,,67.4,Not Eligible,1,0.952
STU-7854,22CI754,Civil,7,75.9,6.41,6.51,stable,0,62.9,71.7,147,42.6,,56.5,Placed,0,0.207
STU-7835,22CI735,Civil,8,82.2,7.5,7.29,improving,0,76.0,90.8,166,73.7,,71.4,Placed,0,0.112
STU-5900,24EE600,EEE,3,74.3,8.32,8.71,declining,0,84.1,74.7,59,98.0,,85.5,Not Eligible,0,0.149
STU-4907,23EC507,ECE,5,88.1,8.74,8.34,improving,0,75.6,97.6,103,5.0,,98.0,Eligible,0,0.068
STU-3840,23EC340,ECE,6,85.2,8.4,8.01,improving,0,82.5,76.6,126,49.6,,84.5,Eligible,0,0.065
STU-7528,22ME428,Mechanical,8,71.2,7.11,6.77,improving,0,71.1,71.1,169,68.7,Completed,76.1,In Process,0,0.117
STU-3291,25IT691,IT,2,92.9,7.47,7.7,declining,0,69.1,86.3,44,83.2,,73.3,Not Eligible,0,0.135
STU-2146,22IT446,IT,7,75.2,7.06,7.32,declining,0,63.6,82.2,143,98.0,,81.8,Placed,0,0.2
STU-2583,25IT883,IT,1,75.3,8.31,8.52,declining,0,84.0,83.7,19,67.7,,71.2,Not Eligible,0,0.086
STU-6054,22EE754,EEE,7,77.5,7.15,7.62,declining,0,74.2,76.5,148,83.8,,72.8,In Process,0,0.371
STU-7706,22CI606,Civil,7,82.3,8.03,7.75,improving,0,75.9,82.5,143,37.7,,98.0,Placed,0,0.075
STU-6457,25ME257,Mechanical,2,88.0,7.68,8.33,declining,0,77.2,78.2,38,77.3,,74.4,Not Eligible,0,0.296
STU-0269,24CS369,CSE,3,76.5,9.88,10.0,stable,0,99.0,72.1,64,67.4,,98.0,Not Eligible,0,0.184
STU-1992,25CS292,CSE,2,99.0,8.3,8.21,stable,0,89.7,91.8,44,72.3,,98.0,Not Eligible,0,0.145
STU-4579,25EC179,ECE,1,75.7,8.86,9.82,declining,0,84.5,79.1,23,63.6,,70.5,Not Eligible,0,0.35
STU-6094,23EE794,EEE,6,87.9,7.32,6.48,improving,0,64.1,82.2,128,66.9,,67.1,Eligible,0,0.089
STU-0459,25CS559,CSE,1,86.5,8.75,9.03,declining,0,81.0,89.6,22,67.4,,57.7,Not Eligible,0,0.24
STU-7101,24ME901,Mechanical,4,91.6,6.3,5.81,improving,0,65.9,91.8,85,40.4,,82.1,Not Eligible,0,0.124
STU-0577,25CS677,CSE,2,75.6,6.45,6.67,declining,0,58.7,75.8,42,48.9,,64.8,Not Eligible,0,0.1
STU-2621,24IT921,IT,3,77.6,8.47,8.75,declining,0,79.7,84.3,59,69.2,,88.0,Not Eligible,0,0.167
STU-4704,25EC304,ECE,1,86.1,7.66,7.68,stable,0,70.2,85.0,22,76.9,,73.7,Not Eligible,0,0.111
STU-0092,23CS192,CSE,6,83.3,8.55,9.03,declining,0,84.3,81.2,124,56.9,Ongoing,82.3,Eligible,0,0.154
STU-6492,24ME292,Mechanical,3,95.5,8.42,8.76,declining,0,90.2,85.2,64,74.8,,79.7,Not Eligible,0,0.16
STU-7671,23CI571,Civil,5,73.4,7.33,7.09,improving,0,69.8,74.6,101,70.1,,70.8,Eligible,0,0.073
STU-4659,23EC259,ECE,5,82.9,8.1,8.04,stable,0,79.8,72.7,105,53.6,Ongoing,79.9,Eligible,0,0.08
STU-0244,24CS344,CSE,3,79.0,7.87,7.52,improving,0,76.8,87.5,61,64.9,,64.2,Not Eligible,0,0.127
STU-0740,24CS840,CSE,3,79.4,6.89,6.58,improving,0,71.4,75.0,61,98.0,,61.9,Not Eligible,0,0.051
STU-4265,25EC765,ECE,1,73.1,7.12,6.87,improving,0,72.7,69.8,19,84.9,,72.6,Not Eligible,0,0.242
STU-8039,24CI939,Civil,3,71.3,6.91,6.89,stable,0,75.9,63.4,64,65.3,,72.6,Not Eligible,0,0.105
STU-0221,23CS321,CSE,6,80.7,7.64,7.66,stable,0,76.8,80.2,126,39.5,Completed,92.8,Eligible,0,0.051
STU-7421,24ME321,Mechanical,3,81.3,6.25,6.53,declining,1,60.4,81.1,61,92.4,,43.6,Not Eligible,0,0.258
STU-1012,22CS212,CSE,8,89.9,7.07,6.72,improving,0,69.4,97.1,169,76.3,,57.1,Placed,0,0.183
STU-4678,25EC278,ECE,2,90.9,6.68,6.31,improving,0,62.6,96.3,42,40.5,Ongoing,57.1,Not Eligible,0,0.067
STU-5409,23EE109,EEE,5,80.5,6.55,6.21,improving,0,64.9,85.1,107,62.6,,46.1,Eligible,0,0.13
STU-3674,24EC174,ECE,3,81.2,8.16,8.58,declining,0,87.5,69.1,59,66.5,,76.5,Not Eligible,0,0.253
STU-2807,23IT207,IT,6,98.6,8.51,8.2,improving,0,85.7,100.0,126,66.3,Completed,75.5,Eligible,0,0.076
STU-4551,22EC151,ECE,8,76.9,7.6,8.16,declining,1,73.4,83.7,160,61.5,,57.4,In Process,0,0.465
STU-0124,25CS224,CSE,1,84.1,7.53,7.28,improving,0,70.7,86.7,22,47.3,,67.8,Not Eligible,0,0.066
STU-0614,25CS714,CSE,1,91.8,8.05,7.81,improving,0,85.5,74.6,21,37.6,,98.0,Not Eligible,0,0.092
STU-2258,23IT558,IT,5,83.2,7.01,6.48,improving,0,68.8,84.9,105,85.1,Completed,72.5,Eligible,0,0.131
STU-0243,22CS343,CSE,8,84.4,8.6,8.0,improving,0,87.3,99.2,169,73.7,Ongoing,74.7,Placed,0,0.062
STU-6796,25ME596,Mechanical,2,72.9,7.39,7.62,declining,0,63.9,74.8,44,98.0,,73.2,Not Eligible,0,0.133
STU-1333,25CS533,CSE,2,85.8,7.16,7.06,stable,0,69.7,86.9,44,55.4,,69.2,Not Eligible,0,0.087
STU-1462,23CS662,CSE,6,78.5,7.48,7.39,stable,0,69.5,70.1,128,52.3,,72.7,Eligible,0,0.084
STU-7396,22ME296,Mechanical,8,69.9,6.25,6.43,declining,0,68.2,69.7,169,6.9,,51.0,In Process,0,0.252
STU-6715,23ME515,Mechanical,5,88.6,8.22,8.44,declining,0,82.8,90.4,107,34.7,,80.6,Eligible,0,0.176
STU-1473,22CS673,CSE,7,73.6,8.18,8.8,declining,0,70.5,65.3,143,56.3,Completed,61.8,Placed,0,0.284
STU-7864,25CI764,Civil,2,72.5,6.73,6.94,declining,0,71.7,71.1,43,94.4,Ongoing,60.0,Not Eligible,0,0.131
STU-1102,22CS302,CSE,8,75.4,7.48,7.76,declining,0,71.3,83.1,164,41.1,,82.8,Placed,0,0.16
STU-5828,22EE528,EEE,7,73.9,6.58,6.53,stable,0,65.8,69.9,145,53.9,Completed,47.4,In Process,0,0.105
STU-0794,23CS894,CSE,5,75.7,7.53,6.87,improving,0,81.9,76.4,103,67.9,Completed,58.0,Eligible,0,0.086
STU-7456,25ME356,Mechanical,2,95.2,7.75,7.16,improving,0,82.3,91.9,43,30.0,,71.3,Not Eligible,0,0.18
STU-6597,24ME397,Mechanical,4,83.6,7.36,7.24,stable,2,75.9,87.9,78,56.4,,74.4,Not Eligible,0,0.212
STU-0158,22CS258,CSE,7,89.3,8.88,9.15,declining,0,91.3,77.7,149,24.3,Completed,92.9,Placed,0,0.343
STU-2674,23IT974,IT,6,87.4,5.69,5.85,declining,0,67.9,79.7,127,32.1,,42.3,In Process,0,0.373
STU-5291,24EE891,EEE,3,83.7,7.91,8.02,stable,0,81.6,86.7,65,31.0,,96.1,Not Eligible,0,0.123
STU-0696,23CS796,CSE,5,76.7,8.64,8.44,improving,0,81.9,66.3,105,35.4,Completed,82.7,Eligible,0,0.074
STU-0631,23CS731,CSE,6,87.5,8.79,8.23,improving,0,91.6,87.6,124,36.4,,86.8,Eligible,0,0.094
STU-2095,24CS395,CSE,3,82.7,7.62,7.73,stable,0,83.0,75.1,59,48.5,Ongoing,75.6,Not Eligible,0,0.101
STU-8329,24CI329,Civil,3,85.9,6.47,6.5,stable,0,58.9,94.1,63,60.1,,86.1,Not Eligible,0,0.1
STU-6610,25ME410,Mechanical,2,76.2,6.92,7.07,declining,0,77.8,73.7,43,44.7,,50.7,Not Eligible,0,0.102
STU-2643,24IT943,IT,4,85.1,8.15,8.51,declining,0,92.7,79.2,85,25.7,,73.8,Not Eligible,0,0.257
STU-6553,25ME353,Mechanical,1,71.9,7.48,7.06,improving,0,80.9,77.4,22,38.7,,91.7,Not Eligible,0,0.118
STU-4533,22EC133,ECE,7,82.7,7.38,7.69,declining,0,66.5,74.0,147,68.6,,64.8,Not Eligible,0,0.184
STU-4970,22EC570,ECE,7,70.4,7.68,7.85,declining,0,71.8,61.6,149,55.2,,65.0,Placed,0,0.08
STU-1363,23CS563,CSE,5,83.1,7.74,7.95,declining,0,79.5,76.3,101,69.7,,64.7,Eligible,0,0.143
STU-3809,23EC309,ECE,6,76.3,6.89,6.86,stable,1,62.1,74.7,120,74.1,Completed,68.8,In Process,0,0.126
STU-1616,23CS816,CSE,6,80.3,7.38,6.67,improving,0,72.1,83.5,126,38.5,Ongoing,93.0,Eligible,0,0.075
STU-3873,22EC373,ECE,7,69.6,8.46,7.61,improving,0,82.7,71.5,145,49.5,Completed,77.3,Placed,0,0.139
STU-5477,22EE177,EEE,7,84.4,7.5,7.22,improving,0,77.7,73.3,147,84.0,Completed,90.7,Placed,0,0.065
STU-2427,24IT727,IT,4,79.1,8.54,8.27,improving,0,87.1,82.2,85,60.0,,98.0,Not Eligible,0,0.102
STU-7190,24ME990,Mechanical,4,84.9,6.91,6.91,stable,0,75.5,85.3,85,66.4,,63.7,Not Eligible,0,0.094
STU-4842,24EC442,ECE,3,88.2,8.19,8.22,stable,0,89.9,86.7,59,66.6,,81.5,Not Eligible,0,0.098
STU-4210,22EC710,ECE,8,64.1,8.16,8.15,stable,2,84.2,62.6,156,51.0,Completed,74.6,Not Eligible,1,0.744
STU-3963,25EC463,ECE,1,72.1,6.25,5.76,improving,0,63.2,75.1,18,23.3,Ongoing,61.0,Not Eligible,0,0.203
STU-5031,25EC631,ECE,2,95.4,8.53,8.29,improving,0,82.9,100.0,44,84.9,,88.0,Not Eligible,0,0.065
STU-0348,25CS448,CSE,1,87.2,7.86,7.46,improving,0,81.4,82.0,21,59.4,,78.1,Not Eligible,0,0.122
STU-5873,22EE573,EEE,7,82.1,9.95,9.86,stable,0,99.0,72.7,143,79.8,,98.0,Placed,0,0.049
STU-6157,25EE857,EEE,2,74.3,7.2,7.29,stable,1,69.7,78.0,34,43.0,Ongoing,81.0,Not Eligible,0,0.173
STU-8277,24CI277,Civil,4,78.9,7.12,7.21,stable,0,70.7,73.2,80,81.6,,70.7,Not Eligible,0,0.108
STU-5889,24EE589,EEE,4,83.9,5.29,5.36,stable,0,41.6,78.9,84,88.9,,58.9,Not Eligible,1,0.616
STU-0890,25CS990,CSE,2,90.1,8.49,8.66,declining,0,79.6,90.2,43,73.1,,72.6,Not Eligible,0,0.065
STU-5540,24EE240,EEE,4,62.5,8.23,7.96,improving,0,81.0,58.7,86,64.7,,91.8,Not Eligible,0,0.354
STU-6160,24EE860,EEE,3,77.9,7.1,6.85,improving,0,64.4,69.8,61,98.0,,89.9,Not Eligible,0,0.094
STU-2832,25IT232,IT,2,73.1,6.48,6.05,improving,1,65.2,70.8,36,64.6,,58.2,Not Eligible,0,0.222
STU-4135,24EC635,ECE,4,90.5,7.5,7.61,stable,0,74.1,84.5,86,67.1,,77.5,Not Eligible,0,0.093
STU-7362,22ME262,Mechanical,8,86.3,8.23,8.39,declining,0,79.3,93.5,169,98.0,Completed,90.5,Placed,0,0.156
STU-4694,25EC294,ECE,2,88.2,7.76,7.18,improving,0,75.9,75.5,38,98.0,,57.0,Not Eligible,0,0.087
STU-8132,22CI132,Civil,7,74.8,7.61,7.36,improving,0,82.6,72.2,148,60.0,,79.9,Placed,0,0.065
STU-2133,23CS433,CSE,5,94.3,8.27,8.22,stable,0,84.3,91.4,106,65.2,,88.2,Eligible,0,0.071
STU-1762,22CS962,CSE,7,93.2,8.3,8.75,declining,0,83.1,91.3,149,74.0,Completed,76.3,Placed,0,0.196
STU-4580,23EC180,ECE,6,71.8,8.35,8.13,improving,0,87.4,72.4,122,86.9,,80.8,Eligible,0,0.074
STU-3292,23IT692,IT,5,90.9,8.48,8.24,improving,0,85.3,81.1,107,61.7,Completed,74.6,Eligible,0,0.114
STU-3849,24EC349,ECE,3,67.1,8.56,9.16,declining,0,81.4,63.9,61,66.0,,62.6,Not Eligible,0,0.222
STU-7799,23CI699,Civil,5,70.9,7.18,6.84,improving,1,66.9,70.7,102,33.9,Completed,78.6,In Process,0,0.315
STU-6482,25ME282,Mechanical,1,72.4,8.74,8.53,improving,0,88.1,70.8,19,58.8,,71.5,Not Eligible,0,0.15
STU-3491,25IT891,IT,2,72.5,8.6,8.04,improving,0,88.8,71.9,42,60.9,,59.3,Not Eligible,0,0.057
STU-4259,25EC759,ECE,2,91.9,8.54,8.74,declining,0,79.3,83.7,42,36.0,,61.2,Not Eligible,0,0.11
STU-0863,23CS963,CSE,5,86.6,7.92,7.98,stable,0,83.4,71.0,101,78.3,Completed,83.4,Eligible,0,0.116
STU-5011,22EC611,ECE,8,90.3,7.61,7.97,declining,0,77.4,89.1,169,74.1,,51.6,Placed,0,0.237
STU-1300,23CS500,CSE,6,81.8,9.61,9.12,improving,0,99.0,73.3,124,79.9,Ongoing,85.8,Eligible,0,0.147
STU-5054,22EC654,ECE,8,76.3,6.94,7.49,declining,0,63.7,76.7,169,93.8,,81.4,Placed,0,0.197
STU-6551,25ME351,Mechanical,1,83.6,7.49,7.32,improving,0,71.9,78.6,18,65.0,,73.6,Not Eligible,0,0.101
STU-8164,25CI164,Civil,1,90.6,8.14,8.25,stable,0,78.1,84.8,18,98.0,,77.0,Not Eligible,0,0.04
STU-2550,23IT850,IT,6,90.0,7.16,6.77,improving,0,70.8,81.4,127,40.8,Completed,79.6,Eligible,0,0.101
STU-3211,25IT611,IT,2,86.8,7.27,6.84,improving,0,81.0,83.4,42,74.4,,80.1,Not Eligible,0,0.065
STU-1409,23CS609,CSE,5,99.0,6.83,6.95,stable,0,72.3,100.0,101,65.7,Completed,66.0,Eligible,0,0.112
STU-5371,22EE971,EEE,7,82.8,8.58,8.49,stable,0,82.4,86.2,147,68.2,,98.0,In Process,0,0.087
STU-4679,22EC279,ECE,7,84.1,6.94,6.87,stable,0,70.7,81.3,149,27.1,,54.3,In Process,0,0.131
STU-0551,23CS651,CSE,5,84.2,9.38,9.42,stable,0,90.9,82.1,101,51.7,Completed,98.0,Eligible,0,0.088
STU-5824,25EE524,EEE,2,72.4,8.08,8.32,declining,0,77.1,60.4,40,71.8,,94.1,Not Eligible,0,0.106
STU-4930,23EC530,ECE,6,66.7,7.97,8.31,declining,2,65.9,64.8,116,51.4,Completed,59.3,In Process,1,0.705
STU-7264,22ME164,Mechanical,7,86.4,7.83,7.66,improving,0,85.4,82.3,149,57.9,Ongoing,90.5,Placed,0,0.078
STU-5649,25EE349,EEE,2,89.0,8.02,8.22,declining,0,67.8,70.2,38,72.1,,69.8,Not Eligible,0,0.072
STU-4683,24EC283,ECE,3,87.7,6.75,7.25,declining,0,60.4,100.0,59,57.8,,83.3,Not Eligible,0,0.193
STU-6688,22ME488,Mechanical,8,72.7,6.01,5.71,improving,0,65.8,74.4,170,54.5,,68.5,Not Eligible,0,0.184
STU-1147,22CS347,CSE,7,85.3,8.42,8.65,declining,0,91.1,73.2,143,68.5,Completed,79.7,Placed,0,0.176
STU-0427,24CS527,CSE,4,84.6,6.89,7.03,stable,0,71.2,91.5,82,61.5,,45.8,Not Eligible,0,0.111
STU-2587,22IT887,IT,7,92.6,8.6,8.25,improving,0,77.0,96.9,145,90.9,Ongoing,71.3,Placed,0,0.098
STU-1501,24CS701,CSE,4,85.3,7.07,7.3,declining,0,71.0,81.0,82,54.9,,74.9,Not Eligible,0,0.105
STU-2795,23IT195,IT,6,84.4,7.55,7.18,improving,0,81.4,83.9,126,64.3,Completed,72.0,Eligible,0,0.074
STU-0636,24CS736,CSE,4,66.3,8.95,9.37,declining,0,79.3,66.0,82,66.2,,73.8,Not Eligible,0,0.442
STU-0964,24CS164,CSE,3,90.5,9.36,9.83,declining,0,93.9,88.7,61,82.9,,80.2,Not Eligible,0,0.156
STU-4555,22EC155,ECE,7,84.5,7.97,7.72,improving,0,84.2,82.0,147,77.8,Completed,80.4,Placed,0,0.07
STU-4028,24EC528,ECE,4,86.3,6.79,6.21,improving,2,73.2,89.1,77,52.4,,58.7,Not Eligible,0,0.412
STU-6170,25EE870,EEE,2,76.0,8.55,8.69,stable,0,82.3,69.0,43,80.0,,84.0,Not Eligible,0,0.104
STU-6079,22EE779,EEE,8,74.2,6.65,6.69,stable,0,70.3,72.2,169,38.4,,53.1,In Process,0,0.113
STU-4771,22EC371,ECE,7,68.1,7.62,7.96,declining,0,80.3,78.3,147,41.3,,88.3,Placed,0,0.213
STU-1840,25CS140,CSE,2,90.4,9.76,9.51,improving,0,89.4,91.2,42,63.6,,88.3,Not Eligible,0,0.086
STU-6184,23EE884,EEE,6,83.1,9.47,10.0,declining,0,92.2,78.8,128,54.9,Completed,91.3,Eligible,0,0.107
STU-0768,22CS868,CSE,7,86.4,8.08,8.53,declining,0,78.1,84.4,147,37.1,Ongoing,47.8,Placed,0,0.241
STU-1038,23CS238,CSE,6,89.7,8.01,7.56,improving,0,73.7,78.1,122,71.0,Ongoing,63.2,Eligible,0,0.054
STU-2577,22IT877,IT,8,95.4,7.13,6.98,improving,0,68.3,86.9,164,38.7,,68.2,In Process,0,0.085
STU-7904,22CI804,Civil,8,99.0,9.77,9.93,declining,0,99.0,90.3,168,63.7,,94.3,Placed,0,0.087
STU-1381,25CS581,CSE,2,73.9,7.83,8.11,declining,0,74.2,80.3,40,51.0,,52.1,Not Eligible,0,0.221
STU-4177,24EC677,ECE,4,91.4,6.1,6.34,declining,0,56.4,82.7,86,67.3,,50.0,Not Eligible,0,0.226
STU-5302,22EE902,EEE,8,79.5,7.01,6.54,improving,0,67.0,78.0,170,69.8,,69.2,Placed,0,0.147
STU-0380,24CS480,CSE,3,88.6,9.95,9.66,improving,0,97.8,80.9,61,43.1,,79.6,Not Eligible,0,0.104
STU-4101,23EC601,ECE,6,93.0,7.75,7.45,improving,0,68.1,90.7,127,68.2,Completed,85.7,Eligible,0,0.089
STU-2415,22IT715,IT,8,88.6,8.16,8.5,declining,0,89.2,81.5,170,73.7,Completed,78.4,Placed,0,0.108
STU-7680,24CI580,Civil,3,77.9,7.13,7.04,stable,0,69.8,76.4,63,46.9,,60.2,Not Eligible,0,0.054
STU-7857,22CI757,Civil,8,76.8,6.33,5.97,improving,0,48.9,80.8,169,57.2,Completed,57.6,In Process,0,0.111
STU-7504,25ME404,Mechanical,1,69.1,7.65,7.57,stable,4,68.9,68.7,18,84.7,,69.8,Not Eligible,1,0.827
STU-6035,24EE735,EEE,4,76.6,7.01,6.95,stable,0,68.2,82.7,85,80.6,,61.5,Not Eligible,0,0.068
STU-4043,23EC543,ECE,6,73.0,9.35,9.48,stable,0,96.5,75.5,128,60.7,Completed,69.7,Eligible,0,0.143
STU-0697,24CS797,CSE,3,79.8,8.7,8.8,stable,0,93.5,69.4,65,60.9,,97.2,Not Eligible,0,0.095
STU-7974,23CI874,Civil,6,88.7,6.58,6.78,declining,0,66.0,78.7,127,81.7,Completed,81.5,Eligible,0,0.131
STU-6320,22EE120,EEE,8,60.4,6.61,6.47,stable,0,65.1,73.9,166,59.7,Completed,62.4,In Process,1,0.5
STU-6506,22ME306,Mechanical,7,68.0,6.3,6.38,stable,0,60.8,64.1,143,48.6,,45.7,In Process,0,0.293
STU-2341,25IT641,IT,2,76.7,8.52,8.79,declining,0,87.0,78.8,40,96.1,,88.6,Not Eligible,0,0.143
STU-3438,25IT838,IT,2,74.0,8.15,8.49,declining,0,72.9,70.7,44,43.0,,63.2,Not Eligible,0,0.159
STU-3979,22EC479,ECE,8,75.2,7.44,7.5,stable,0,66.0,76.3,164,76.8,Ongoing,70.7,In Process,0,0.092
STU-0214,25CS314,CSE,2,89.8,7.77,7.64,stable,0,77.8,88.2,42,66.4,,77.1,Not Eligible,0,0.195
STU-6464,23ME264,Mechanical,6,86.9,7.52,7.27,improving,0,74.9,87.3,128,49.7,Completed,65.7,Eligible,0,0.098
STU-2228,25IT528,IT,2,92.8,7.92,7.72,improving,0,84.9,98.1,38,64.2,,55.4,Not Eligible,0,0.061
STU-1799,25CS999,CSE,1,93.8,5.63,5.55,stable,0,53.8,80.7,19,75.9,,69.1,Not Eligible,0,0.225
STU-0040,24CS140,CSE,4,81.3,9.77,9.95,declining,0,99.0,80.5,82,61.9,,77.7,Not Eligible,0,0.201
STU-8118,22CI118,Civil,8,88.1,8.2,8.05,improving,0,83.2,83.5,166,98.0,Completed,74.8,Placed,0,0.065
STU-2446,22IT746,IT,8,84.3,7.95,8.1,declining,0,77.4,80.1,170,35.3,,71.9,Placed,0,0.102
STU-5376,25EE976,EEE,1,81.9,7.13,7.22,stable,0,77.0,86.1,21,54.6,,63.7,Not Eligible,0,0.206
STU-7792,25CI692,Civil,2,73.8,7.83,8.25,declining,0,74.4,84.1,38,89.6,,80.2,Not Eligible,0,0.225
STU-1256,24CS456,CSE,4,87.5,8.42,8.37,stable,0,82.2,89.0,85,51.6,,98.0,Not Eligible,0,0.14
STU-5449,23EE149,EEE,5,76.0,7.39,7.54,declining,0,69.5,67.5,106,86.1,Completed,77.2,Eligible,0,0.107
STU-4434,22EC934,ECE,7,79.9,8.27,7.99,improving,0,84.0,71.1,147,51.8,Ongoing,67.4,Placed,0,0.09
STU-1045,22CS245,CSE,8,78.0,8.45,8.87,declining,0,88.2,73.5,169,46.6,Ongoing,98.0,Placed,0,0.126
STU-3943,25EC443,ECE,2,89.2,8.25,8.39,stable,0,89.3,90.7,43,58.4,,73.8,Not Eligible,0,0.058
STU-4836,22EC436,ECE,8,90.0,6.9,6.35,improving,0,69.4,87.8,169,49.2,Completed,78.1,In Process,0,0.08
STU-3994,24EC494,ECE,3,80.6,7.85,7.69,improving,0,76.6,81.7,59,57.3,Ongoing,58.9,Not Eligible,0,0.103
STU-4478,24EC978,ECE,3,98.3,7.02,6.36,improving,0,76.9,100.0,61,22.4,,72.5,Not Eligible,0,0.107
STU-4509,22EC109,ECE,7,84.0,8.73,8.64,stable,0,84.9,78.1,147,56.6,Completed,78.4,In Process,0,0.051
STU-6503,23ME303,Mechanical,5,79.4,6.08,5.9,improving,0,49.7,74.5,101,62.5,Ongoing,84.6,In Process,0,0.198
STU-7218,22ME118,Mechanical,8,73.1,7.53,7.15,improving,0,73.9,79.6,169,36.1,Completed,95.2,Placed,0,0.074
STU-3384,22IT784,IT,8,90.4,8.08,8.01,stable,0,76.1,89.5,166,98.0,Completed,91.1,Placed,0,0.091
STU-0802,25CS902,CSE,2,95.2,8.32,8.17,improving,0,86.1,87.5,44,75.5,Ongoing,95.4,Not Eligible,0,0.064
STU-5131,22EC731,ECE,7,72.5,7.03,7.33,declining,0,78.2,61.0,143,34.2,,44.2,In Process,0,0.161
STU-2555,24IT855,IT,3,82.1,7.91,7.49,improving,0,76.2,83.7,59,40.4,,76.0,Not Eligible,0,0.196
STU-4577,25EC177,ECE,2,59.9,8.27,8.26,stable,0,90.1,59.0,44,41.5,,86.4,Not Eligible,1,0.564
STU-1590,23CS790,CSE,6,84.8,8.78,9.01,declining,0,88.3,81.4,124,46.0,Ongoing,83.2,Eligible,0,0.127
STU-3917,25EC417,ECE,1,65.2,6.36,6.21,improving,0,65.9,68.8,18,36.6,,76.1,Not Eligible,0,0.33
STU-6960,24ME760,Mechanical,3,83.0,7.05,6.22,improving,0,70.2,81.4,64,56.7,Ongoing,69.7,Not Eligible,0,0.043
STU-0095,22CS195,CSE,7,90.3,5.82,6.35,declining,4,59.4,86.8,133,63.3,Ongoing,54.7,Placed,1,0.964
STU-0882,23CS982,CSE,6,93.7,8.9,9.38,declining,0,94.7,81.6,126,49.1,Completed,93.1,Eligible,0,0.197
STU-0345,24CS445,CSE,4,89.7,7.55,7.47,stable,0,82.4,82.7,86,73.0,,89.0,Not Eligible,0,0.139
STU-8305,22CI305,Civil,8,86.0,8.01,8.23,declining,0,74.9,87.7,164,51.1,,91.8,Not Eligible,0,0.127
STU-2897,22IT297,IT,8,72.0,8.64,8.01,improving,0,86.8,76.3,168,47.9,,97.1,Placed,0,0.152
STU-6147,23EE847,EEE,5,78.4,6.7,6.98,declining,0,73.9,80.3,103,48.5,Completed,97.0,Eligible,0,0.139
STU-2241,23IT541,IT,6,73.4,7.03,6.93,stable,0,70.1,70.0,122,69.4,Completed,72.3,Eligible,0,0.107
STU-7026,24ME826,Mechanical,4,73.9,7.3,7.22,stable,0,71.9,78.5,82,83.5,,85.2,Not Eligible,0,0.097
STU-8171,22CI171,Civil,7,85.2,6.82,7.41,declining,0,65.8,87.6,149,81.6,,95.1,In Process,0,0.13
STU-4540,22EC140,ECE,8,90.9,7.77,8.16,declining,0,74.9,97.5,168,45.6,Completed,73.8,Placed,0,0.135
STU-1082,25CS282,CSE,1,88.1,8.41,8.67,declining,0,86.0,87.2,21,56.6,,68.5,Not Eligible,0,0.141
STU-1279,25CS479,CSE,2,86.2,8.86,8.82,stable,0,84.3,91.0,44,41.6,,92.6,Not Eligible,0,0.123
STU-5862,24EE562,EEE,3,78.9,7.17,6.92,improving,0,70.1,70.7,63,56.4,,65.6,Not Eligible,0,0.104
STU-5670,23EE370,EEE,6,74.9,7.28,6.91,improving,0,69.7,56.7,122,39.0,Completed,88.3,Eligible,0,0.095
STU-4340,25EC840,ECE,1,91.4,7.14,7.0,stable,0,71.6,76.4,19,45.5,,64.1,Not Eligible,0,0.102
STU-8190,24CI190,Civil,4,74.1,6.76,6.91,declining,0,63.9,87.2,85,48.7,,77.6,Not Eligible,0,0.081
STU-3995,24EC495,ECE,4,69.9,7.76,7.6,improving,1,86.4,74.1,78,98.0,,74.8,Not Eligible,0,0.419
STU-4562,22EC162,ECE,7,84.7,6.94,7.26,declining,0,73.3,79.0,148,68.4,,68.4,In Process,0,0.12
STU-5238,25EE838,EEE,2,80.1,6.9,7.05,declining,2,68.4,75.5,34,57.5,,59.8,Not Eligible,0,0.429
STU-5702,24EE402,EEE,3,83.2,6.36,6.04,improving,0,66.4,75.6,65,47.5,,56.4,Not Eligible,0,0.141
STU-6024,25EE724,EEE,1,73.2,7.05,6.58,improving,0,70.7,79.3,22,59.0,,69.0,Not Eligible,0,0.097
STU-5067,24EC667,ECE,4,74.8,7.15,7.07,stable,0,70.9,75.7,84,59.2,,87.7,Not Eligible,0,0.063
STU-4725,22EC325,ECE,8,74.9,8.3,7.71,improving,0,82.3,82.5,166,69.0,Ongoing,74.2,Placed,0,0.061
STU-1630,24CS830,CSE,4,90.0,9.4,9.96,declining,0,92.6,78.4,85,98.0,Ongoing,84.3,Not Eligible,0,0.273
STU-6757,25ME557,Mechanical,1,87.9,7.4,7.32,stable,0,67.7,91.0,21,57.7,,88.2,Not Eligible,0,0.083
STU-1272,22CS472,CSE,7,97.8,8.3,7.74,improving,0,87.7,92.0,149,40.7,Completed,72.0,Placed,0,0.109
STU-6281,23EE981,EEE,5,65.9,8.46,8.53,stable,0,84.3,67.9,105,42.8,,80.5,Eligible,0,0.122
STU-6587,22ME387,Mechanical,8,84.9,6.19,5.38,improving,0,60.7,76.0,168,78.6,Ongoing,44.2,In Process,0,0.166
STU-7787,25CI687,Civil,2,58.7,7.67,7.45,improving,0,79.5,55.0,38,41.6,,75.7,Not Eligible,0,0.469
STU-2804,25IT204,IT,2,98.5,6.9,7.22,declining,0,64.0,81.0,43,97.4,,55.9,Not Eligible,0,0.171
STU-1282,23CS482,CSE,6,93.1,7.92,7.34,improving,0,74.5,82.7,126,71.7,Completed,82.5,Eligible,0,0.055
STU-4500,23EC100,ECE,6,74.9,7.6,7.58,stable,0,89.4,85.3,128,47.4,,75.3,Eligible,0,0.155
STU-0045,25CS145,CSE,2,79.6,8.42,8.73,declining,0,86.2,78.0,42,63.3,,84.7,Not Eligible,0,0.121
STU-6366,24ME166,Mechanical,3,66.5,9.52,9.35,improving,0,99.0,67.8,61,48.9,,83.9,Not Eligible,0,0.319
STU-0827,24CS927,CSE,3,77.3,9.81,9.67,stable,0,98.9,76.5,59,62.6,,98.0,Not Eligible,0,0.103
STU-6367,24ME167,Mechanical,4,74.6,7.95,7.8,improving,0,79.0,75.4,80,42.0,,52.4,Not Eligible,0,0.105
STU-8063,22CI963,Civil,8,73.3,6.53,6.66,stable,0,69.5,74.9,166,42.5,Completed,65.1,Not Eligible,0,0.15
STU-2867,22IT267,IT,7,58.9,7.03,7.02,stable,0,74.9,58.8,149,28.3,,51.5,Not Eligible,1,0.748
STU-3753,24EC253,ECE,4,81.6,5.83,5.38,improving,0,57.5,88.8,82,70.0,Ongoing,49.1,Not Eligible,0,0.124
STU-7710,22CI610,Civil,7,81.8,7.71,7.48,improving,0,82.1,75.9,148,66.2,Completed,64.4,Placed,0,0.095
STU-6558,25ME358,Mechanical,2,86.6,8.62,8.41,improving,0,85.8,82.5,40,46.9,,98.0,Not Eligible,0,0.146
STU-7121,25ME921,Mechanical,2,75.8,7.37,7.86,declining,0,82.1,76.2,40,21.1,,70.9,Not Eligible,0,0.204
STU-6082,22EE782,EEE,8,82.8,6.79,6.9,stable,1,71.5,79.9,162,51.4,,73.4,Placed,0,0.134
STU-2404,24IT704,IT,3,91.6,8.53,8.32,improving,0,94.6,92.1,65,71.5,,81.0,Not Eligible,0,0.099
STU-1394,24CS594,CSE,4,98.8,9.14,9.26,stable,0,92.6,91.5,82,39.6,,86.2,Not Eligible,0,0.084
STU-7335,23ME235,Mechanical,6,69.9,7.12,7.64,declining,2,72.5,65.6,119,63.0,,70.5,In Process,1,0.781
STU-6411,23ME211,Mechanical,5,83.4,8.48,8.47,stable,0,90.9,82.6,106,73.9,Completed,80.1,Eligible,0,0.098
STU-4601,24EC201,ECE,3,76.6,8.87,8.92,stable,0,83.7,77.1,65,77.7,Ongoing,93.2,Not Eligible,0,0.062
STU-5950,25EE650,EEE,2,86.5,6.52,5.71,improving,0,56.0,79.5,44,44.1,,68.7,Not Eligible,0,0.181
STU-1356,22CS556,CSE,7,77.6,9.25,9.43,declining,0,93.9,69.7,145,97.0,Completed,98.0,Placed,0,0.115
STU-4068,23EC568,ECE,6,85.6,8.22,7.7,improving,0,75.7,85.3,126,59.3,Ongoing,79.3,Eligible,0,0.071
STU-1802,23CS102,CSE,6,82.3,7.8,7.58,improving,0,72.7,77.1,127,57.4,Completed,62.5,Eligible,0,0.119
STU-4217,24EC717,ECE,4,71.0,8.82,8.25,improving,0,78.2,76.0,85,45.8,,65.9,Not Eligible,0,0.072
STU-6524,25ME324,Mechanical,1,75.0,9.32,9.77,declining,0,92.7,83.7,19,58.3,,97.4,Not Eligible,0,0.17
STU-0995,24CS195,CSE,3,82.4,7.35,7.58,declining,0,72.6,69.3,64,78.3,,63.3,Not Eligible,0,0.125
STU-4573,25EC173,ECE,1,65.9,7.33,7.74,declining,0,63.9,67.1,18,19.7,,71.8,Not Eligible,1,0.516
STU-7640,25CI540,Civil,1,73.8,7.2,7.31,stable,0,66.4,80.3,19,37.6,,60.0,Not Eligible,0,0.096
STU-4817,25EC417,ECE,1,81.0,8.04,8.48,declining,0,81.9,81.8,19,58.4,,71.6,Not Eligible,0,0.196
STU-5355,24EE955,EEE,3,87.1,8.72,8.22,improving,0,86.9,84.1,59,30.1,,84.5,Not Eligible,0,0.101
STU-5097,23EC697,ECE,6,85.9,6.99,7.21,declining,0,70.9,81.6,126,40.3,Completed,81.0,Eligible,0,0.138
STU-2345,24IT645,IT,4,82.3,8.02,7.76,improving,0,85.8,90.3,80,78.3,,62.0,Not Eligible,0,0.052
STU-5688,22EE388,EEE,7,88.7,9.57,10.0,declining,0,90.0,72.8,145,36.1,Ongoing,94.7,Placed,0,0.127
STU-7776,25CI676,Civil,1,93.9,6.8,6.87,stable,0,67.1,91.1,22,92.1,,66.8,Not Eligible,0,0.04
STU-4512,24EC112,ECE,4,88.5,6.17,6.33,declining,0,70.3,90.0,80,61.4,,67.1,Not Eligible,0,0.265
STU-7064,25ME864,Mechanical,1,67.6,7.71,8.05,declining,0,74.2,64.4,18,31.1,,68.8,Not Eligible,0,0.397
STU-7219,24ME119,Mechanical,4,87.3,7.1,7.02,stable,0,71.2,77.6,82,17.7,,72.6,Not Eligible,0,0.055
STU-3722,23EC222,ECE,5,88.4,8.17,8.75,declining,0,79.1,78.6,101,49.6,,95.0,Eligible,0,0.171
STU-3804,24EC304,ECE,4,96.9,7.47,6.95,improving,0,71.4,87.8,84,29.0,,70.5,Not Eligible,0,0.105
STU-6301,23EE101,EEE,6,90.1,7.04,7.02,stable,2,68.7,89.1,114,34.9,,65.5,In Process,0,0.393
STU-8229,22CI229,Civil,8,69.8,8.05,8.02,stable,1,80.8,66.2,160,71.4,Completed,70.8,In Process,0,0.273
STU-4807,25EC407,ECE,1,86.8,8.06,8.2,stable,0,82.2,75.7,21,70.7,,87.2,Not Eligible,0,0.104
STU-5806,25EE506,EEE,2,77.6,7.96,7.56,improving,1,90.1,73.5,34,61.1,,89.3,Not Eligible,0,0.175
STU-3461,22IT861,IT,8,84.2,7.67,8.11,declining,0,78.6,78.6,166,11.2,Completed,58.8,Placed,0,0.175
STU-0814,22CS914,CSE,8,77.7,7.94,7.96,stable,0,86.3,78.0,166,32.7,Completed,68.0,Placed,0,0.156
STU-6437,24ME237,Mechanical,4,81.1,7.09,7.08,stable,0,66.2,71.8,80,57.4,,64.6,Not Eligible,0,0.145
STU-5528,23EE228,EEE,6,81.3,8.89,8.73,improving,0,84.0,86.0,127,65.3,,98.0,Eligible,0,0.083
STU-3924,24EC424,ECE,3,64.7,7.84,7.95,stable,0,74.4,72.2,65,65.4,,98.0,Not Eligible,0,0.257
STU-5946,23EE646,EEE,6,61.2,6.77,6.99,declining,0,69.3,65.2,127,90.2,Ongoing,87.4,Eligible,1,0.559
STU-5237,23EE837,EEE,6,74.1,7.14,6.87,improving,0,74.8,85.7,127,70.3,,85.5,Eligible,0,0.067
STU-2067,25CS367,CSE,2,81.9,6.73,6.75,stable,0,67.4,85.9,43,82.3,,78.4,Not Eligible,0,0.055
STU-5120,25EC720,ECE,1,92.5,7.21,7.19,stable,0,76.9,82.5,22,75.2,,71.3,Not Eligible,0,0.089
STU-5813,22EE513,EEE,8,87.0,7.89,7.78,stable,0,70.3,86.7,169,60.3,,73.2,In Process,0,0.128
STU-3449,22IT849,IT,7,75.3,9.47,9.43,stable,0,95.4,70.7,143,62.5,Ongoing,66.8,In Process,0,0.084
STU-0257,22CS357,CSE,8,88.4,8.66,8.86,declining,0,85.0,89.0,168,86.0,Completed,84.0,Placed,0,0.154
STU-6395,23ME195,Mechanical,6,80.0,5.1,5.26,declining,2,48.9,81.3,116,58.0,Ongoing,67.6,In Process,1,0.898
STU-0162,23CS262,CSE,5,82.6,7.51,7.44,stable,0,71.5,78.5,106,33.7,Completed,59.8,Eligible,0,0.137
STU-7284,22ME184,Mechanical,8,72.5,6.56,6.11,improving,0,64.6,61.6,164,27.3,,57.3,Placed,0,0.127
STU-5730,22EE430,EEE,7,85.4,7.97,8.09,stable,0,79.1,83.8,149,76.4,,75.0,Placed,0,0.071
STU-2220,23IT520,IT,5,92.0,8.59,8.81,declining,0,74.9,87.7,106,33.3,Completed,95.7,Eligible,0,0.087
STU-6664,24ME464,Mechanical,3,81.5,6.88,7.05,declining,0,71.5,76.9,64,92.9,Ongoing,57.7,Not Eligible,0,0.062
STU-2287,24IT587,IT,4,73.0,6.59,7.07,declining,2,74.7,71.9,77,53.2,,77.8,Not Eligible,0,0.434
STU-0003,23CS103,CSE,6,76.5,7.26,6.79,improving,0,75.9,75.3,127,67.5,Completed,67.3,Eligible,0,0.066
STU-6963,25ME763,Mechanical,2,87.9,6.54,6.37,improving,2,69.4,88.1,32,57.2,,68.5,Not Eligible,0,0.396
STU-7684,23CI584,Civil,5,85.2,6.99,6.68,improving,0,74.1,93.6,106,44.2,,65.3,Eligible,0,0.061
STU-4966,24EC566,ECE,3,73.4,8.0,8.51,declining,0,76.0,74.1,59,32.1,Ongoing,98.0,Not Eligible,0,0.171
STU-1421,24CS621,CSE,3,87.0,8.78,8.63,improving,0,78.7,87.1,64,71.2,,59.1,Not Eligible,0,0.107
STU-7018,23ME818,Mechanical,6,71.0,6.53,6.37,improving,0,70.5,71.6,128,36.1,Completed,64.2,Eligible,0,0.099
STU-1810,25CS110,CSE,1,86.4,6.98,7.23,declining,0,67.7,81.1,21,87.1,Ongoing,81.3,Not Eligible,0,0.122
STU-1456,22CS656,CSE,8,80.2,7.88,7.81,stable,0,81.4,78.1,169,47.5,Completed,84.0,Placed,0,0.044
STU-4644,22EC244,ECE,7,68.9,6.33,5.86,improving,0,62.1,69.2,145,46.4,,64.6,In Process,0,0.153
STU-0592,23CS692,CSE,6,72.9,6.99,6.96,stable,0,73.6,80.7,126,90.7,Ongoing,49.5,Eligible,0,0.213
STU-5904,25EE604,EEE,1,76.3,7.34,7.04,improving,0,80.7,75.1,23,74.0,,60.8,Not Eligible,0,0.046
STU-0864,24CS964,CSE,4,78.0,7.4,6.93,improving,0,79.3,74.4,86,19.4,,59.6,Not Eligible,0,0.145
STU-6865,25ME665,Mechanical,2,98.6,7.6,7.15,improving,0,76.9,100.0,43,70.1,,78.9,Not Eligible,0,0.04
STU-0574,23CS674,CSE,5,86.4,8.98,8.44,improving,0,97.9,82.3,101,71.4,Completed,98.0,Eligible,0,0.131
STU-1545,22CS745,CSE,8,76.0,8.28,8.32,stable,0,77.5,73.3,170,74.0,Completed,69.2,Placed,0,0.125
STU-4347,24EC847,ECE,3,88.7,7.73,7.77,stable,0,82.5,74.6,63,69.4,,73.1,Not Eligible,0,0.133
STU-6493,23ME293,Mechanical,6,70.0,7.03,7.01,stable,0,69.2,76.3,126,53.7,Completed,46.2,Eligible,0,0.146
STU-3222,24IT622,IT,4,73.5,8.68,8.63,stable,0,88.1,73.3,84,61.4,,64.7,Not Eligible,0,0.089
STU-0758,23CS858,CSE,5,76.7,7.34,7.14,improving,0,87.4,77.4,103,33.6,Completed,65.3,Eligible,0,0.079
STU-0325,22CS425,CSE,8,79.6,7.29,6.76,improving,0,68.8,85.6,169,72.3,,90.3,Placed,0,0.079
STU-2412,22IT712,IT,8,70.1,5.83,5.61,improving,1,56.6,63.1,162,52.8,,61.7,In Process,0,0.408
STU-6786,23ME586,Mechanical,6,68.5,9.01,9.13,stable,0,93.2,67.9,122,93.0,Completed,74.8,Eligible,0,0.093
STU-7514,25ME414,Mechanical,1,87.7,8.09,8.22,stable,0,78.6,87.1,21,38.1,,97.7,Not Eligible,0,0.098
STU-2518,25IT818,IT,2,91.6,9.87,10.0,stable,0,94.3,83.2,43,75.8,,98.0,Not Eligible,0,0.057
STU-5428,22EE128,EEE,7,87.2,7.63,7.4,improving,1,76.2,90.2,145,77.0,Completed,58.8,Placed,0,0.265
STU-7660,25CI560,Civil,1,85.5,6.86,7.05,declining,2,70.4,84.9,18,55.8,,64.4,Not Eligible,0,0.275
STU-6856,25ME656,Mechanical,2,75.5,6.95,7.1,declining,1,71.3,75.0,34,46.9,,70.7,Not Eligible,0,0.189
STU-3509,22IT909,IT,7,86.1,8.65,9.09,declining,0,93.5,92.7,145,41.8,Ongoing,67.1,Placed,0,0.106
STU-0315,22CS415,CSE,7,94.0,8.62,8.78,declining,0,93.1,91.4,148,88.4,Ongoing,98.0,Placed,0,0.146
STU-3305,23IT705,IT,5,90.4,8.17,8.31,stable,0,80.4,94.0,106,77.1,,97.7,Eligible,0,0.116
STU-7880,25CI780,Civil,2,83.5,7.14,7.23,stable,0,70.0,81.9,40,73.5,,94.0,Not Eligible,0,0.095
STU-6756,25ME556,Mechanical,1,74.9,7.94,8.09,declining,0,78.7,82.0,22,49.9,,72.0,Not Eligible,0,0.075
STU-2401,23IT701,IT,5,68.9,9.15,8.77,improving,0,91.3,80.1,101,53.9,Completed,98.0,Eligible,0,0.154
STU-4744,25EC344,ECE,2,69.8,8.9,8.88,stable,0,84.2,73.8,42,61.9,Ongoing,95.9,Not Eligible,0,0.189
STU-6141,25EE841,EEE,2,69.4,6.18,6.44,declining,1,58.0,68.9,34,78.4,Ongoing,39.7,Not Eligible,0,0.394
STU-2063,22CS363,CSE,7,82.1,7.97,7.35,improving,0,83.1,80.6,145,57.8,Completed,76.9,Placed,0,0.101
STU-1203,25CS403,CSE,1,91.2,9.12,9.27,declining,0,99.0,93.5,23,53.2,Ongoing,89.3,Not Eligible,0,0.105
STU-2182,25IT482,IT,2,84.1,8.37,8.46,stable,0,75.3,82.4,44,77.9,,90.0,Not Eligible,0,0.079
STU-0908,24CS108,CSE,3,89.3,8.34,8.59,declining,0,81.4,82.4,59,46.1,Ongoing,98.0,Not Eligible,0,0.17
STU-1939,24CS239,CSE,4,79.9,9.19,8.16,improving,0,99.0,75.9,82,79.9,,78.5,Not Eligible,0,0.081
STU-5141,24EC741,ECE,4,81.8,7.37,6.85,improving,0,82.0,80.6,80,36.7,,65.6,Not Eligible,0,0.176
STU-5861,25EE561,EEE,2,79.7,8.3,8.18,stable,0,84.5,80.2,42,85.6,,75.3,Not Eligible,0,0.089
STU-6662,23ME462,Mechanical,5,71.5,7.7,7.62,stable,0,76.1,67.3,106,53.0,,78.3,Eligible,0,0.127
STU-4178,23EC678,ECE,6,88.6,7.09,6.72,improving,1,82.4,89.3,123,64.6,,62.0,In Process,0,0.091
STU-6331,24ME131,Mechanical,4,76.2,7.39,7.84,declining,0,76.6,71.3,84,59.2,,70.5,Not Eligible,0,0.2
STU-7208,24ME108,Mechanical,4,80.5,7.68,7.61,stable,1,78.1,83.5,76,98.0,,96.4,Not Eligible,0,0.215
STU-7742,22CI642,Civil,7,73.0,7.83,7.74,stable,1,80.9,72.9,145,68.0,Completed,70.7,Placed,0,0.124
STU-4727,22EC327,ECE,8,75.8,7.22,7.42,declining,2,74.1,75.8,158,53.4,Completed,98.0,In Process,1,0.577
STU-7723,23CI623,Civil,5,82.0,7.54,7.03,improving,0,75.4,80.3,105,59.1,Completed,62.8,Eligible,0,0.067
STU-5466,25EE166,EEE,1,66.0,7.41,7.05,improving,1,80.4,64.9,18,89.6,Ongoing,61.7,Not Eligible,0,0.41
STU-4522,23EC122,ECE,5,70.5,7.33,7.04,improving,0,72.6,69.7,107,93.0,,79.2,Eligible,0,0.073
STU-0714,24CS814,CSE,4,84.0,9.17,9.06,stable,0,87.3,73.4,85,32.2,,94.3,Not Eligible,0,0.092
STU-3349,23IT749,IT,6,92.2,6.74,6.74,stable,3,62.5,81.8,112,92.7,Completed,75.0,In Process,1,0.666
STU-1796,25CS996,CSE,1,82.5,7.05,6.93,stable,0,83.4,87.3,23,84.8,,78.2,Not Eligible,0,0.095
STU-3707,24EC207,ECE,4,78.8,6.22,6.41,declining,0,64.9,80.1,86,83.2,,53.8,Not Eligible,0,0.14
STU-4100,25EC600,ECE,1,80.2,7.47,7.13,improving,0,84.2,83.3,22,57.9,Ongoing,60.5,Not Eligible,0,0.121
STU-1361,22CS561,CSE,8,85.7,6.83,7.08,declining,0,68.8,84.7,169,48.3,Completed,55.6,In Process,0,0.118
STU-4267,22EC767,ECE,8,84.8,8.41,8.9,declining,0,84.9,92.0,170,59.1,Completed,84.9,Placed,0,0.173
STU-4729,25EC329,ECE,1,79.5,9.95,10.0,stable,0,99.0,82.9,23,57.6,,82.7,Not Eligible,0,0.106
STU-2018,22CS318,CSE,8,77.7,8.82,9.26,declining,0,84.4,68.4,168,57.5,Ongoing,89.4,Placed,0,0.215
STU-3395,25IT795,IT,2,75.5,8.0,8.09,stable,0,80.6,73.9,43,39.4,,69.8,Not Eligible,0,0.117
STU-3716,24EC216,ECE,4,85.7,8.14,8.56,declining,0,81.4,89.6,85,59.6,,78.1,Not Eligible,0,0.166
STU-0139,24CS239,CSE,3,85.1,8.3,7.66,improving,0,93.2,95.0,59,39.9,,79.4,Not Eligible,0,0.098
STU-6153,23EE853,EEE,6,78.5,6.3,6.24,stable,3,82.6,67.5,112,80.8,Completed,58.6,In Process,1,0.544
STU-7814,22CI714,Civil,7,75.3,6.81,6.37,improving,0,64.8,78.4,149,98.0,,60.0,In Process,0,0.06
STU-4054,24EC554,ECE,4,78.4,7.6,7.24,improving,0,74.7,72.6,86,64.6,,72.5,Not Eligible,0,0.09
STU-4430,24EC930,ECE,3,86.4,6.96,6.43,improving,0,64.8,83.6,64,44.4,,70.0,Not Eligible,0,0.07
STU-5783,24EE483,EEE,4,72.4,7.64,7.76,stable,0,76.0,75.3,84,61.6,,98.0,Not Eligible,0,0.053
STU-0532,22CS632,CSE,8,92.0,7.89,8.02,stable,0,78.3,87.8,166,69.0,Completed,76.2,Placed,0,0.085
STU-1759,25CS959,CSE,1,84.1,7.65,7.4,improving,0,79.4,90.6,23,71.9,Ongoing,66.8,Not Eligible,0,0.068
STU-7423,24ME323,Mechanical,3,71.2,8.49,7.73,improving,0,84.6,87.7,65,66.6,,66.6,Not Eligible,0,0.088
STU-7254,23ME154,Mechanical,6,63.8,6.56,6.75,declining,1,74.3,71.7,122,35.2,Completed,97.7,In Process,1,0.659
STU-5415,24EE115,EEE,3,76.4,7.17,6.4,improving,0,70.6,56.6,64,31.7,,50.5,Not Eligible,0,0.116
STU-3271,24IT671,IT,4,89.9,7.37,6.98,improving,0,73.7,88.8,86,83.2,,69.8,Not Eligible,0,0.074
STU-6802,23ME602,Mechanical,6,86.8,6.16,6.05,stable,0,59.8,70.2,122,66.7,,63.7,In Process,0,0.114
STU-5747,25EE447,EEE,1,87.3,7.17,7.43,declining,0,72.0,88.5,19,41.1,,62.9,Not Eligible,0,0.161
STU-7905,22CI805,Civil,8,66.2,7.79,7.65,stable,0,68.2,62.7,166,59.5,Completed,66.5,Placed,0,0.146
STU-1368,22CS568,CSE,8,84.7,9.1,8.94,improving,0,93.6,90.2,169,73.2,Ongoing,82.6,Placed,0,0.033
STU-1165,25CS365,CSE,2,82.0,7.88,7.92,stable,0,75.4,77.4,43,52.7,Ongoing,89.4,Not Eligible,0,0.089
STU-0454,22CS554,CSE,8,84.1,8.63,8.33,improving,0,94.0,92.0,164,53.6,Completed,83.1,Placed,0,0.067
STU-0531,22CS631,CSE,7,79.7,6.91,7.17,declining,0,68.7,83.8,145,87.7,,62.3,In Process,0,0.097
STU-5880,23EE580,EEE,5,84.7,7.69,7.75,stable,0,80.4,84.4,105,52.2,,60.3,Eligible,0,0.074
STU-4666,22EC266,ECE,8,85.9,5.92,6.31,declining,1,45.7,80.3,162,53.6,Completed,60.5,In Process,1,0.727
STU-7912,23CI812,Civil,5,81.7,6.64,6.92,declining,0,62.6,78.0,106,51.2,,60.5,Eligible,0,0.133
STU-5843,25EE543,EEE,1,74.3,8.33,8.11,improving,0,78.2,72.1,22,65.7,,96.8,Not Eligible,0,0.078
STU-6839,24ME639,Mechanical,3,77.3,6.86,7.07,declining,0,69.9,77.8,64,74.4,,65.7,Not Eligible,0,0.081
STU-5083,25EC683,ECE,1,86.4,8.8,9.14,declining,0,99.0,78.6,19,58.1,,84.8,Not Eligible,0,0.141
STU-7930,25CI830,Civil,1,78.4,7.05,6.77,improving,0,72.4,72.6,18,64.3,,78.8,Not Eligible,0,0.078
STU-3165,24IT565,IT,4,83.0,7.28,7.69,declining,0,81.3,84.3,85,81.9,,78.1,Not Eligible,0,0.156
STU-2170,22IT470,IT,8,97.6,9.94,10.0,stable,0,98.6,85.3,169,34.0,,98.0,Placed,0,0.13
STU-7834,25CI734,Civil,2,70.0,7.21,7.28,stable,1,65.1,68.2,38,89.8,,66.8,Not Eligible,0,0.327
STU-5235,22EE835,EEE,7,82.4,6.41,6.21,improving,0,64.7,80.1,143,31.7,Completed,44.7,Not Eligible,0,0.113
STU-0946,25CS146,CSE,1,88.7,8.65,8.62,stable,0,89.3,91.8,21,17.5,,94.5,Not Eligible,0,0.194
STU-3060,22IT460,IT,7,79.8,8.98,8.57,improving,0,87.5,83.2,143,68.1,Completed,63.5,Placed,0,0.101
STU-0543,25CS643,CSE,2,67.7,7.57,7.62,stable,2,75.8,71.6,32,56.7,,81.6,Not Eligible,1,0.52
STU-1233,25CS433,CSE,2,95.2,7.79,7.37,improving,0,86.1,96.1,40,58.6,Ongoing,64.0,Not Eligible,0,0.123
STU-6545,22ME345,Mechanical,8,84.7,7.42,7.09,improving,1,65.2,80.4,165,78.9,Completed,83.2,In Process,0,0.251
STU-5693,25EE393,EEE,1,82.0,7.09,6.89,improving,2,73.9,92.2,18,59.5,,74.1,Not Eligible,0,0.415
STU-3440,24IT840,IT,3,87.5,8.46,8.64,declining,0,80.4,73.5,59,66.6,,74.6,Not Eligible,0,0.079
STU-1958,24CS258,CSE,4,73.5,8.46,8.77,declining,0,71.3,80.6,84,50.4,Ongoing,85.4,Not Eligible,0,0.094
STU-3553,22EC953,ECE,7,84.1,6.62,6.43,improving,0,67.6,85.6,148,77.1,,90.9,In Process,0,0.108
STU-5050,23EC650,ECE,6,76.2,8.2,8.01,improving,0,83.6,82.5,128,60.1,Completed,75.9,Eligible,0,0.106
STU-6088,25EE788,EEE,2,90.3,6.79,6.08,improving,0,67.2,88.9,43,62.6,,56.8,Not Eligible,0,0.094
STU-0309,22CS409,CSE,7,84.1,8.59,8.76,declining,0,83.6,70.3,145,85.0,Ongoing,79.0,Placed,0,0.166
STU-2369,25IT669,IT,2,94.3,9.09,9.06,stable,0,96.4,100.0,42,81.6,,77.7,Not Eligible,0,0.097
STU-7479,25ME379,Mechanical,1,84.7,6.86,6.74,stable,0,75.0,88.6,19,90.0,,76.9,Not Eligible,0,0.045
STU-6417,23ME217,Mechanical,6,90.1,9.18,9.23,stable,0,94.0,83.2,124,34.9,Completed,92.7,Eligible,0,0.084
STU-0959,25CS159,CSE,2,80.2,8.63,8.84,declining,0,92.3,83.3,44,72.2,,76.8,Not Eligible,0,0.067
STU-3847,25EC347,ECE,1,86.3,7.33,7.49,declining,0,71.7,75.4,19,41.7,Ongoing,78.8,Not Eligible,0,0.142
STU-1426,22CS626,CSE,8,84.7,8.24,7.97,improving,0,82.2,78.5,168,48.0,Completed,81.7,Placed,0,0.092
STU-4182,25EC682,ECE,2,86.7,6.34,6.31,stable,0,61.5,80.3,38,64.8,,48.1,Not Eligible,0,0.119
STU-5729,22EE429,EEE,8,83.6,7.27,7.27,stable,0,78.9,72.1,164,60.6,,74.7,Not Eligible,0,0.084
STU-3733,24EC233,ECE,3,78.8,7.91,7.73,improving,0,76.8,70.3,59,61.6,,69.0,Not Eligible,0,0.073
STU-5142,22EC742,ECE,7,71.0,8.31,8.21,stable,0,75.8,69.8,145,34.6,,81.8,Placed,0,0.139
STU-1220,24CS420,CSE,3,80.4,7.35,8.03,declining,0,75.4,82.0,63,71.0,,76.4,Not Eligible,0,0.118
STU-0667,25CS767,CSE,2,91.5,8.51,8.15,improving,0,77.6,85.7,40,75.8,,82.6,Not Eligible,0,0.088
STU-4741,22EC341,ECE,7,71.4,7.03,6.85,improving,0,76.7,79.1,147,86.7,,63.5,Placed,0,0.117
STU-7947,23CI847,Civil,5,68.5,6.11,6.23,stable,1,56.2,73.4,99,53.2,,44.4,In Process,0,0.481
STU-3929,22EC429,ECE,8,84.9,7.22,6.74,improving,0,78.6,88.9,170,45.1,,64.4,Placed,0,0.081
STU-4520,24EC120,ECE,4,80.6,8.16,8.25,stable,0,84.0,89.2,84,53.3,,77.6,Not Eligible,0,0.115
STU-3343,22IT743,IT,8,84.9,8.25,8.33,stable,0,81.3,93.1,166,55.1,,61.8,Placed,0,0.076
STU-7696,24CI596,Civil,4,85.9,8.48,8.82,declining,0,85.8,84.4,82,66.9,,58.7,Not Eligible,0,0.156
STU-6166,24EE866,EEE,3,81.5,6.94,7.01,stable,0,66.3,77.0,63,39.6,,68.7,Not Eligible,0,0.127
STU-1971,25CS271,CSE,1,89.7,7.41,7.34,stable,0,75.9,93.1,23,72.0,,56.6,Not Eligible,0,0.115
STU-7708,23CI608,Civil,5,74.8,8.35,7.73,improving,0,86.2,75.3,101,73.3,,57.5,Eligible,0,0.083
STU-4048,25EC548,ECE,1,91.4,6.4,5.72,improving,0,68.7,80.1,22,62.4,,81.3,Not Eligible,0,0.113
STU-7003,24ME803,Mechanical,3,76.7,7.55,7.92,declining,0,83.5,67.5,65,44.9,,80.1,Not Eligible,0,0.078
STU-7246,23ME146,Mechanical,6,63.2,8.25,8.13,stable,0,80.6,62.6,127,49.4,,86.8,Eligible,0,0.255
STU-4959,22EC559,ECE,8,79.8,7.15,7.27,stable,0,66.9,73.5,170,70.1,Completed,62.6,Placed,0,0.204
STU-1275,24CS475,CSE,4,74.9,8.86,7.99,improving,0,82.8,76.7,86,86.6,,86.7,Not Eligible,0,0.103
STU-4862,22EC462,ECE,7,83.5,8.63,8.99,declining,0,83.9,81.8,149,45.5,Completed,91.5,Placed,0,0.122
STU-6264,25EE964,EEE,2,80.3,8.11,8.35,declining,0,79.5,88.8,40,70.5,,88.3,Not Eligible,0,0.123
STU-4216,23EC716,ECE,5,81.9,8.01,8.17,declining,0,77.2,88.2,101,35.7,,94.0,Eligible,0,0.115
STU-6089,25EE789,EEE,2,73.0,7.81,7.52,improving,0,79.3,80.9,44,62.3,,72.7,Not Eligible,0,0.159
STU-7002,25ME802,Mechanical,2,82.3,7.21,7.15,stable,0,71.5,67.6,38,48.0,,98.0,Not Eligible,0,0.117
STU-4789,24EC389,ECE,3,82.3,7.28,7.14,stable,1,76.4,84.2,61,60.6,,78.4,Not Eligible,0,0.159
STU-6139,23EE839,EEE,6,86.8,7.15,7.1,stable,0,73.7,75.1,128,47.0,Completed,84.8,Eligible,0,0.041
STU-6562,25ME362,Mechanical,2,82.1,8.43,8.82,declining,0,80.8,78.2,44,86.0,,73.5,Not Eligible,0,0.234
STU-2046,23CS346,CSE,6,74.8,9.35,9.49,stable,0,97.1,68.7,128,47.8,Ongoing,98.0,Eligible,0,0.104
STU-5696,22EE396,EEE,8,84.3,7.87,8.76,declining,0,83.9,81.9,170,94.1,,96.2,Placed,0,0.315
STU-5134,23EC734,ECE,5,79.4,7.65,7.13,improving,0,80.7,81.3,107,81.7,Completed,69.2,Eligible,0,0.092
STU-4856,23EC456,ECE,5,82.8,8.18,8.47,declining,0,81.5,75.6,103,97.3,Completed,65.8,Eligible,0,0.095
STU-2734,24IT134,IT,3,74.0,7.21,7.19,stable,1,79.3,75.8,60,56.1,,87.3,Not Eligible,0,0.268
STU-4558,25EC158,ECE,1,76.9,8.03,7.96,stable,0,85.3,70.3,21,83.4,,77.2,Not Eligible,0,0.063
STU-5999,23EE699,EEE,5,76.8,8.96,8.69,improving,0,89.5,78.5,106,57.5,,78.6,Eligible,0,0.12
STU-0466,24CS566,CSE,3,82.2,8.79,9.03,declining,0,90.0,82.2,64,98.0,,89.8,Not Eligible,0,0.165
STU-1529,22CS729,CSE,7,86.2,7.46,6.68,improving,0,71.9,85.7,149,51.7,,62.6,Not Eligible,0,0.106
STU-2625,24IT925,IT,3,81.1,7.25,7.26,stable,0,68.0,74.6,63,87.0,,67.2,Not Eligible,0,0.138
STU-7293,23ME193,Mechanical,6,76.1,7.52,7.31,improving,0,81.6,77.2,128,98.0,,75.5,Eligible,0,0.058
STU-7900,23CI800,Civil,5,84.8,7.02,6.91,stable,0,72.4,85.4,101,61.0,Completed,55.9,Eligible,0,0.072
STU-3405,24IT805,IT,4,88.8,7.25,6.9,improving,0,71.1,93.2,86,88.0,,67.2,Not Eligible,0,0.085
STU-1996,23CS296,CSE,6,64.0,8.59,8.08,improving,0,88.4,72.1,124,56.2,Ongoing,68.7,Eligible,0,0.252
STU-3458,24IT858,IT,3,83.3,8.14,8.21,stable,0,78.4,94.2,63,82.1,,69.1,Not Eligible,0,0.094
STU-7585,23CI485,Civil,6,82.5,5.84,5.81,stable,1,55.6,85.7,124,98.0,,49.3,In Process,0,0.448
STU-4948,23EC548,ECE,6,68.5,8.01,7.89,stable,0,77.2,69.4,122,53.3,Ongoing,72.7,Eligible,0,0.18
STU-0495,24CS595,CSE,4,88.8,7.97,8.15,declining,0,78.3,86.4,85,50.0,,83.1,Not Eligible,0,0.045
STU-2526,25IT826,IT,2,83.3,7.27,7.08,improving,0,73.1,70.4,38,97.7,,74.2,Not Eligible,0,0.112
STU-4171,25EC671,ECE,2,77.9,7.89,7.7,improving,0,78.2,78.1,40,70.8,,56.0,Not Eligible,0,0.09
STU-3690,23EC190,ECE,6,80.4,7.52,7.73,declining,0,75.4,70.8,128,94.2,,79.4,Eligible,0,0.151
STU-3297,22IT697,IT,7,79.4,7.62,7.68,stable,0,75.2,77.2,145,55.1,Completed,56.8,Placed,0,0.092
STU-4897,25EC497,ECE,1,84.7,8.26,8.18,stable,0,85.0,79.6,23,50.8,,66.4,Not Eligible,0,0.057
STU-7509,23ME409,Mechanical,6,86.5,6.68,6.53,improving,0,69.6,85.6,128,50.7,,61.9,Eligible,0,0.127
STU-7561,22ME461,Mechanical,8,77.7,6.83,6.9,stable,0,68.0,75.3,170,49.1,,81.9,Not Eligible,0,0.149
STU-2347,22IT647,IT,7,71.7,9.07,9.32,declining,0,84.8,60.1,145,77.4,Completed,74.7,Placed,0,0.165
STU-1609,25CS809,CSE,2,77.6,8.69,8.28,improving,0,94.3,67.4,40,43.4,,92.8,Not Eligible,0,0.075
STU-7830,25CI730,Civil,1,83.9,7.14,7.05,stable,2,81.3,77.5,18,65.0,,81.7,Not Eligible,0,0.37
STU-1680,23CS880,CSE,6,98.0,6.98,7.32,declining,0,67.6,97.2,127,18.3,,86.5,Eligible,0,0.275
STU-0283,24CS383,CSE,3,81.4,9.04,9.1,stable,0,91.5,88.9,59,60.7,,76.1,Not Eligible,0,0.132
STU-6953,23ME753,Mechanical,6,70.0,8.2,7.65,improving,0,85.6,71.6,122,69.6,Ongoing,76.6,Eligible,0,0.11
STU-5268,25EE868,EEE,1,74.9,6.19,6.59,declining,0,63.3,65.8,21,55.5,,59.9,Not Eligible,0,0.135
STU-7688,22CI588,Civil,7,83.9,8.45,8.89,declining,0,84.3,79.8,149,75.6,Completed,81.0,Not Eligible,0,0.113
STU-0561,23CS661,CSE,6,86.5,7.75,7.36,improving,0,75.9,85.1,128,46.9,Completed,83.2,Eligible,0,0.078
STU-6701,22ME501,Mechanical,8,82.6,5.35,5.42,stable,1,61.5,83.9,166,47.7,,50.4,Not Eligible,1,0.624
STU-6038,24EE738,EEE,3,83.8,6.17,6.12,stable,0,60.8,81.5,61,44.3,,61.8,Not Eligible,0,0.098
STU-0302,23CS402,CSE,5,79.8,9.95,9.89,stable,0,99.0,72.6,105,36.3,Ongoing,86.1,Eligible,0,0.155
STU-7576,25CI476,Civil,2,97.1,7.41,7.48,stable,0,72.9,91.9,40,70.1,,85.6,Not Eligible,0,0.191
STU-3785,22EC285,ECE,8,82.4,7.04,7.27,declining,0,68.5,90.1,169,34.1,,71.2,Placed,0,0.184
STU-7663,22CI563,Civil,7,83.1,7.53,7.75,declining,0,73.6,80.0,148,70.3,,63.4,Not Eligible,0,0.14
STU-1403,25CS603,CSE,1,77.7,7.1,7.05,stable,0,69.8,83.4,23,43.5,,73.6,Not Eligible,0,0.093
STU-0956,24CS156,CSE,3,82.5,7.15,5.88,improving,0,71.4,74.3,64,50.1,,82.5,Not Eligible,0,0.074
STU-3171,23IT571,IT,6,90.3,9.54,9.27,improving,0,99.0,81.2,122,70.2,Completed,98.0,Eligible,0,0.078
STU-1128,24CS328,CSE,4,96.2,7.23,7.15,stable,0,72.8,90.8,80,68.3,,60.2,Not Eligible,0,0.056
STU-4925,24EC525,ECE,4,76.6,8.08,8.28,declining,0,75.0,75.3,86,86.9,,85.6,Not Eligible,0,0.168
STU-2066,22CS366,CSE,7,94.7,9.57,9.7,stable,0,84.5,93.2,149,40.4,Completed,98.0,Placed,0,0.186
STU-4526,25EC126,ECE,2,85.1,6.91,6.78,stable,0,72.7,75.6,40,72.6,,76.4,Not Eligible,0,0.079
STU-5663,22EE363,EEE,8,79.6,7.42,7.28,stable,0,71.9,80.8,164,65.8,Completed,60.1,In Process,0,0.072
STU-2231,25IT531,IT,1,93.2,8.31,8.76,declining,0,90.2,92.0,23,58.7,,63.3,Not Eligible,0,0.222
STU-7160,25ME960,Mechanical,1,74.4,7.05,6.72,improving,0,59.5,73.4,23,49.7,Ongoing,74.5,Not Eligible,0,0.088
STU-3223,22IT623,IT,7,97.5,6.75,7.18,declining,0,67.6,96.6,145,52.3,,65.8,In Process,0,0.184
STU-2926,24IT326,IT,4,69.5,8.2,8.66,declining,0,83.6,71.0,85,39.6,,69.2,Not Eligible,0,0.322
STU-4825,23EC425,ECE,6,98.4,9.24,9.54,declining,0,93.1,93.3,128,48.9,Ongoing,79.5,Eligible,0,0.081
STU-1760,23CS960,CSE,5,72.7,8.0,7.45,improving,0,81.1,67.4,105,79.5,Completed,57.3,Eligible,0,0.132
STU-1121,22CS321,CSE,8,93.3,7.9,7.96,stable,0,68.1,88.3,168,55.9,Completed,92.0,Placed,0,0.065
STU-7545,24ME445,Mechanical,3,92.7,6.47,6.25,improving,0,64.2,81.1,61,33.2,,37.5,Not Eligible,0,0.095
STU-3208,23IT608,IT,6,75.2,6.89,7.45,declining,0,75.0,70.4,127,52.9,Completed,71.8,Eligible,0,0.187
STU-7558,23ME458,Mechanical,5,78.6,7.46,7.61,declining,0,72.1,75.7,103,80.0,Ongoing,74.1,Eligible,0,0.128
STU-5890,22EE590,EEE,8,69.3,7.37,7.51,stable,0,77.7,72.6,170,63.9,Completed,65.7,Not Eligible,0,0.203
STU-7399,23ME299,Mechanical,6,86.7,8.55,8.28,improving,0,88.7,81.4,126,45.5,Completed,72.5,Eligible,0,0.072
STU-3168,25IT568,IT,1,85.7,7.27,7.4,stable,0,72.5,87.8,19,84.7,,67.4,Not Eligible,0,0.118
STU-5839,25EE539,EEE,2,62.2,7.38,6.91,improving,3,67.2,55.6,28,29.0,,73.9,Not Eligible,1,0.934
STU-6434,24ME234,Mechanical,4,79.8,7.35,7.55,declining,0,71.7,82.2,86,51.0,,71.5,Not Eligible,0,0.079
STU-7112,22ME912,Mechanical,7,85.3,8.01,8.14,stable,0,78.7,77.7,149,73.4,Completed,70.1,In Process,0,0.059
STU-0424,24CS524,CSE,4,69.8,7.74,8.22,declining,0,73.5,80.6,85,44.6,,71.2,Not Eligible,0,0.331
STU-5878,23EE578,EEE,5,88.6,6.12,6.03,stable,0,61.5,87.3,103,60.1,,78.2,In Process,0,0.237
STU-4328,23EC828,ECE,5,82.1,9.32,9.34,stable,0,90.3,83.3,106,83.1,Completed,98.0,Eligible,0,0.099
STU-4230,25EC730,ECE,1,87.0,7.91,8.35,declining,0,87.6,77.0,22,59.0,,77.3,Not Eligible,0,0.212
STU-6823,24ME623,Mechanical,4,65.9,7.84,7.94,stable,0,78.2,72.8,84,61.2,,77.7,Not Eligible,0,0.233
STU-1597,24CS797,CSE,3,85.4,8.66,8.59,stable,0,79.3,88.6,61,54.7,,85.7,Not Eligible,0,0.089
STU-1684,22CS884,CSE,7,93.6,9.65,9.47,improving,0,95.1,96.8,143,93.7,Completed,98.0,Placed,0,0.062
STU-3973,23EC473,ECE,5,80.2,8.38,8.56,declining,0,89.8,83.2,106,45.8,Ongoing,93.6,Eligible,0,0.089
STU-6171,24EE871,EEE,3,80.2,7.39,7.0,improving,0,73.5,72.7,61,36.6,,74.4,Not Eligible,0,0.103
STU-0973,23CS173,CSE,6,93.0,7.74,8.0,declining,0,77.4,100.0,122,55.1,Completed,55.5,Eligible,0,0.131
STU-0186,23CS286,CSE,6,98.1,6.52,6.43,stable,0,70.2,100.0,127,67.7,Completed,58.2,Eligible,0,0.127
STU-8325,25CI325,Civil,2,83.3,7.5,7.25,improving,0,72.0,95.2,42,27.4,,62.6,Not Eligible,0,0.172
STU-3948,22EC448,ECE,7,81.4,9.24,9.3,stable,0,98.1,75.8,149,48.4,Ongoing,94.1,Placed,0,0.114
STU-2303,23IT603,IT,6,94.1,8.39,8.44,stable,0,85.8,84.8,126,46.9,Completed,81.9,Eligible,0,0.051
STU-7010,24ME810,Mechanical,4,85.8,7.54,7.98,declining,0,79.5,75.1,82,62.7,Ongoing,91.3,Not Eligible,0,0.157
STU-4486,25EC986,ECE,2,83.1,6.94,6.84,stable,0,66.1,81.8,42,69.0,,65.2,Not Eligible,0,0.091
STU-6050,24EE750,EEE,4,80.0,8.57,8.48,stable,0,92.6,70.3,84,79.9,,78.0,Not Eligible,0,0.065
STU-3519,23IT919,IT,6,85.8,8.91,8.83,stable,0,90.4,68.6,124,70.6,,63.9,Eligible,0,0.072
STU-3267,25IT667,IT,1,99.0,7.11,7.76,declining,0,73.9,81.8,19,61.1,,81.1,Not Eligible,0,0.141
STU-6859,23ME659,Mechanical,6,75.1,8.35,8.3,stable,0,83.9,71.2,122,34.7,,76.4,Eligible,0,0.135
STU-2245,24IT545,IT,3,95.0,6.58,6.36,improving,0,63.2,85.2,64,65.6,,60.1,Not Eligible,0,0.097
STU-1603,25CS803,CSE,2,69.1,9.13,9.35,declining,0,92.3,59.4,42,77.8,,98.0,Not Eligible,0,0.255
STU-1474,24CS674,CSE,4,90.5,7.77,7.32,improving,0,81.5,86.5,82,65.2,,98.0,Not Eligible,0,0.133
STU-2978,22IT378,IT,8,75.4,5.97,6.06,stable,0,53.5,71.8,169,39.9,Completed,56.2,Not Eligible,0,0.212
STU-3533,23EC933,ECE,6,85.4,8.33,8.2,stable,0,89.1,74.0,128,65.1,,72.1,Eligible,0,0.111
STU-7603,25CI503,Civil,1,69.2,7.15,7.52,declining,0,70.8,73.3,21,41.2,,82.0,Not Eligible,0,0.237
STU-5023,24EC623,ECE,4,86.5,8.4,8.96,declining,0,82.9,85.9,86,52.8,,86.7,Not Eligible,0,0.164
STU-0582,22CS682,CSE,8,99.0,7.31,7.22,stable,0,84.1,90.0,169,85.8,Completed,84.5,Not Eligible,0,0.122
STU-3337,22IT737,IT,7,73.0,8.23,8.42,declining,0,86.6,74.8,143,50.2,Completed,80.7,Placed,0,0.075
STU-2521,23IT821,IT,6,89.5,8.27,8.87,declining,0,91.5,88.4,128,48.8,Completed,78.3,Eligible,0,0.211
STU-1635,22CS835,CSE,8,79.0,9.33,9.67,declining,0,96.8,78.0,164,60.6,Completed,68.3,Placed,0,0.116
STU-0505,23CS605,CSE,6,81.1,7.18,7.8,declining,0,69.4,83.8,126,49.7,Completed,64.3,Eligible,0,0.334
STU-1417,25CS617,CSE,1,83.2,8.29,8.43,stable,0,86.7,80.3,23,66.2,,96.1,Not Eligible,0,0.056
STU-4944,22EC544,ECE,7,79.5,8.51,8.67,declining,0,77.5,76.6,143,36.4,Ongoing,94.7,Not Eligible,0,0.183
STU-1422,24CS622,CSE,4,80.4,8.59,8.63,stable,0,83.9,83.1,86,59.9,Ongoing,75.2,Not Eligible,0,0.074
STU-1451,24CS651,CSE,4,79.7,7.02,7.09,stable,0,74.5,72.1,82,88.5,,58.7,Not Eligible,0,0.144
STU-3179,25IT579,IT,2,82.3,6.44,6.14,improving,0,63.5,91.6,40,54.5,,52.1,Not Eligible,0,0.061
STU-6843,24ME643,Mechanical,4,82.3,8.08,8.23,declining,0,90.1,84.0,82,70.4,,55.9,Not Eligible,0,0.07
STU-5578,23EE278,EEE,6,79.1,6.77,6.83,stable,1,69.3,70.9,123,52.7,,58.3,In Process,0,0.119
STU-6103,23EE803,EEE,6,63.0,8.26,8.39,stable,0,84.6,74.9,127,66.9,Ongoing,51.6,Eligible,0,0.38
STU-6084,22EE784,EEE,8,95.6,8.03,8.07,stable,0,81.3,91.1,170,98.0,Ongoing,93.9,Placed,0,0.123
STU-5545,23EE245,EEE,6,91.4,5.88,5.69,improving,1,52.6,84.8,123,49.8,Ongoing,75.0,In Process,0,0.415
STU-0407,24CS507,CSE,3,76.5,8.45,8.46,stable,0,80.7,82.0,65,17.3,,61.9,Not Eligible,0,0.156
STU-7893,23CI793,Civil,5,86.2,6.29,6.41,stable,0,65.7,90.6,101,27.1,Completed,55.9,In Process,0,0.182
STU-3425,22IT825,IT,8,83.3,6.41,6.44,stable,0,71.3,81.2,169,28.8,,59.0,Placed,0,0.15
STU-4094,22EC594,ECE,7,85.4,8.59,8.37,improving,1,84.8,86.9,143,55.9,Completed,86.7,In Process,0,0.228
STU-0793,24CS893,CSE,4,80.8,7.45,7.78,declining,0,75.4,78.6,80,56.3,Ongoing,70.2,Not Eligible,0,0.152
STU-4690,24EC290,ECE,4,84.3,8.76,8.85,stable,0,88.3,77.0,84,84.1,,77.3,Not Eligible,0,0.131
STU-3135,22IT535,IT,8,78.6,9.02,8.84,improving,0,91.1,77.6,170,43.0,Completed,98.0,Placed,0,0.116
STU-2354,25IT654,IT,1,89.5,8.86,8.57,improving,0,88.8,81.5,19,31.4,,88.9,Not Eligible,0,0.088
STU-0872,24CS972,CSE,3,98.3,8.64,8.35,improving,0,88.9,100.0,65,77.2,,62.6,Not Eligible,0,0.135
STU-4951,22EC551,ECE,8,83.5,8.35,8.82,declining,0,88.3,82.3,170,40.4,,88.4,Not Eligible,0,0.153
STU-1874,22CS174,CSE,7,95.5,7.23,7.86,declining,0,72.6,95.1,149,34.9,,88.4,Placed,0,0.199
STU-1081,22CS281,CSE,7,73.6,7.84,7.81,stable,0,73.8,68.0,149,48.0,Completed,83.1,Placed,0,0.106
STU-4448,25EC948,ECE,1,79.3,7.56,8.32,declining,0,72.4,79.3,21,20.5,,80.5,Not Eligible,0,0.299
STU-2817,22IT217,IT,7,87.6,8.31,8.28,stable,0,87.0,84.9,147,30.0,Completed,95.0,Placed,0,0.17
STU-4560,24EC160,ECE,3,79.8,5.9,6.09,declining,0,55.2,67.8,61,66.6,,71.9,Not Eligible,0,0.177
STU-4591,22EC191,ECE,8,88.1,8.93,9.01,stable,0,90.0,85.6,169,55.0,,87.2,Placed,0,0.131
STU-0002,22CS102,CSE,8,86.3,9.24,9.75,declining,0,83.5,84.5,168,95.6,,93.4,Placed,0,0.148
STU-0268,23CS368,CSE,6,87.2,8.32,7.63,improving,0,83.0,74.7,127,42.9,,69.5,Eligible,0,0.083
STU-6259,24EE959,EEE,4,75.8,6.51,6.66,declining,0,67.3,82.3,80,72.9,,48.2,Not Eligible,0,0.108
STU-4958,22EC558,ECE,8,93.2,7.67,6.74,improving,0,77.5,80.1,168,98.0,Completed,69.3,Placed,0,0.078
STU-3759,24EC259,ECE,4,86.2,7.35,6.89,improving,0,76.8,85.7,85,40.4,,74.8,Not Eligible,0,0.112
STU-8372,23CI372,Civil,5,80.3,5.35,5.25,stable,0,50.5,80.8,101,43.8,,44.2,In Process,0,0.398
STU-5926,23EE626,EEE,5,64.3,7.94,7.67,improving,0,78.6,62.6,101,43.9,Completed,74.0,Eligible,0,0.24
STU-0952,23CS152,CSE,6,75.7,6.25,5.57,improving,0,64.1,78.4,124,20.6,Completed,80.0,In Process,0,0.199
STU-3227,25IT627,IT,2,81.6,9.03,8.59,improving,0,93.5,73.1,40,59.8,,61.3,Not Eligible,0,0.072
STU-4596,25EC196,ECE,1,88.0,8.44,8.58,stable,0,99.0,82.2,22,45.8,,88.9,Not Eligible,0,0.165
STU-6164,25EE864,EEE,1,82.8,7.08,7.25,declining,0,56.2,76.2,23,60.9,,78.2,Not Eligible,0,0.092
STU-6402,22ME202,Mechanical,7,86.7,7.83,7.97,stable,0,73.6,84.5,148,53.4,,76.3,Placed,0,0.154
STU-0153,25CS253,CSE,2,82.3,6.78,6.64,stable,2,74.7,92.3,35,58.2,,85.3,Not Eligible,0,0.404
STU-7823,24CI723,Civil,3,80.3,7.67,7.3,improving,0,74.9,73.7,59,5.0,,78.9,Not Eligible,0,0.138
STU-6114,23EE814,EEE,5,69.6,5.6,5.65,stable,0,60.0,74.0,106,78.3,,53.8,In Process,0,0.301
STU-0905,24CS105,CSE,4,76.5,7.26,7.44,declining,0,76.2,81.0,86,60.4,,52.1,Not Eligible,0,0.124
STU-3397,23IT797,IT,6,85.1,8.12,7.84,improving,0,87.3,84.3,128,72.2,Ongoing,90.0,Eligible,0,0.079
STU-5303,25EE903,EEE,2,85.3,7.9,7.09,improving,0,83.4,89.3,44,63.4,,79.0,Not Eligible,0,0.102
STU-1987,23CS287,CSE,6,88.4,7.28,7.68,declining,0,63.7,96.1,128,71.3,Completed,68.2,Eligible,0,0.139
STU-1661,23CS861,CSE,5,79.4,8.07,8.58,declining,0,81.8,84.0,105,76.7,Completed,75.7,Eligible,0,0.192
STU-0314,22CS414,CSE,8,86.5,9.08,8.69,improving,0,94.7,83.2,166,57.1,Completed,98.0,Placed,0,0.12
STU-7211,25ME111,Mechanical,1,71.2,6.08,6.74,declining,2,59.8,66.3,18,90.4,Ongoing,59.4,Not Eligible,1,0.831
STU-2225,22IT525,IT,7,73.0,6.98,7.06,stable,0,65.6,76.0,148,52.0,,59.4,In Process,0,0.09
STU-3975,25EC475,ECE,2,78.9,7.62,8.16,declining,0,78.2,78.8,38,70.1,Ongoing,70.9,Not Eligible,0,0.16
STU-1098,25CS298,CSE,2,83.6,7.99,8.3,declining,0,80.5,78.4,38,65.1,,83.5,Not Eligible,0,0.145
STU-4222,25EC722,ECE,2,97.4,9.38,9.22,improving,1,97.3,97.9,40,73.3,,74.2,Not Eligible,0,0.184
STU-3642,23EC142,ECE,6,69.5,7.65,7.9,declining,1,67.1,71.8,124,58.1,Completed,80.0,In Process,0,0.246
STU-5906,25EE606,EEE,1,82.4,7.72,7.29,improving,0,79.5,79.9,18,45.9,,70.4,Not Eligible,0,0.072
STU-0938,22CS138,CSE,8,88.5,8.17,8.29,stable,0,73.5,87.0,164,59.9,,81.2,Placed,0,0.13
STU-5633,24EE333,EEE,4,82.1,6.96,7.32,declining,0,56.2,74.9,80,44.5,,84.5,Not Eligible,0,0.149
STU-2787,24IT187,IT,3,89.3,8.44,8.42,stable,0,79.5,76.9,61,39.9,,77.7,Not Eligible,0,0.075
STU-1577,25CS777,CSE,1,75.6,7.21,7.09,stable,2,60.3,75.9,18,98.0,,48.7,Not Eligible,0,0.438
STU-1487,24CS687,CSE,4,93.0,8.04,8.39,declining,0,78.3,86.2,85,43.8,,84.8,Not Eligible,0,0.218
STU-4096,25EC596,ECE,2,87.6,7.78,8.21,declining,0,85.9,83.0,43,85.5,,80.8,Not Eligible,0,0.108
STU-6211,25EE911,EEE,2,86.4,7.85,6.99,improving,0,76.2,81.7,38,86.4,,62.4,Not Eligible,0,0.134
STU-6779,22ME579,Mechanical,7,75.7,6.72,7.26,declining,1,64.8,81.9,144,27.1,Ongoing,59.8,Placed,1,0.514
STU-4536,24EC136,ECE,3,82.0,7.64,7.79,declining,0,90.6,71.7,59,83.6,,74.9,Not Eligible,0,0.094
STU-3418,23IT818,IT,5,97.2,8.77,8.63,stable,0,87.8,92.8,107,83.3,Completed,72.4,Eligible,0,0.065
STU-3814,24EC314,ECE,3,77.1,8.1,8.24,stable,0,85.5,76.5,64,70.8,Ongoing,61.7,Not Eligible,0,0.079
STU-1527,24CS727,CSE,3,93.5,7.18,7.56,declining,0,71.7,85.6,65,41.9,,83.2,Not Eligible,0,0.125
STU-7898,25CI798,Civil,1,82.1,8.06,8.01,stable,0,79.4,84.6,18,14.1,Ongoing,62.5,Not Eligible,0,0.089
STU-3100,23IT500,IT,6,87.1,6.77,6.37,improving,0,65.9,91.5,128,79.5,,66.0,Eligible,0,0.052
STU-2857,24IT257,IT,4,71.2,8.52,8.65,stable,0,86.0,73.7,82,77.6,,94.1,Not Eligible,0,0.156
STU-0680,22CS780,CSE,7,88.8,8.61,8.57,stable,0,87.7,85.8,147,78.5,Completed,98.0,Placed,0,0.083
STU-4252,23EC752,ECE,5,75.8,7.59,7.65,stable,0,78.3,85.1,101,74.3,Ongoing,78.6,Eligible,0,0.136
STU-0043,25CS143,CSE,1,76.7,8.56,8.43,stable,0,83.4,84.0,19,50.7,,69.3,Not Eligible,0,0.113
STU-3932,25EC432,ECE,2,86.2,8.43,8.57,stable,0,87.5,77.3,42,50.6,,74.5,Not Eligible,0,0.119
STU-5137,22EC737,ECE,7,74.0,7.37,7.32,stable,0,75.4,61.6,148,80.2,Completed,75.5,In Process,0,0.082
STU-2887,22IT287,IT,8,83.2,7.14,7.56,declining,0,73.5,88.0,166,48.7,,72.1,In Process,0,0.13
STU-2904,24IT304,IT,4,82.2,6.61,6.36,improving,0,67.8,100.0,85,44.2,,29.7,Not Eligible,0,0.076
STU-6030,22EE730,EEE,8,81.9,7.91,7.66,improving,0,85.2,72.9,164,41.0,Completed,75.0,Placed,0,0.056
STU-2746,22IT146,IT,7,87.7,7.98,8.0,stable,0,79.7,70.2,147,92.0,Completed,98.0,Placed,0,0.103
STU-6197,25EE897,EEE,1,71.0,7.44,7.46,stable,0,71.4,62.5,18,68.9,,73.5,Not Eligible,0,0.066
STU-0323,23CS423,CSE,6,80.9,7.46,7.77,declining,0,79.9,85.4,128,98.0,Completed,60.6,Eligible,0,0.137
STU-4864,25EC464,ECE,1,87.9,6.77,7.09,declining,0,67.6,83.7,19,79.4,,68.3,Not Eligible,0,0.108
STU-1931,23CS231,CSE,5,66.5,7.53,7.19,improving,0,73.2,84.2,103,49.6,Completed,87.7,Eligible,0,0.218
STU-1088,25CS288,CSE,2,88.5,8.59,8.54,stable,0,86.4,84.6,43,45.6,Ongoing,78.2,Not Eligible,0,0.103
STU-2314,24IT614,IT,3,71.7,6.93,7.45,declining,0,77.0,70.9,63,87.2,,60.0,Not Eligible,0,0.343
STU-2167,22IT467,IT,7,85.5,8.32,8.14,improving,0,76.6,77.2,145,71.4,Completed,76.9,Placed,0,0.127
STU-6289,22EE989,EEE,8,77.4,7.23,7.03,improving,0,77.2,73.5,169,75.5,,94.9,In Process,0,0.084
STU-7045,22ME845,Mechanical,7,66.2,7.73,7.62,stable,0,70.3,69.8,143,62.4,Completed,85.9,Placed,0,0.344
STU-7433,23ME333,Mechanical,6,77.5,5.01,4.51,improving,0,50.2,87.4,122,67.8,Completed,65.0,In Process,0,0.375
STU-7413,23ME313,Mechanical,6,79.2,7.33,7.69,declining,0,72.5,83.9,122,53.2,Completed,65.2,Eligible,0,0.134
STU-5295,25EE895,EEE,1,85.5,7.46,8.23,declining,0,75.1,81.2,22,52.1,Ongoing,67.0,Not Eligible,0,0.166
STU-0713,24CS813,CSE,4,90.0,7.17,6.74,improving,0,75.5,86.2,86,50.4,,57.5,Not Eligible,0,0.121
STU-3411,24IT811,IT,4,88.2,8.16,7.91,improving,0,81.1,83.5,80,38.6,,82.0,Not Eligible,0,0.092
STU-8303,25CI303,Civil,2,71.0,6.48,6.34,stable,0,70.1,71.7,40,77.8,,72.0,Not Eligible,0,0.143
STU-1907,22CS207,CSE,8,85.1,6.26,5.99,improving,0,57.2,78.4,166,46.5,Completed,54.4,In Process,0,0.119
STU-2790,23IT190,IT,6,76.5,8.39,8.24,improving,0,83.5,74.6,124,80.6,,87.4,Eligible,0,0.135
STU-3335,25IT735,IT,1,77.0,8.44,8.0,improving,0,81.6,78.9,21,60.7,,60.1,Not Eligible,0,0.069
STU-7297,22ME197,Mechanical,7,91.4,9.31,9.46,declining,0,90.7,84.7,149,58.8,Completed,87.9,Placed,0,0.09
STU-7179,24ME979,Mechanical,3,82.0,7.53,8.12,declining,0,83.1,79.7,59,75.5,,75.4,Not Eligible,0,0.198
STU-1091,22CS291,CSE,8,78.3,8.33,8.18,improving,0,81.4,73.4,169,42.8,Completed,86.7,Placed,0,0.187
STU-2312,24IT612,IT,4,82.9,8.5,8.32,improving,0,79.7,87.1,85,60.1,,93.8,Not Eligible,0,0.067
STU-5313,23EE913,EEE,6,84.5,6.52,6.03,improving,0,64.7,86.4,124,45.4,Completed,63.4,Eligible,0,0.056
STU-3748,24EC248,ECE,4,86.1,6.98,7.53,declining,0,55.2,73.3,80,81.3,,72.6,Not Eligible,0,0.164
STU-6574,22ME374,Mechanical,8,76.5,7.23,7.02,improving,0,70.4,77.6,168,72.5,,79.0,Not Eligible,0,0.061
STU-6061,25EE761,EEE,2,83.9,7.23,7.21,stable,0,68.4,91.5,42,77.7,,69.3,Not Eligible,0,0.12
STU-3619,22EC119,ECE,8,83.7,7.06,6.85,improving,0,76.5,69.7,166,44.7,Completed,91.0,Not Eligible,0,0.114
STU-2515,22IT815,IT,8,96.1,7.62,7.53,stable,0,74.1,90.1,169,49.3,Completed,94.7,Placed,0,0.188
STU-8332,22CI332,Civil,7,77.5,7.71,7.36,improving,3,83.0,79.2,137,88.9,Completed,64.0,In Process,0,0.466
STU-4726,23EC326,ECE,5,80.6,8.69,8.51,improving,0,78.9,84.5,107,81.4,Completed,50.5,Eligible,0,0.072
STU-0023,24CS123,CSE,3,81.3,8.97,9.08,stable,0,94.2,79.7,65,5.0,,86.4,Not Eligible,0,0.258
STU-7927,25CI827,Civil,2,80.2,6.83,6.71,stable,1,66.7,85.8,36,54.9,,50.0,Not Eligible,0,0.129
STU-7122,25ME922,Mechanical,1,73.2,5.97,6.59,declining,0,65.1,72.5,22,73.9,,69.7,Not Eligible,1,0.575
STU-1460,23CS660,CSE,6,75.3,8.33,8.94,declining,2,83.0,64.3,119,65.8,Completed,78.8,In Process,1,0.51
STU-3626,24EC126,ECE,4,86.6,8.65,8.51,stable,0,82.3,90.5,82,80.8,,86.8,Not Eligible,0,0.152
STU-5737,24EE437,EEE,3,71.0,7.0,6.46,improving,1,66.9,64.7,55,65.7,,79.8,Not Eligible,0,0.239
STU-2355,23IT655,IT,5,87.4,8.71,9.01,declining,0,90.7,81.3,103,63.5,Completed,86.8,Eligible,0,0.118
STU-1337,25CS537,CSE,2,87.8,8.18,7.82,improving,0,78.4,86.8,42,58.4,,67.1,Not Eligible,0,0.072
STU-2398,25IT698,IT,1,74.6,9.8,9.79,stable,0,99.0,70.7,22,43.9,,89.0,Not Eligible,0,0.043
STU-6284,25EE984,EEE,2,82.5,6.35,6.7,declining,0,61.0,80.1,43,26.3,,62.0,Not Eligible,0,0.208
STU-4582,25EC182,ECE,1,82.3,7.31,7.26,stable,0,80.9,90.0,18,64.1,,79.6,Not Eligible,0,0.086
STU-4902,22EC502,ECE,8,57.9,8.45,8.24,improving,0,85.7,56.3,166,27.2,,91.2,Placed,1,0.79
STU-7808,24CI708,Civil,3,72.9,7.01,7.43,declining,1,63.3,76.5,59,57.4,,73.0,Not Eligible,1,0.575
STU-1552,23CS752,CSE,5,66.5,8.83,8.62,improving,0,93.2,72.4,107,48.5,Completed,74.9,Eligible,0,0.222
STU-0019,24CS119,CSE,4,74.2,9.49,9.27,improving,0,92.2,69.6,86,50.5,,81.9,Not Eligible,0,0.061
STU-7638,24CI538,Civil,4,72.9,6.72,7.05,declining,0,60.4,83.7,86,42.6,,61.3,Not Eligible,0,0.217
STU-1031,25CS231,CSE,1,85.3,8.52,8.68,declining,0,80.3,84.9,21,66.1,,98.0,Not Eligible,0,0.089
STU-5776,23EE476,EEE,6,79.9,8.25,8.25,stable,0,93.2,88.4,127,67.6,Completed,85.7,Eligible,0,0.056
STU-4781,22EC381,ECE,8,94.9,6.88,6.65,improving,0,74.3,88.2,166,98.0,,46.0,In Process,0,0.073
STU-2009,25CS309,CSE,1,94.3,9.13,8.95,improving,0,99.0,89.1,21,43.7,,66.7,Not Eligible,0,0.12
STU-0155,22CS255,CSE,8,88.8,7.71,7.41,improving,0,77.2,94.0,170,70.5,Ongoing,46.4,Placed,0,0.066
STU-2763,25IT163,IT,2,92.8,5.31,5.18,stable,0,45.0,96.4,40,65.1,,52.1,Not Eligible,0,0.475
STU-6596,22ME396,Mechanical,7,65.0,7.63,7.46,improving,0,76.7,58.0,145,52.2,,59.6,In Process,0,0.305
STU-0557,25CS657,CSE,2,82.6,8.87,8.49,improving,0,92.9,84.6,42,69.0,,60.8,Not Eligible,0,0.161
STU-6353,23ME153,Mechanical,6,72.9,7.53,7.23,improving,0,75.2,74.4,124,80.3,,63.3,Eligible,0,0.096
STU-5837,25EE537,EEE,2,96.6,7.74,7.99,declining,0,87.9,90.2,42,57.5,,77.1,Not Eligible,0,0.157
STU-6461,25ME261,Mechanical,1,78.8,7.97,8.37,declining,0,82.7,81.2,18,63.1,Ongoing,83.6,Not Eligible,0,0.153
STU-0990,22CS190,CSE,7,82.1,7.45,7.88,declining,0,77.2,70.4,145,57.1,,93.6,Not Eligible,0,0.153
STU-7111,24ME911,Mechanical,4,76.6,8.58,9.46,declining,0,91.0,82.3,86,35.2,,73.7,Not Eligible,0,0.19
STU-6009,25EE709,EEE,1,82.6,6.76,6.53,improving,0,78.9,81.9,21,50.2,,77.8,Not Eligible,0,0.092
STU-4313,23EC813,ECE,6,68.9,8.54,9.11,declining,0,90.6,73.4,124,61.6,Completed,69.9,Eligible,0,0.318
STU-0238,25CS338,CSE,1,61.3,8.03,8.45,declining,0,85.9,61.4,22,53.7,Ongoing,92.0,Not Eligible,1,0.661
STU-3115,22IT515,IT,8,83.2,8.31,8.78,declining,0,92.6,83.8,169,27.9,Completed,84.6,Placed,0,0.186
STU-5498,23EE198,EEE,6,91.9,6.54,6.9,declining,0,57.2,81.4,122,44.2,Completed,62.7,Eligible,0,0.146
STU-5147,25EC747,ECE,1,87.2,7.9,7.96,stable,0,66.7,87.5,18,37.6,Ongoing,79.4,Not Eligible,0,0.042
STU-8379,24CI379,Civil,3,74.8,7.66,7.1,improving,0,66.3,72.1,61,53.5,,52.9,Not Eligible,0,0.138
STU-5493,25EE193,EEE,2,85.9,8.14,8.81,declining,0,80.5,84.5,38,94.6,,50.1,Not Eligible,0,0.181
STU-3462,25IT862,IT,1,82.3,8.24,7.89,improving,0,81.9,86.0,19,54.6,,66.7,Not Eligible,0,0.13
STU-7241,25ME141,Mechanical,1,73.6,6.71,6.62,stable,0,59.9,82.6,18,19.9,,56.2,Not Eligible,0,0.17
STU-7588,23CI488,Civil,5,89.7,7.42,7.33,stable,0,71.7,87.5,107,59.6,,61.7,Eligible,0,0.071
STU-4467,25EC967,ECE,1,89.0,7.38,7.2,improving,0,62.0,87.5,23,45.9,,56.0,Not Eligible,0,0.088
STU-5402,22EE102,EEE,7,78.4,7.14,6.45,improving,0,71.5,84.6,149,56.7,,54.1,In Process,0,0.091
STU-3895,23EC395,ECE,6,86.7,7.07,6.75,improving,1,73.1,85.0,120,41.1,Ongoing,69.8,In Process,0,0.27
STU-2639,24IT939,IT,4,75.5,9.43,9.39,stable,0,94.2,74.8,80,54.6,,71.1,Not Eligible,0,0.162
STU-6949,25ME749,Mechanical,2,71.2,8.17,8.03,stable,0,81.9,76.2,42,67.3,,58.6,Not Eligible,0,0.081
STU-1518,22CS718,CSE,8,86.1,8.78,8.38,improving,0,84.6,76.9,169,80.4,,87.9,Placed,0,0.085
STU-8267,23CI267,Civil,6,78.3,7.4,7.63,declining,2,75.7,75.9,119,79.4,Ongoing,76.6,In Process,1,0.552
STU-8154,25CI154,Civil,2,80.5,5.92,5.47,improving,0,56.3,83.9,44,89.1,,57.2,Not Eligible,0,0.237
STU-5714,25EE414,EEE,1,80.1,7.64,7.76,stable,0,81.9,89.5,19,27.8,,64.9,Not Eligible,0,0.1
STU-2520,25IT820,IT,2,87.3,8.32,8.66,declining,0,79.6,79.9,42,59.1,,62.3,Not Eligible,0,0.123
STU-0042,24CS142,CSE,4,87.7,7.54,7.29,improving,0,69.5,88.1,80,58.3,,69.2,Not Eligible,0,0.101
STU-6146,22EE846,EEE,8,74.4,6.33,6.72,declining,1,60.1,66.5,162,57.5,,58.0,Placed,0,0.394
STU-4326,23EC826,ECE,6,66.2,5.57,5.83,declining,0,56.8,68.2,126,64.2,Completed,45.7,In Process,1,0.52
STU-6912,22ME712,Mechanical,8,75.0,8.49,8.29,improving,0,80.7,81.3,168,75.1,Ongoing,84.4,Placed,0,0.098
STU-4156,25EC656,ECE,2,77.0,7.55,7.44,stable,0,80.5,77.0,44,61.3,,71.5,Not Eligible,0,0.047
STU-1938,22CS238,CSE,7,83.0,6.86,7.14,declining,0,58.0,77.7,147,36.6,,77.8,In Process,0,0.221
STU-5227,23EE827,EEE,5,92.9,7.04,6.91,stable,0,73.6,98.4,107,66.3,Ongoing,61.0,Eligible,0,0.076
STU-0769,24CS869,CSE,3,91.1,6.82,6.87,stable,0,73.0,79.6,65,71.7,Ongoing,50.4,Not Eligible,0,0.202
STU-5351,24EE951,EEE,4,69.2,6.9,7.52,declining,0,59.5,61.5,86,57.8,,98.0,Not Eligible,0,0.35
STU-6826,22ME626,Mechanical,8,83.5,7.65,7.31,improving,0,77.0,87.5,170,67.2,Completed,68.6,Not Eligible,0,0.052
STU-1653,24CS853,CSE,3,87.2,9.62,9.44,improving,0,98.7,85.0,61,70.6,Ongoing,98.0,Not Eligible,0,0.082
STU-2636,22IT936,IT,7,75.5,7.07,6.67,improving,0,67.2,71.1,149,39.0,,62.0,Placed,0,0.086
STU-6317,23EE117,EEE,6,83.3,6.73,6.45,improving,0,69.1,75.2,124,20.2,Ongoing,73.3,Eligible,0,0.128
STU-1838,24CS138,CSE,3,87.0,7.66,7.47,improving,0,80.8,93.4,61,52.7,Ongoing,95.7,Not Eligible,0,0.068
STU-6734,23ME534,Mechanical,6,88.8,8.18,8.38,declining,0,91.7,86.9,128,60.9,,77.5,Eligible,0,0.065
STU-6962,24ME762,Mechanical,3,77.8,7.24,7.04,improving,0,74.4,72.8,63,65.7,,73.9,Not Eligible,0,0.123
STU-6996,23ME796,Mechanical,5,81.2,6.17,6.52,declining,0,51.9,80.1,107,47.8,Completed,63.5,In Process,0,0.211
STU-0047,24CS147,CSE,3,92.6,8.66,7.92,improving,0,78.5,81.5,64,64.7,,96.9,Not Eligible,0,0.081
STU-0704,25CS804,CSE,2,74.8,8.47,8.44,stable,0,88.3,80.9,42,71.8,Ongoing,91.1,Not Eligible,0,0.078
STU-6889,22ME689,Mechanical,8,89.9,8.45,8.57,stable,0,83.8,86.2,166,51.0,Completed,86.4,In Process,0,0.09
STU-6390,23ME190,Mechanical,6,79.5,6.61,7.09,declining,0,71.0,68.1,126,60.6,Completed,48.7,Eligible,0,0.313
STU-8106,24CI106,Civil,4,62.8,7.24,6.57,improving,3,62.9,67.3,72,65.1,,47.1,Not Eligible,1,0.869
STU-6740,25ME540,Mechanical,2,73.3,7.16,7.55,declining,0,77.9,72.1,38,53.8,,76.4,Not Eligible,0,0.177
STU-8269,24CI269,Civil,4,72.8,7.69,7.61,stable,0,74.4,79.8,80,98.0,,74.5,Not Eligible,0,0.163
STU-2673,22IT973,IT,7,80.9,7.04,7.0,stable,0,66.8,76.0,145,40.0,Completed,78.2,Placed,0,0.076
STU-7106,24ME906,Mechanical,4,76.4,7.79,7.55,improving,0,78.5,82.8,82,32.7,,89.4,Not Eligible,0,0.17
STU-2720,22IT120,IT,7,88.9,8.98,8.81,improving,0,76.8,75.0,148,84.6,Completed,95.4,Placed,0,0.05
STU-2799,23IT199,IT,5,97.0,7.46,7.35,stable,0,79.9,90.3,105,82.8,,84.2,Eligible,0,0.05
STU-0168,25CS268,CSE,2,90.9,7.57,7.41,improving,0,76.0,86.1,40,66.5,,86.7,Not Eligible,0,0.089
STU-8124,25CI124,Civil,2,72.2,6.54,6.51,stable,0,66.2,66.2,38,45.8,,86.3,Not Eligible,0,0.107
STU-2344,22IT644,IT,7,83.2,8.44,8.2,improving,0,86.2,79.2,147,59.6,Ongoing,81.7,Placed,0,0.174
STU-5016,23EC616,ECE,5,77.4,6.9,7.48,declining,0,72.4,66.3,107,21.5,,86.3,Eligible,0,0.412
STU-0337,22CS437,CSE,7,93.4,9.13,9.12,stable,0,92.8,94.3,148,57.9,,98.0,Placed,0,0.086
STU-1589,24CS789,CSE,4,91.5,7.97,7.96,stable,0,72.4,93.0,82,73.5,Ongoing,90.1,Not Eligible,0,0.079
STU-0277,22CS377,CSE,7,72.0,7.72,7.85,stable,0,86.1,68.7,148,42.8,Ongoing,67.9,In Process,0,0.166
STU-5312,22EE912,EEE,7,92.4,6.9,6.99,stable,0,69.8,93.9,143,80.7,Completed,65.4,In Process,0,0.138
STU-6834,22ME634,Mechanical,8,78.5,8.32,8.4,stable,0,87.0,79.0,168,80.2,Completed,98.0,Not Eligible,0,0.069
STU-3636,24EC136,ECE,4,72.8,7.29,7.5,declining,0,72.0,63.5,84,79.5,,52.6,Not Eligible,0,0.101
STU-0520,25CS620,CSE,2,92.8,9.9,10.0,stable,0,95.0,91.9,42,62.8,,79.0,Not Eligible,0,0.072
STU-7512,25ME412,Mechanical,2,81.4,6.11,6.37,declining,0,57.6,76.3,38,68.9,,76.5,Not Eligible,0,0.22
STU-8189,24CI189,Civil,4,76.0,7.22,7.33,stable,0,66.9,90.8,80,62.7,,86.3,Not Eligible,0,0.045
STU-6738,23ME538,Mechanical,6,79.4,6.5,6.68,declining,0,65.1,78.2,127,34.7,,77.3,Eligible,0,0.215
STU-0487,25CS587,CSE,1,94.1,8.27,7.77,improving,0,83.2,87.8,18,85.9,Ongoing,65.6,Not Eligible,0,0.076
STU-6639,25ME439,Mechanical,1,74.2,7.64,7.07,improving,0,76.0,79.9,23,57.5,,92.6,Not Eligible,0,0.086
STU-2972,22IT372,IT,8,87.9,9.01,8.77,improving,0,91.5,83.6,164,70.2,Completed,79.6,Placed,0,0.174
STU-7817,25CI717,Civil,1,78.8,7.14,7.24,stable,0,75.7,68.6,22,59.5,,63.0,Not Eligible,0,0.104
STU-6501,25ME301,Mechanical,1,85.6,7.58,7.72,stable,0,81.1,88.2,18,97.6,,76.0,Not Eligible,0,0.073
STU-1261,24CS461,CSE,3,90.4,7.97,7.77,improving,0,79.8,92.3,59,39.8,,74.1,Not Eligible,0,0.164
STU-1199,23CS399,CSE,6,79.2,9.16,9.25,stable,0,93.4,76.9,122,53.0,Ongoing,98.0,Eligible,0,0.087
STU-0942,23CS142,CSE,5,84.9,8.3,8.52,declining,0,85.6,77.7,103,64.8,Completed,59.3,Eligible,0,0.168
STU-4852,22EC452,ECE,8,71.0,7.65,7.68,stable,0,68.1,62.1,164,24.5,,63.4,Not Eligible,0,0.206
STU-8209,22CI209,Civil,7,85.7,7.23,6.84,improving,0,81.2,73.5,147,63.2,,69.6,Placed,0,0.099
STU-3621,25EC121,ECE,2,73.5,6.99,6.81,improving,0,75.9,78.0,38,72.5,,51.6,Not Eligible,0,0.093
STU-5190,22EC790,ECE,8,74.7,7.95,8.68,declining,0,78.6,76.1,170,28.6,Completed,87.9,Placed,0,0.336
STU-0480,23CS580,CSE,5,83.8,7.63,7.83,declining,0,80.8,89.7,106,67.8,,80.9,Eligible,0,0.098
STU-7767,23CI667,Civil,5,80.8,6.93,7.01,stable,0,66.6,84.3,107,84.9,,68.0,Eligible,0,0.127
STU-5482,23EE182,EEE,5,84.9,7.58,6.67,improving,0,82.1,86.7,107,61.5,Completed,89.9,Eligible,0,0.066
STU-2252,25IT552,IT,1,72.3,8.46,8.14,improving,0,83.0,66.0,22,71.5,,77.1,Not Eligible,0,0.059
STU-6513,22ME313,Mechanical,7,68.6,7.56,7.74,declining,0,75.1,67.0,147,51.4,,60.2,Not Eligible,0,0.212
STU-3769,23EC269,ECE,6,89.6,8.27,8.35,stable,0,88.7,93.1,126,38.9,,83.2,Eligible,0,0.097
STU-5561,23EE261,EEE,5,84.6,6.27,6.13,stable,1,58.0,73.5,99,78.4,,68.2,In Process,0,0.299
STU-6704,23ME504,Mechanical,6,77.9,7.63,7.77,stable,1,86.5,84.2,118,5.0,,66.6,In Process,0,0.396
STU-6900,24ME700,Mechanical,4,76.1,5.69,5.44,improving,1,60.6,79.1,78,62.6,Ongoing,38.7,Not Eligible,0,0.42
STU-5327,24EE927,EEE,4,77.4,7.15,7.01,stable,0,69.1,74.6,84,23.7,,79.7,Not Eligible,0,0.111
STU-8370,25CI370,Civil,2,82.6,8.38,8.29,stable,0,80.7,85.5,43,57.3,,74.4,Not Eligible,0,0.08
STU-0189,23CS289,CSE,5,86.6,8.26,7.68,improving,0,72.8,76.1,105,58.7,Completed,89.5,Eligible,0,0.059
STU-4705,24EC305,ECE,3,97.4,8.8,8.6,improving,1,89.0,100.0,60,73.0,,97.7,Not Eligible,0,0.127
STU-6975,23ME775,Mechanical,6,69.1,7.68,7.76,stable,0,74.6,71.7,128,98.0,,81.7,Eligible,0,0.182
STU-1626,23CS826,CSE,6,74.8,8.15,8.5,declining,0,89.8,81.3,124,44.1,Completed,87.3,Eligible,0,0.16
STU-6570,23ME370,Mechanical,6,87.9,6.97,6.57,improving,0,69.6,80.8,126,63.4,Completed,79.3,Eligible,0,0.037
STU-0860,25CS960,CSE,1,99.0,8.4,7.87,improving,0,89.2,89.9,19,53.6,,70.3,Not Eligible,0,0.101
STU-6637,25ME437,Mechanical,2,80.5,8.62,8.63,stable,0,81.6,65.0,42,52.5,,95.2,Not Eligible,0,0.092
STU-6099,22EE799,EEE,7,76.9,7.64,7.91,declining,0,79.8,80.0,147,39.1,Completed,97.8,Placed,0,0.101
STU-1633,23CS833,CSE,6,78.3,7.59,7.13,improving,1,65.9,81.4,120,89.3,Completed,70.4,In Process,0,0.199
STU-7970,22CI870,Civil,7,73.0,6.42,6.55,stable,2,65.2,73.6,141,66.8,Completed,45.6,In Process,1,0.619
STU-7596,22CI496,Civil,7,65.9,8.67,8.61,stable,0,79.9,75.2,149,71.0,Completed,93.2,Placed,0,0.208
STU-1666,22CS866,CSE,7,90.0,7.35,7.49,stable,0,68.6,82.8,149,88.0,Completed,49.5,Placed,0,0.163
STU-1351,22CS551,CSE,7,83.6,8.53,8.12,improving,0,84.1,84.3,149,54.5,Completed,80.1,Placed,0,0.088
STU-6502,23ME302,Mechanical,5,84.6,6.84,6.36,improving,0,71.4,78.3,107,65.3,Completed,77.9,Eligible,0,0.048
STU-4629,23EC229,ECE,6,87.7,8.52,8.69,declining,0,91.4,83.9,124,42.9,Ongoing,88.3,Eligible,0,0.132
STU-3861,24EC361,ECE,4,86.2,8.29,8.63,declining,0,86.2,93.2,80,57.8,,75.1,Not Eligible,0,0.134
STU-5218,22EE818,EEE,7,67.6,7.96,7.41,improving,0,73.0,55.3,143,64.3,Completed,91.0,Placed,0,0.215
STU-2892,22IT292,IT,7,88.5,7.98,7.57,improving,0,75.5,90.2,143,82.2,Completed,71.3,Placed,0,0.166
STU-5733,22EE433,EEE,7,94.8,9.35,9.59,declining,0,93.3,82.2,147,46.3,Completed,96.3,Placed,0,0.088
STU-6041,23EE741,EEE,6,85.6,8.36,8.54,declining,0,87.0,85.0,122,39.7,,69.3,Eligible,0,0.288
STU-2104,23CS404,CSE,6,93.6,8.1,7.27,improving,0,80.6,82.8,128,35.1,Ongoing,92.4,Eligible,0,0.089
STU-0069,25CS169,CSE,1,81.6,7.32,7.36,stable,0,74.5,78.0,19,68.2,,85.5,Not Eligible,0,0.068
STU-4885,25EC485,ECE,2,80.6,6.93,6.65,improving,0,73.9,78.5,42,63.6,,81.0,Not Eligible,0,0.076
STU-2985,25IT385,IT,1,84.3,8.06,7.48,improving,0,78.2,81.0,22,65.8,,81.0,Not Eligible,0,0.128
STU-7006,22ME806,Mechanical,7,70.0,6.94,7.12,declining,0,67.2,74.9,148,41.2,,74.0,In Process,0,0.15
STU-6858,25ME658,Mechanical,2,78.7,8.07,7.75,improving,0,84.1,78.1,42,79.0,,91.0,Not Eligible,0,0.085
STU-0604,25CS704,CSE,1,92.3,8.29,8.61,declining,0,88.7,96.3,21,65.9,,74.6,Not Eligible,0,0.141
STU-8026,23CI926,Civil,6,78.6,6.44,7.06,declining,0,62.8,73.5,128,59.6,Completed,73.9,In Process,0,0.443
STU-3113,22IT513,IT,7,98.7,7.99,7.59,improving,0,77.7,89.8,145,26.0,Ongoing,62.0,Placed,0,0.079
STU-2329,23IT629,IT,6,76.9,8.97,8.73,improving,0,92.1,73.9,124,45.3,Ongoing,98.0,Eligible,0,0.069
STU-5991,25EE691,EEE,2,89.3,7.28,7.18,stable,0,71.5,92.5,44,75.6,,82.6,Not Eligible,0,0.099
STU-3911,24EC411,ECE,4,82.6,7.65,7.63,stable,3,75.6,67.5,68,77.6,,75.3,Not Eligible,0,0.338
STU-0594,24CS694,CSE,3,89.4,8.9,9.14,declining,0,82.9,92.2,63,80.3,Ongoing,89.3,Not Eligible,0,0.193
STU-2623,23IT923,IT,6,81.2,7.86,8.09,declining,4,86.1,79.7,106,27.7,Completed,76.5,In Process,1,0.831
STU-3157,23IT557,IT,5,80.8,8.85,8.99,stable,0,85.8,83.7,107,84.0,Completed,89.0,Eligible,0,0.11
STU-2473,22IT773,IT,7,79.0,8.95,8.39,improving,0,94.2,79.4,145,70.6,Completed,88.2,Placed,0,0.047
STU-4402,24EC902,ECE,4,85.5,6.14,5.76,improving,0,69.8,82.7,82,88.8,,70.8,Not Eligible,0,0.126
STU-4799,25EC399,ECE,1,77.9,7.04,7.27,declining,0,67.3,72.4,18,48.6,,65.2,Not Eligible,0,0.122
STU-8053,24CI953,Civil,4,69.0,7.11,7.19,stable,0,83.7,61.8,85,57.9,,53.8,Not Eligible,0,0.2
STU-1413,24CS613,CSE,3,76.2,8.31,8.59,declining,0,88.8,67.6,59,51.3,,88.9,Not Eligible,0,0.119
STU-5628,22EE328,EEE,7,68.6,6.12,5.99,stable,0,70.6,61.1,145,79.5,,47.1,Placed,0,0.119
STU-0610,23CS710,CSE,6,91.5,9.13,9.22,stable,3,93.0,99.6,110,62.2,Completed,75.0,In Process,0,0.461
STU-7572,24CI472,Civil,3,79.6,6.96,7.4,declining,0,66.4,76.3,63,57.4,,58.7,Not Eligible,0,0.189
STU-4619,23EC219,ECE,6,59.7,6.21,5.82,improving,1,57.5,65.4,118,81.8,Completed,55.2,In Process,1,0.829
STU-4869,22EC469,ECE,7,89.7,8.28,8.05,improving,0,86.3,88.0,148,53.1,Completed,71.3,Placed,0,0.038
STU-7286,22ME186,Mechanical,8,78.8,9.52,9.53,stable,0,92.7,75.6,169,40.9,Completed,76.4,Placed,0,0.066
STU-0764,23CS864,CSE,6,90.0,6.99,7.24,declining,0,74.7,73.2,128,70.7,Completed,68.6,Eligible,0,0.163
STU-2149,22IT449,IT,8,97.0,8.73,8.33,improving,0,83.7,91.4,164,81.0,Ongoing,98.0,Placed,0,0.078
STU-1278,22CS478,CSE,8,71.8,8.93,9.03,stable,0,91.0,76.7,164,68.9,Completed,84.0,Placed,0,0.128
STU-7386,22ME286,Mechanical,8,87.9,6.99,6.95,stable,0,72.1,77.8,166,48.6,,73.9,Placed,0,0.095
STU-6408,23ME208,Mechanical,5,79.4,9.16,8.99,improving,0,99.0,91.3,103,36.7,Completed,91.1,Eligible,0,0.097
STU-1345,23CS545,CSE,6,79.9,6.5,6.73,declining,0,66.6,74.2,126,52.7,,59.3,Eligible,0,0.195
STU-5544,22EE244,EEE,7,83.5,8.42,8.21,improving,0,90.3,81.4,145,64.1,Ongoing,82.2,Placed,0,0.042
STU-0282,24CS382,CSE,3,68.1,8.52,8.9,declining,0,76.0,73.2,64,64.7,,81.1,Not Eligible,0,0.295
STU-2295,24IT595,IT,3,84.3,7.81,7.23,improving,0,84.6,74.3,59,25.4,Ongoing,75.6,Not Eligible,0,0.109
STU-3820,25EC320,ECE,1,82.9,7.18,6.7,improving,0,73.1,86.9,23,63.0,,74.0,Not Eligible,0,0.086
STU-8050,22CI950,Civil,7,76.7,8.48,8.26,improving,0,80.6,86.7,148,89.6,Ongoing,80.2,Placed,0,0.078
STU-1315,24CS515,CSE,4,80.7,6.49,6.34,improving,0,65.5,75.9,80,84.2,Ongoing,50.2,Not Eligible,0,0.105
STU-2778,22IT178,IT,7,82.7,8.26,8.22,stable,0,88.5,72.4,147,85.4,Completed,87.6,Placed,0,0.081
STU-8399,25CI399,Civil,1,78.8,8.19,7.85,improving,0,82.8,74.0,22,47.8,,69.3,Not Eligible,0,0.16
STU-3726,22EC226,ECE,7,75.0,7.54,6.95,improving,0,74.6,76.7,148,65.8,Completed,68.3,Placed,0,0.126
STU-4150,23EC650,ECE,6,82.8,8.76,8.74,stable,0,89.6,82.7,122,86.1,,92.0,Eligible,0,0.071
STU-3856,24EC356,ECE,4,77.4,7.89,7.22,improving,0,83.1,73.2,84,98.0,,80.6,Not Eligible,0,0.056
STU-3792,22EC292,ECE,7,75.6,7.07,6.61,improving,0,65.0,80.1,143,85.8,,62.7,In Process,0,0.083
STU-1267,24CS467,CSE,4,81.9,7.95,7.63,improving,0,73.3,70.1,80,64.5,,82.5,Not Eligible,0,0.069
STU-6044,25EE744,EEE,2,68.7,7.51,7.77,declining,0,73.2,74.2,42,97.3,,69.8,Not Eligible,0,0.23
STU-8075,23CI975,Civil,6,92.3,7.19,6.87,improving,0,80.1,84.9,122,93.3,Completed,77.0,Eligible,0,0.05
STU-7877,24CI777,Civil,4,76.7,7.38,7.5,stable,0,66.5,74.5,80,98.0,,65.4,Not Eligible,0,0.108
STU-0638,25CS738,CSE,2,80.0,7.43,7.56,stable,0,72.2,84.3,44,26.9,,61.6,Not Eligible,0,0.128
STU-4715,25EC315,ECE,1,86.8,8.66,8.72,stable,0,81.8,81.4,19,56.8,,91.9,Not Eligible,0,0.115
STU-7410,22ME310,Mechanical,8,71.0,7.41,7.97,declining,0,77.1,71.2,170,79.1,Completed,76.2,In Process,0,0.334
STU-2277,24IT577,IT,3,73.0,7.22,7.21,stable,0,69.2,70.8,63,68.7,,82.4,Not Eligible,0,0.055
STU-6287,22EE987,EEE,8,70.1,9.21,8.3,improving,0,89.8,70.1,168,75.0,Completed,98.0,Placed,0,0.118
STU-7266,22ME166,Mechanical,8,77.0,8.64,8.89,declining,0,83.0,75.7,164,98.0,Ongoing,84.6,Placed,0,0.092
STU-7118,23ME918,Mechanical,6,74.5,5.16,4.91,improving,2,59.2,81.3,114,66.0,,70.1,In Process,1,0.845
STU-0401,25CS501,CSE,1,93.6,7.72,7.43,improving,0,85.1,80.7,18,42.4,,62.7,Not Eligible,0,0.07
STU-3997,22EC497,ECE,7,89.7,7.67,7.59,stable,0,77.2,95.7,145,73.9,Completed,77.2,Placed,0,0.058
STU-3918,22EC418,ECE,7,79.8,7.47,7.43,stable,0,70.4,77.6,147,67.6,,59.9,In Process,0,0.102
STU-5929,23EE629,EEE,5,64.5,8.53,8.5,stable,0,82.9,70.8,105,75.3,Completed,76.1,Eligible,0,0.424
STU-8148,24CI148,Civil,4,73.4,6.63,6.41,improving,0,60.3,70.6,85,49.6,,47.1,Not Eligible,0,0.127
STU-5127,22EC727,ECE,8,69.1,7.57,7.28,improving,0,75.5,72.3,170,62.8,,72.1,Placed,0,0.097
STU-0507,22CS607,CSE,8,76.6,8.54,8.99,declining,0,82.8,70.7,168,46.5,Completed,98.0,Placed,0,0.167
STU-3328,23IT728,IT,5,73.2,9.03,9.3,declining,0,85.0,81.5,103,57.3,Ongoing,96.9,Eligible,0,0.116
STU-4464,23EC964,ECE,6,87.1,7.94,8.31,declining,0,72.2,81.0,128,50.1,Completed,83.2,Eligible,0,0.094
STU-7744,25CI644,Civil,2,78.4,7.31,7.37,stable,0,70.9,73.9,38,56.3,,64.2,Not Eligible,0,0.08
STU-3629,22EC129,ECE,8,90.5,6.7,6.71,stable,0,64.5,100.0,166,98.0,,70.8,In Process,0,0.085
STU-5246,23EE846,EEE,5,78.4,7.21,7.28,stable,0,76.7,85.3,107,39.8,,65.3,Eligible,0,0.154
STU-7127,23ME927,Mechanical,6,88.5,8.61,9.01,declining,0,97.5,79.7,124,65.3,,72.0,Eligible,0,0.169
STU-4722,22EC322,ECE,7,97.2,8.89,8.97,stable,0,89.9,99.7,145,55.0,Completed,76.7,Placed,0,0.087
STU-6717,23ME517,Mechanical,5,66.5,7.95,7.84,stable,0,73.0,62.3,105,57.8,Ongoing,82.9,Eligible,0,0.298
STU-1860,23CS160,CSE,6,78.0,8.52,8.07,improving,0,84.1,79.6,124,71.7,Completed,81.2,Eligible,0,0.159
STU-3967,25EC467,ECE,1,76.3,6.9,8.06,declining,0,66.9,73.6,22,46.6,,75.4,Not Eligible,0,0.176
STU-1242,22CS442,CSE,7,79.0,9.59,9.88,declining,0,99.0,77.4,148,44.8,,98.0,Placed,0,0.155
STU-3224,25IT624,IT,2,99.0,7.48,7.55,stable,0,70.5,97.1,44,31.6,,91.2,Not Eligible,0,0.155
STU-0287,24CS387,CSE,4,98.4,8.35,8.34,stable,0,85.0,96.0,84,34.5,,67.2,Not Eligible,0,0.126
STU-5208,24EE808,EEE,4,82.9,6.26,6.19,stable,0,63.1,75.1,80,67.0,,66.0,Not Eligible,0,0.14
STU-1785,23CS985,CSE,6,99.0,8.24,8.26,stable,0,79.6,95.0,122,62.4,Completed,76.7,Eligible,0,0.077
STU-1053,22CS253,CSE,8,80.0,7.82,7.79,stable,0,67.5,85.7,168,83.8,,73.6,Placed,0,0.059
STU-0015,25CS115,CSE,2,76.5,7.92,7.83,stable,0,71.4,69.8,43,50.6,,89.7,Not Eligible,0,0.046
STU-5586,22EE286,EEE,8,88.0,7.31,6.84,improving,0,70.5,88.0,166,45.7,,67.4,In Process,0,0.069
STU-1269,23CS469,CSE,5,90.7,8.2,8.77,declining,0,80.8,87.9,106,49.6,Completed,81.1,Eligible,0,0.23
STU-6885,22ME685,Mechanical,8,85.1,6.51,6.45,stable,1,58.6,83.4,160,64.8,,89.5,In Process,0,0.199
STU-8344,22CI344,Civil,7,70.8,7.54,7.39,improving,0,69.9,73.4,145,90.3,Ongoing,83.2,Placed,0,0.137
STU-7977,25CI877,Civil,1,85.4,6.49,6.14,improving,0,63.6,87.9,21,66.4,,84.4,Not Eligible,0,0.057
STU-0147,23CS247,CSE,5,79.7,7.52,7.05,improving,0,75.8,79.6,105,55.0,Ongoing,66.9,Eligible,0,0.098
STU-7378,23ME278,Mechanical,6,83.7,7.17,7.83,declining,0,65.0,76.2,122,37.4,,61.9,Eligible,0,0.208
STU-5872,24EE572,EEE,3,80.4,7.78,7.38,improving,0,82.6,83.0,63,22.1,,69.2,Not Eligible,0,0.142
STU-2769,22IT169,IT,7,78.5,7.44,7.81,declining,0,80.8,76.8,147,49.2,,63.4,In Process,0,0.14
STU-4605,22EC205,ECE,7,72.8,8.43,8.64,declining,0,85.3,70.1,147,49.8,,77.3,Placed,0,0.136
STU-0865,24CS965,CSE,4,96.8,8.27,8.56,declining,0,75.5,100.0,84,50.8,,80.7,Not Eligible,0,0.172
STU-1494,25CS694,CSE,1,92.1,7.36,7.86,declining,0,64.6,91.0,18,38.2,,75.8,Not Eligible,0,0.321
STU-2831,23IT231,IT,5,75.1,9.09,9.37,declining,0,93.6,74.1,106,61.3,Completed,87.8,Eligible,0,0.19
STU-5977,23EE677,EEE,6,83.5,7.45,6.88,improving,0,66.1,92.1,126,85.6,,98.0,Eligible,0,0.133
STU-6854,25ME654,Mechanical,1,68.5,5.58,5.97,declining,1,61.8,70.9,18,54.1,,52.6,Not Eligible,1,0.749
STU-3334,22IT734,IT,8,81.7,7.65,7.32,improving,0,80.2,83.4,168,43.7,Completed,65.3,In Process,0,0.082
STU-8389,24CI389,Civil,3,75.1,6.53,6.28,improving,1,68.3,84.9,55,57.0,,71.4,Not Eligible,0,0.075
STU-6798,24ME598,Mechanical,4,71.6,6.95,7.33,declining,0,72.3,73.4,82,41.4,,54.1,Not Eligible,0,0.209
STU-6018,22EE718,EEE,8,80.1,7.24,7.24,stable,0,66.8,88.2,166,65.6,Completed,57.0,In Process,0,0.094
STU-1981,25CS281,CSE,2,88.3,7.83,7.89,stable,0,79.2,100.0,40,82.8,,43.4,Not Eligible,0,0.117
STU-2959,23IT359,IT,5,86.2,9.73,10.0,declining,0,92.0,90.2,103,51.2,Completed,98.0,Eligible,0,0.101
STU-2700,24IT100,IT,4,77.2,7.8,7.62,improving,0,79.8,68.6,86,28.2,,87.7,Not Eligible,0,0.062
STU-5624,23EE324,EEE,5,74.6,6.89,6.71,improving,1,78.2,79.6,99,67.1,Ongoing,57.3,In Process,0,0.155
STU-7795,25CI695,Civil,1,71.1,6.64,6.67,stable,0,63.3,71.4,21,73.0,,63.1,Not Eligible,0,0.097
STU-0413,22CS513,CSE,8,77.6,9.33,9.7,declining,0,83.3,68.8,164,41.9,Completed,98.0,Placed,0,0.183
STU-7972,23CI872,Civil,5,79.1,7.15,7.95,declining,1,62.0,77.8,103,49.2,Completed,79.6,In Process,0,0.487
STU-0829,23CS929,CSE,6,87.5,7.65,8.36,declining,0,72.3,79.5,122,73.8,Completed,77.9,Eligible,0,0.273
STU-7224,24ME124,Mechanical,4,78.1,7.97,7.43,improving,0,74.0,78.2,80,66.1,,88.6,Not Eligible,0,0.088
STU-1779,25CS979,CSE,2,76.6,9.95,9.46,improving,0,98.7,76.6,38,31.8,,98.0,Not Eligible,0,0.167
STU-5201,24EE801,EEE,3,75.7,7.4,8.19,declining,0,72.5,77.7,65,79.3,,76.0,Not Eligible,0,0.348
STU-8074,23CI974,Civil,5,74.5,7.08,7.55,declining,4,68.4,77.0,87,70.6,,73.3,In Process,1,0.85
STU-1542,25CS742,CSE,1,78.0,6.52,6.41,stable,0,60.6,84.6,23,69.4,,71.9,Not Eligible,0,0.106
STU-5517,24EE217,EEE,3,69.8,6.64,7.22,declining,0,80.2,84.9,65,98.0,,56.5,Not Eligible,0,0.338
STU-5842,24EE542,EEE,3,72.2,8.18,7.99,improving,0,85.6,76.6,63,79.9,,98.0,Not Eligible,0,0.105
STU-7650,23CI550,Civil,5,68.7,6.14,5.53,improving,0,56.7,62.0,107,81.7,,53.3,In Process,0,0.126
STU-6906,24ME706,Mechanical,4,74.4,7.96,8.22,declining,0,75.4,85.5,80,70.7,,65.4,Not Eligible,0,0.19
STU-7450,25ME350,Mechanical,1,79.5,7.54,7.53,stable,0,79.5,80.6,18,5.0,,49.3,Not Eligible,0,0.302
STU-0175,23CS275,CSE,6,81.3,8.72,8.32,improving,0,90.2,82.3,122,56.0,Completed,85.1,Eligible,0,0.086
STU-5091,22EC691,ECE,7,81.6,8.03,7.99,stable,0,74.1,84.5,143,66.1,Completed,74.5,Placed,0,0.09
STU-7444,24ME344,Mechanical,4,78.5,6.05,5.23,improving,0,58.5,69.0,82,50.9,,60.8,Not Eligible,0,0.158
STU-6414,24ME214,Mechanical,4,81.5,6.95,7.71,declining,0,66.3,72.3,86,58.9,Ongoing,78.8,Not Eligible,0,0.282
STU-2475,25IT775,IT,2,70.1,8.74,8.96,declining,0,84.3,65.7,43,76.2,,89.2,Not Eligible,0,0.101
STU-0663,23CS763,CSE,5,71.9,7.65,8.22,declining,0,80.4,87.8,103,44.8,Ongoing,71.7,Eligible,0,0.262
STU-4979,22EC579,ECE,7,90.3,6.64,6.72,stable,0,66.2,84.5,147,51.2,,74.9,Not Eligible,0,0.149
STU-8159,24CI159,Civil,3,79.1,8.1,7.17,improving,0,86.4,74.0,63,50.4,,69.9,Not Eligible,0,0.085
STU-8119,22CI119,Civil,8,79.3,6.5,6.45,stable,0,62.6,72.0,168,36.9,,50.0,Not Eligible,0,0.108
STU-3478,22IT878,IT,8,86.7,8.42,8.09,improving,0,88.6,78.9,170,70.6,Completed,79.0,Placed,0,0.038
STU-7739,22CI639,Civil,8,75.3,8.11,7.53,improving,0,85.8,76.4,166,96.4,Completed,93.0,Placed,0,0.11
STU-3417,22IT817,IT,8,95.2,8.79,8.51,improving,0,90.0,92.0,166,98.0,,68.9,Placed,0,0.066
STU-6809,24ME609,Mechanical,4,56.6,6.23,6.46,declining,2,64.1,68.4,76,46.3,,61.7,Not Eligible,1,0.986
STU-2638,23IT938,IT,5,81.1,9.18,9.4,declining,0,91.3,80.8,106,71.2,Completed,98.0,Eligible,0,0.233
STU-3698,22EC198,ECE,7,80.0,8.85,8.24,improving,0,92.9,74.0,148,60.1,Completed,93.6,Placed,0,0.162
STU-1781,25CS981,CSE,1,79.1,8.61,8.82,declining,0,87.2,79.0,18,48.5,,71.2,Not Eligible,0,0.147
STU-6705,22ME505,Mechanical,8,79.1,7.36,7.62,declining,0,68.5,69.8,169,84.8,,92.3,In Process,0,0.105
STU-2164,25IT464,IT,1,66.2,8.82,8.77,stable,0,96.7,73.1,22,84.9,,73.4,Not Eligible,0,0.251
STU-4583,22EC183,ECE,7,81.0,6.9,6.86,stable,2,68.3,85.9,141,51.3,Completed,57.5,Placed,0,0.203
STU-1478,22CS678,CSE,7,90.3,9.39,9.21,improving,0,94.0,83.9,149,66.7,Ongoing,98.0,Placed,0,0.143
STU-2975,25IT375,IT,2,81.7,9.32,9.41,stable,0,92.6,79.4,42,36.5,,98.0,Not Eligible,0,0.043
STU-2296,25IT596,IT,2,76.9,7.08,6.6,improving,0,75.6,77.0,42,65.6,,75.6,Not Eligible,0,0.089
STU-5942,23EE642,EEE,6,81.9,7.81,7.8,stable,3,84.6,87.5,110,59.1,Completed,77.1,In Process,0,0.412
STU-5316,25EE916,EEE,1,89.4,7.23,7.43,declining,0,70.6,88.5,22,69.0,Ongoing,50.3,Not Eligible,0,0.123
STU-4971,23EC571,ECE,5,74.9,5.59,6.1,declining,2,47.6,76.8,93,76.6,,55.4,In Process,1,0.808
STU-6200,23EE900,EEE,6,84.7,8.82,8.65,improving,0,91.8,80.2,127,73.5,Completed,75.5,Eligible,0,0.104
STU-7083,24ME883,Mechanical,3,86.2,8.49,9.37,declining,0,78.3,71.7,59,40.7,,56.1,Not Eligible,0,0.414
STU-5205,24EE805,EEE,3,83.9,8.63,8.62,stable,0,86.9,78.9,64,36.3,Ongoing,85.7,Not Eligible,0,0.074
STU-3697,23EC197,ECE,6,75.8,7.83,7.74,stable,0,79.6,73.7,126,76.3,,66.3,Eligible,0,0.101
STU-7149,22ME949,Mechanical,7,70.8,8.22,7.66,improving,0,89.3,85.0,149,70.6,,53.8,Placed,0,0.135
STU-2580,22IT880,IT,8,89.1,7.02,7.58,declining,0,68.2,76.3,166,49.7,Completed,80.7,In Process,0,0.191
STU-7338,24ME238,Mechanical,3,68.9,7.48,7.63,declining,0,69.4,68.0,61,32.8,,76.1,Not Eligible,0,0.176
STU-7385,25ME285,Mechanical,1,99.0,7.89,7.94,stable,0,82.3,87.9,23,38.5,,61.7,Not Eligible,0,0.12
STU-4921,24EC521,ECE,4,71.7,6.13,5.89,improving,3,50.5,72.0,68,88.4,,75.6,Not Eligible,1,0.786
STU-1273,22CS473,CSE,7,84.4,9.46,9.87,declining,0,98.9,78.6,148,67.5,Ongoing,87.8,Placed,0,0.163
STU-6537,24ME337,Mechanical,3,73.1,6.89,7.12,declining,0,68.2,77.0,59,79.3,,59.9,Not Eligible,0,0.122
STU-1758,24CS958,CSE,4,89.8,7.41,7.43,stable,0,71.3,86.8,85,61.1,,76.8,Not Eligible,0,0.089
STU-5494,23EE194,EEE,5,74.5,7.25,7.13,stable,2,65.2,77.2,99,67.3,,73.8,In Process,1,0.656
STU-2839,24IT239,IT,4,70.6,9.84,10.0,declining,0,95.2,72.9,85,78.1,,98.0,Not Eligible,0,0.122
STU-2168,22IT468,IT,7,89.9,6.05,5.63,improving,0,60.3,86.0,143,57.0,Ongoing,61.1,In Process,0,0.114
STU-0522,24CS622,CSE,3,93.8,8.28,7.89,improving,0,86.4,89.1,59,48.6,,89.0,Not Eligible,0,0.1
STU-4024,23EC524,ECE,5,97.3,7.04,7.42,declining,0,76.7,95.2,107,49.4,Completed,94.6,Eligible,0,0.207
STU-1792,23CS992,CSE,6,62.1,7.44,7.96,declining,0,74.4,67.1,122,56.6,,84.6,Eligible,1,0.603
STU-2708,23IT108,IT,6,70.6,7.4,7.1,improving,0,75.4,79.5,128,5.5,Completed,77.8,Eligible,0,0.177
STU-2010,24CS310,CSE,4,85.7,7.05,7.34,declining,0,65.0,79.0,85,52.0,,68.4,Not Eligible,0,0.113
STU-8067,23CI967,Civil,6,72.4,7.58,7.7,stable,0,75.6,80.6,124,53.5,Completed,82.9,Eligible,0,0.09
STU-7206,24ME106,Mechanical,4,75.7,6.8,6.81,stable,0,78.7,83.3,85,78.1,,66.4,Not Eligible,0,0.04
STU-0858,24CS958,CSE,4,89.7,7.9,8.08,declining,0,74.9,89.6,84,79.8,,84.9,Not Eligible,0,0.175
STU-2937,22IT337,IT,8,91.8,8.18,8.11,stable,0,77.0,80.6,170,87.1,Ongoing,58.4,Placed,0,0.142
STU-2761,25IT161,IT,1,82.6,7.82,8.22,declining,0,84.0,72.3,21,69.6,,79.5,Not Eligible,0,0.21
STU-6753,24ME553,Mechanical,3,79.7,7.53,7.99,declining,0,72.8,76.9,61,74.2,,51.4,Not Eligible,0,0.195
STU-1396,22CS596,CSE,7,84.3,7.52,7.22,improving,0,75.5,85.9,147,42.6,,84.8,Placed,0,0.089
STU-0508,22CS608,CSE,7,90.4,9.09,8.73,improving,0,90.9,80.8,143,53.5,Completed,98.0,Placed,0,0.073
STU-7605,25CI505,Civil,1,72.9,7.42,6.88,improving,0,81.4,70.5,21,44.7,,76.1,Not Eligible,0,0.128
STU-4243,24EC743,ECE,3,73.6,7.9,7.82,stable,0,75.3,73.6,64,82.6,,71.6,Not Eligible,0,0.111
STU-2328,22IT628,IT,7,83.3,6.35,6.32,stable,0,60.4,85.9,143,98.0,,77.0,In Process,0,0.074
STU-3576,22EC976,ECE,7,86.6,7.72,8.13,declining,0,78.9,90.6,149,70.0,Completed,62.6,Placed,0,0.221
STU-0294,24CS394,CSE,3,81.4,8.08,8.26,declining,0,89.5,77.7,59,61.7,,71.1,Not Eligible,0,0.056
STU-1480,24CS680,CSE,4,91.0,8.5,9.07,declining,0,88.6,85.1,85,48.5,Ongoing,81.9,Not Eligible,0,0.169
STU-3067,23IT467,IT,6,83.6,8.68,8.54,stable,0,87.5,84.4,128,76.9,Completed,72.6,Eligible,0,0.103
STU-6737,24ME537,Mechanical,3,82.7,6.29,6.34,stable,0,62.5,82.1,59,44.2,Ongoing,61.4,Not Eligible,0,0.104
STU-3660,22EC160,ECE,7,78.5,7.35,7.05,improving,0,73.0,77.3,147,60.9,Completed,67.0,In Process,0,0.107
STU-1268,24CS468,CSE,4,73.6,8.07,8.32,declining,0,77.4,78.0,86,36.4,,59.3,Not Eligible,0,0.086
STU-3489,22IT889,IT,7,90.8,7.36,6.36,improving,0,66.6,87.6,149,79.8,Completed,86.1,In Process,0,0.098
STU-2774,22IT174,IT,7,83.7,6.99,6.98,stable,0,71.9,94.4,143,56.4,Completed,57.1,In Process,0,0.085
STU-1042,22CS242,CSE,7,78.4,7.0,6.61,improving,0,75.5,73.8,149,71.8,Completed,65.4,Not Eligible,0,0.07
STU-5893,25EE593,EEE,2,76.6,8.34,8.12,improving,0,80.1,76.7,42,85.3,Ongoing,98.0,Not Eligible,0,0.05
STU-1210,22CS410,CSE,8,74.2,7.86,7.65,improving,0,68.3,75.1,166,84.4,Completed,95.3,Placed,0,0.13
STU-7599,24CI499,Civil,4,90.4,7.87,7.64,improving,0,79.3,82.2,86,55.6,,76.2,Not Eligible,0,0.127
STU-4383,22EC883,ECE,8,58.4,8.05,8.04,stable,0,74.6,55.8,168,45.4,Completed,80.5,Placed,1,0.711
STU-2251,22IT551,IT,7,92.5,8.2,8.2,stable,0,87.2,74.7,148,98.0,Completed,82.2,Placed,0,0.126
STU-1334,22CS534,CSE,8,85.4,9.95,10.0,stable,0,99.0,83.8,164,77.0,Completed,86.3,Placed,0,0.094
STU-3991,23EC491,ECE,6,94.0,8.74,8.87,stable,0,96.8,89.1,127,50.4,Ongoing,85.9,Eligible,0,0.159
STU-1646,23CS846,CSE,6,79.4,7.32,7.05,improving,0,74.5,76.6,122,83.9,,47.9,Eligible,0,0.126
STU-3259,24IT659,IT,3,92.9,7.34,7.09,improving,0,74.7,91.5,65,49.2,Ongoing,61.4,Not Eligible,0,0.138
STU-2822,25IT222,IT,2,87.9,6.93,6.57,improving,0,62.8,80.3,40,48.2,,65.0,Not Eligible,0,0.123
STU-0788,24CS888,CSE,4,91.0,8.71,9.54,declining,0,89.2,85.1,80,46.5,,85.9,Not Eligible,0,0.237
STU-7986,25CI886,Civil,2,69.9,6.43,6.68,declining,1,68.4,77.5,38,57.4,,63.6,Not Eligible,0,0.325
STU-8421,22CI421,Civil,7,82.9,7.76,7.66,stable,0,82.5,81.1,143,62.2,,69.9,In Process,0,0.067
STU-2469,22IT769,IT,7,81.9,7.86,7.16,improving,0,82.8,88.1,143,79.5,,83.3,Placed,0,0.083
STU-6743,23ME543,Mechanical,6,71.3,7.37,7.32,stable,2,73.3,68.4,120,92.0,Completed,54.0,In Process,1,0.581
STU-7453,22ME353,Mechanical,7,77.7,6.63,6.18,improving,1,64.0,82.9,141,95.7,,69.3,In Process,0,0.252
STU-8054,23CI954,Civil,5,87.0,8.22,8.77,declining,0,86.6,75.1,106,77.7,Completed,82.1,Eligible,0,0.144
STU-3323,25IT723,IT,2,65.6,9.05,9.06,stable,0,90.3,58.3,44,56.1,,69.6,Not Eligible,0,0.202
STU-6415,22ME215,Mechanical,7,92.2,7.58,6.96,improving,0,80.5,83.4,149,64.2,,82.7,Placed,0,0.187
STU-7133,22ME933,Mechanical,7,78.3,5.55,5.51,stable,2,54.5,82.2,141,81.7,Completed,60.8,In Process,1,0.581
STU-7145,22ME945,Mechanical,8,64.4,8.71,8.87,declining,0,88.2,73.8,170,80.1,Completed,78.7,Placed,0,0.349
STU-5065,23EC665,ECE,6,81.8,7.66,7.44,improving,0,79.2,83.1,128,63.4,Completed,74.8,Eligible,0,0.059
STU-4037,25EC537,ECE,1,76.7,7.06,7.23,declining,0,72.0,82.8,19,94.6,Ongoing,54.0,Not Eligible,0,0.084
STU-4411,25EC911,ECE,2,87.7,6.22,6.0,improving,0,66.9,80.5,42,88.6,,62.3,Not Eligible,0,0.125
STU-2416,25IT716,IT,2,85.8,7.24,7.18,stable,0,69.5,84.0,43,81.9,,54.8,Not Eligible,0,0.067
STU-4831,24EC431,ECE,4,83.8,7.97,8.15,declining,0,73.6,86.0,86,47.4,,68.1,Not Eligible,0,0.123
STU-0831,25CS931,CSE,2,79.1,7.79,7.0,improving,0,77.8,85.2,43,71.8,,67.9,Not Eligible,0,0.099
STU-3442,24IT842,IT,3,75.2,7.49,7.98,declining,0,77.2,62.7,61,85.0,,67.6,Not Eligible,0,0.258
STU-5569,22EE269,EEE,8,86.7,8.46,8.17,improving,0,82.6,73.4,168,31.9,,85.9,Placed,0,0.133
STU-1352,23CS552,CSE,5,82.9,6.8,6.4,improving,0,70.4,84.1,103,83.3,,77.6,Eligible,0,0.035
STU-8181,24CI181,Civil,4,81.5,8.54,8.46,stable,0,93.0,78.6,85,59.7,,73.3,Not Eligible,0,0.134
STU-2326,25IT626,IT,1,70.4,8.99,9.41,declining,0,89.3,66.0,18,98.0,,86.7,Not Eligible,0,0.24
STU-0410,25CS510,CSE,1,79.5,7.62,7.56,stable,0,84.2,84.9,18,47.7,,67.5,Not Eligible,0,0.057
STU-6554,23ME354,Mechanical,5,68.4,6.1,6.1,stable,0,62.9,74.4,105,38.6,,45.7,In Process,0,0.276
STU-7348,24ME248,Mechanical,3,69.3,6.78,7.13,declining,3,66.7,72.6,52,35.2,,84.7,Not Eligible,1,0.817
STU-1570,24CS770,CSE,4,72.3,7.28,8.02,declining,0,69.8,76.2,86,98.0,Ongoing,79.5,Not Eligible,0,0.251
STU-1323,22CS523,CSE,7,71.6,8.58,8.75,declining,0,87.6,75.5,148,56.7,,90.4,Placed,0,0.201
STU-5598,23EE298,EEE,6,81.2,9.28,9.64,declining,0,96.1,89.3,122,65.9,,74.6,Eligible,0,0.101
STU-0799,23CS899,CSE,6,84.5,8.7,8.44,improving,0,91.7,88.3,124,87.4,Completed,74.3,Eligible,0,0.043
STU-1994,25CS294,CSE,2,85.4,7.75,8.23,declining,0,77.9,85.1,44,58.6,,62.1,Not Eligible,0,0.141
STU-0039,23CS139,CSE,6,76.6,8.23,8.03,improving,0,78.0,72.8,124,59.7,Completed,82.2,Eligible,0,0.04
STU-4255,22EC755,ECE,7,85.1,6.34,6.57,declining,0,58.9,82.1,143,54.8,,60.9,In Process,0,0.156
STU-7525,24ME425,Mechanical,3,74.9,7.71,7.3,improving,0,83.0,69.9,65,98.0,,73.2,Not Eligible,0,0.062
STU-4091,24EC591,ECE,3,82.4,7.74,8.13,declining,0,72.0,78.1,61,76.5,,71.6,Not Eligible,0,0.1
STU-0320,25CS420,CSE,2,81.5,7.79,8.52,declining,0,77.9,78.9,38,64.1,Ongoing,79.8,Not Eligible,0,0.318
STU-5071,23EC671,ECE,6,72.1,7.52,7.65,stable,0,69.7,67.7,124,85.3,Completed,59.9,Eligible,0,0.086
STU-0215,23CS315,CSE,6,84.8,7.18,6.48,improving,0,67.5,95.1,127,20.8,Completed,76.6,Eligible,0,0.09
STU-6762,25ME562,Mechanical,2,72.3,6.56,6.6,stable,0,59.5,65.8,40,80.7,,61.1,Not Eligible,0,0.121
STU-3413,22IT813,IT,7,79.5,8.52,8.35,improving,0,92.5,79.5,148,42.9,Completed,77.6,Placed,0,0.107
STU-1211,24CS411,CSE,4,93.2,7.41,7.16,improving,0,73.8,84.6,82,85.2,,73.3,Not Eligible,0,0.073
STU-5222,25EE822,EEE,1,91.1,7.34,6.5,improving,0,69.7,83.8,22,78.0,,73.9,Not Eligible,0,0.143
STU-3122,25IT522,IT,2,74.5,8.87,8.95,stable,0,88.6,72.8,40,59.4,,98.0,Not Eligible,0,0.111
STU-4044,25EC544,ECE,2,99.0,9.62,9.84,declining,0,92.8,83.3,40,55.1,,91.2,Not Eligible,0,0.15
STU-0823,24CS923,CSE,3,84.5,6.98,6.22,improving,0,68.2,89.3,61,48.7,,70.0,Not Eligible,0,0.05
STU-4557,25EC157,ECE,1,83.4,8.43,8.27,improving,0,92.6,89.2,21,38.0,,66.7,Not Eligible,0,0.098
STU-4920,24EC520,ECE,3,92.8,7.52,7.06,improving,0,83.3,83.6,65,41.8,,79.4,Not Eligible,0,0.088
STU-3203,24IT603,IT,3,84.6,7.5,7.16,improving,0,76.6,80.9,61,46.0,,93.0,Not Eligible,0,0.09
STU-1664,24CS864,CSE,4,82.9,9.95,9.82,stable,0,99.0,91.1,82,54.2,,98.0,Not Eligible,0,0.157
STU-1229,22CS429,CSE,8,99.0,5.78,6.0,declining,0,58.8,91.0,166,49.9,Completed,64.2,In Process,0,0.335
STU-6566,24ME366,Mechanical,4,89.6,7.93,7.8,stable,0,76.4,84.8,84,90.5,,53.7,Not Eligible,0,0.073
STU-6634,22ME434,Mechanical,7,65.6,7.02,6.34,improving,0,67.0,68.0,149,34.4,Completed,71.8,In Process,0,0.259
STU-5955,22EE655,EEE,7,68.8,6.98,7.08,stable,0,76.7,69.8,149,64.9,Ongoing,67.3,Placed,0,0.254
STU-4023,25EC523,ECE,2,98.1,6.98,6.83,improving,0,59.3,93.6,38,80.8,,75.9,Not Eligible,0,0.12
STU-3678,24EC178,ECE,4,85.6,6.85,7.56,declining,0,71.3,80.4,80,21.6,,62.7,Not Eligible,0,0.379
STU-6040,23EE740,EEE,6,61.0,7.56,7.86,declining,4,84.1,68.1,110,74.2,Completed,52.4,In Process,1,0.981
STU-4868,25EC468,ECE,1,71.5,8.94,8.95,stable,0,92.4,68.7,21,42.8,,92.3,Not Eligible,0,0.161
STU-5502,25EE202,EEE,2,89.4,7.25,6.97,improving,0,76.8,84.6,42,58.2,,56.2,Not Eligible,0,0.09
STU-5998,25EE698,EEE,2,71.7,8.34,8.05,improving,0,83.8,65.2,42,67.6,,90.0,Not Eligible,0,0.204
STU-7496,24ME396,Mechanical,4,79.5,6.1,5.91,improving,0,67.0,83.6,84,63.7,Ongoing,70.3,Not Eligible,0,0.217
STU-0720,23CS820,CSE,6,77.1,9.35,8.68,improving,0,88.6,91.9,122,29.8,Completed,93.5,Eligible,0,0.113
STU-4565,22EC165,ECE,7,74.7,7.43,7.72,declining,0,79.8,74.3,147,55.8,,68.0,Not Eligible,0,0.23
STU-4036,25EC536,ECE,1,68.7,6.83,6.85,stable,1,69.3,60.3,19,47.1,,77.9,Not Eligible,0,0.414
STU-6165,24EE865,EEE,3,82.2,7.47,7.44,stable,0,80.7,82.3,65,58.0,,64.7,Not Eligible,0,0.101
STU-8396,25CI396,Civil,2,74.1,6.47,6.21,improving,0,60.0,76.1,43,56.5,,59.0,Not Eligible,0,0.113
STU-7207,24ME107,Mechanical,4,75.9,8.09,7.81,improving,0,85.0,80.2,80,46.0,Ongoing,82.9,Not Eligible,0,0.123
STU-2305,24IT605,IT,4,72.1,9.31,9.01,improving,0,94.6,63.7,85,75.2,,87.3,Not Eligible,0,0.097
STU-8249,25CI249,Civil,1,77.9,7.59,8.23,declining,0,82.4,78.3,21,37.6,,63.3,Not Eligible,0,0.217
STU-2869,24IT269,IT,3,80.5,8.48,8.52,stable,0,87.3,75.3,61,68.2,,80.9,Not Eligible,0,0.064
STU-2302,23IT602,IT,5,84.2,8.71,8.74,stable,0,80.7,87.0,105,54.0,,87.8,Eligible,0,0.103
STU-3290,24IT690,IT,4,89.0,8.5,8.12,improving,0,93.3,68.4,85,50.9,,84.7,Not Eligible,0,0.122
STU-5392,24EE992,EEE,3,67.1,6.9,6.32,improving,0,61.7,75.9,65,78.3,,36.9,Not Eligible,0,0.196
STU-6887,22ME687,Mechanical,8,71.7,6.14,5.98,improving,1,62.8,64.4,166,76.3,,88.8,In Process,0,0.263
STU-0931,25CS131,CSE,2,86.3,7.0,6.58,improving,0,68.9,77.5,42,75.4,,72.9,Not Eligible,0,0.12
STU-1183,23CS383,CSE,5,87.8,9.95,10.0,stable,0,99.0,85.9,105,68.7,,98.0,Eligible,0,0.119
STU-5267,25EE867,EEE,2,83.5,8.05,7.94,stable,0,76.1,77.9,43,82.3,,95.8,Not Eligible,0,0.092
STU-6096,25EE796,EEE,1,74.3,6.35,6.41,stable,0,58.7,73.0,18,84.0,,50.5,Not Eligible,0,0.106
STU-3015,22IT415,IT,8,87.3,8.5,8.77,declining,0,83.3,79.8,169,53.4,Ongoing,70.0,Placed,0,0.087
STU-3837,23EC337,ECE,5,76.2,7.93,7.57,improving,0,91.2,64.8,101,50.7,Completed,68.8,Eligible,0,0.077
STU-3547,22EC947,ECE,8,90.1,7.92,7.91,stable,0,71.3,90.2,169,49.3,,88.5,Placed,0,0.064
STU-3746,25EC246,ECE,1,81.2,6.8,7.03,declining,0,73.4,75.7,21,80.5,,58.4,Not Eligible,0,0.132
STU-2833,23IT233,IT,5,77.3,8.93,8.84,stable,0,86.2,74.0,106,35.1,Completed,78.6,Eligible,0,0.122
STU-2210,23IT510,IT,5,67.4,7.43,6.84,improving,0,76.0,71.8,106,49.4,Completed,77.0,Eligible,0,0.242
STU-4734,22EC334,ECE,7,88.1,6.1,6.2,stable,0,54.6,78.9,145,50.5,Completed,75.3,In Process,0,0.262
STU-7024,22ME824,Mechanical,7,87.4,6.31,5.86,improving,0,63.0,89.4,143,55.4,Ongoing,75.6,Not Eligible,0,0.172
STU-1850,23CS150,CSE,6,70.3,6.95,6.89,stable,0,67.0,61.3,127,72.7,Completed,56.1,Eligible,0,0.113
STU-5629,24EE329,EEE,3,80.2,6.6,6.71,stable,0,66.4,69.7,64,54.8,,70.0,Not Eligible,0,0.106
STU-5375,23EE975,EEE,6,82.8,6.99,6.56,improving,0,75.7,75.0,124,65.5,Ongoing,44.3,Eligible,0,0.164
STU-8321,25CI321,Civil,1,84.0,6.71,7.23,declining,1,66.0,81.1,18,44.6,,75.7,Not Eligible,0,0.445
STU-8030,22CI930,Civil,8,85.5,8.15,8.04,stable,0,76.3,83.8,166,42.3,,81.1,Placed,0,0.082
STU-6349,23ME149,Mechanical,5,90.5,7.33,7.51,declining,0,76.8,84.7,107,63.6,,65.8,Eligible,0,0.074
STU-1124,22CS324,CSE,7,95.2,8.53,8.25,improving,0,83.2,98.5,148,37.8,Ongoing,67.2,Placed,0,0.059
STU-4010,22EC510,ECE,7,88.4,7.49,6.91,improving,0,78.7,79.4,149,42.0,,72.6,Placed,0,0.072
STU-0821,22CS921,CSE,7,94.0,7.92,7.76,improving,0,71.3,85.0,147,84.6,Ongoing,81.0,Placed,0,0.058
STU-2161,25IT461,IT,2,82.7,7.14,7.27,stable,0,65.2,72.8,42,81.7,,60.2,Not Eligible,0,0.132
STU-4060,24EC560,ECE,3,93.6,6.86,6.8,stable,0,60.4,95.5,64,50.4,,72.4,Not Eligible,0,0.08
STU-6612,23ME412,Mechanical,6,83.5,6.85,6.92,stable,0,73.9,83.1,128,59.1,,81.4,Eligible,0,0.053
STU-1103,22CS303,CSE,8,90.1,7.16,7.92,declining,0,71.3,88.3,164,56.4,,59.2,Placed,0,0.238
STU-2370,23IT670,IT,5,92.5,8.02,7.68,improving,0,75.9,89.1,103,52.7,,76.5,Eligible,0,0.076
STU-1131,23CS331,CSE,6,80.9,7.47,7.56,stable,0,77.8,86.7,124,66.7,,64.7,Eligible,0,0.221
STU-4123,23EC623,ECE,6,84.1,7.52,7.75,declining,0,74.0,76.2,124,80.4,Completed,72.8,Eligible,0,0.081
STU-4703,22EC303,ECE,8,79.1,5.74,5.76,stable,1,60.8,78.6,164,36.6,Completed,58.9,Not Eligible,0,0.397
STU-6235,25EE935,EEE,2,88.6,6.97,6.78,improving,0,68.5,85.7,38,50.4,,68.9,Not Eligible,0,0.115
STU-1579,23CS779,CSE,5,88.1,7.03,7.4,declining,0,69.0,90.6,103,39.6,Completed,73.9,Eligible,0,0.233
STU-2739,22IT139,IT,8,71.5,7.86,7.4,improving,1,74.8,68.4,162,59.7,Completed,70.1,In Process,0,0.18
STU-3825,25EC325,ECE,1,81.3,9.16,8.85,improving,0,93.0,81.0,18,68.8,,95.0,Not Eligible,0,0.122
STU-1068,25CS268,CSE,1,73.5,9.38,9.42,stable,0,83.4,71.6,21,41.5,,80.7,Not Eligible,0,0.124
STU-3879,25EC379,ECE,2,80.9,8.54,8.91,declining,0,83.7,89.4,44,53.7,,87.4,Not Eligible,0,0.24
STU-3391,24IT791,IT,3,69.4,9.31,9.31,stable,0,94.8,79.6,63,74.2,,92.3,Not Eligible,0,0.131
STU-0053,22CS153,CSE,8,83.4,8.01,7.82,improving,0,79.2,81.1,164,50.1,Ongoing,88.5,Placed,0,0.053
STU-0184,22CS284,CSE,7,76.0,7.94,8.02,stable,0,77.4,79.5,143,96.1,Ongoing,62.1,Placed,0,0.082
STU-3092,25IT492,IT,1,78.4,6.53,6.62,stable,2,64.6,69.2,18,9.5,,42.5,Not Eligible,0,0.433
STU-4737,25EC337,ECE,2,78.6,8.12,7.84,improving,0,81.0,73.7,42,24.2,,81.2,Not Eligible,0,0.147
STU-7779,25CI679,Civil,2,83.0,7.04,6.29,improving,0,64.6,69.6,38,57.7,,77.4,Not Eligible,0,0.062
STU-2351,22IT651,IT,8,76.4,6.99,6.03,improving,0,71.7,80.7,166,68.9,Completed,65.6,Placed,0,0.061
STU-4463,22EC963,ECE,8,65.3,6.92,6.67,improving,0,81.7,63.0,164,76.3,,64.2,Placed,0,0.288
STU-0817,23CS917,CSE,5,96.4,7.45,7.5,stable,0,74.7,90.8,101,56.4,Completed,69.1,Eligible,0,0.073
STU-7747,23CI647,Civil,6,77.5,6.87,6.6,improving,0,62.4,80.9,126,42.9,,59.2,Eligible,0,0.097
STU-5644,23EE344,EEE,5,76.9,7.28,7.12,improving,0,72.0,76.1,105,70.7,Completed,66.2,Eligible,0,0.077
STU-8140,23CI140,Civil,6,72.7,7.33,6.69,improving,0,73.3,88.4,124,74.5,,73.2,Eligible,0,0.183
STU-1453,22CS653,CSE,7,91.3,8.5,8.31,improving,1,81.9,81.8,145,64.7,Completed,76.3,Placed,0,0.116
STU-1817,24CS117,CSE,3,93.1,8.16,7.84,improving,0,82.5,86.4,63,78.5,,82.1,Not Eligible,0,0.091
STU-7532,25ME432,Mechanical,2,78.8,7.68,7.24,improving,0,73.1,66.5,42,72.8,,64.0,Not Eligible,0,0.22
STU-1483,23CS683,CSE,5,78.2,8.52,8.49,stable,0,87.4,71.6,106,50.8,,86.3,Eligible,0,0.079
STU-5421,25EE121,EEE,1,65.3,6.37,6.71,declining,0,59.6,67.9,19,52.5,,59.4,Not Eligible,0,0.491
STU-6982,23ME782,Mechanical,5,87.7,7.45,7.81,declining,0,80.4,74.9,106,66.5,Ongoing,72.8,Eligible,0,0.198
STU-0800,22CS900,CSE,8,85.9,9.38,9.17,improving,0,99.0,91.0,164,41.7,Completed,98.0,Placed,0,0.107
STU-3912,23EC412,ECE,5,78.2,7.03,7.26,declining,0,68.4,75.4,101,58.1,Completed,75.6,Eligible,0,0.137
STU-3613,23EC113,ECE,5,78.4,9.37,9.08,improving,0,83.9,80.4,103,98.0,Completed,98.0,Eligible,0,0.063
STU-4698,24EC298,ECE,4,86.2,8.83,8.8,stable,0,93.0,79.8,84,97.8,,96.0,Not Eligible,0,0.102
STU-7842,22CI742,Civil,7,78.5,7.17,6.99,improving,2,63.0,83.8,139,55.4,,59.2,Placed,0,0.383
STU-3459,24IT859,IT,3,73.2,7.61,7.72,stable,0,80.5,79.6,65,33.2,,72.5,Not Eligible,0,0.106
STU-7276,23ME176,Mechanical,6,68.1,6.38,6.84,declining,0,74.3,63.4,128,67.9,Completed,66.4,In Process,1,0.539
STU-7616,24CI516,Civil,4,77.5,4.57,4.58,stable,0,44.5,75.9,80,75.6,,40.5,Not Eligible,1,0.531
STU-6455,24ME255,Mechanical,4,61.1,8.36,8.18,improving,0,82.7,70.7,82,67.6,,97.0,Not Eligible,0,0.359
STU-1298,25CS498,CSE,1,98.6,9.41,9.12,improving,0,87.4,97.1,21,67.5,,98.0,Not Eligible,0,0.079
STU-4320,23EC820,ECE,6,78.6,9.15,9.11,stable,0,95.0,72.4,126,55.3,Completed,93.0,Eligible,0,0.079
STU-0856,25CS956,CSE,2,89.7,8.59,8.7,stable,0,88.8,81.4,44,68.7,,92.1,Not Eligible,0,0.073
STU-6282,23EE982,EEE,6,72.1,8.45,7.91,improving,0,83.3,66.9,124,59.4,Completed,79.4,Eligible,0,0.215
STU-7690,25CI590,Civil,2,68.8,7.7,7.48,improving,1,76.4,72.3,39,62.8,,71.0,Not Eligible,0,0.257
STU-1182,24CS382,CSE,3,85.5,9.5,9.59,stable,0,96.6,85.7,59,39.6,,82.9,Not Eligible,0,0.055
STU-8286,22CI286,Civil,8,79.2,6.95,6.9,stable,0,69.7,90.1,164,45.6,,69.2,Not Eligible,0,0.122
STU-7155,24ME955,Mechanical,3,94.7,5.75,5.41,improving,2,60.9,95.6,56,53.2,,58.4,Not Eligible,1,0.649
STU-5321,23EE921,EEE,6,76.9,9.14,9.41,declining,0,99.0,77.6,126,40.9,Completed,91.6,Eligible,0,0.253
STU-6129,24EE829,EEE,3,82.8,7.83,7.47,improving,0,72.2,75.0,61,76.0,,81.7,Not Eligible,0,0.114
STU-6225,24EE925,EEE,4,80.5,8.56,8.22,improving,0,90.5,79.5,82,48.5,,71.6,Not Eligible,0,0.047
STU-3742,25EC242,ECE,1,84.2,8.06,8.29,declining,0,73.2,82.1,19,25.6,,71.3,Not Eligible,0,0.224
STU-6491,25ME291,Mechanical,1,76.4,8.64,8.61,stable,0,95.0,80.6,21,79.6,,80.8,Not Eligible,0,0.103
STU-3637,24EC137,ECE,3,85.3,7.86,8.17,declining,0,82.9,84.9,61,65.7,,81.2,Not Eligible,0,0.056
STU-6360,24ME160,Mechanical,4,76.6,6.5,6.23,improving,0,69.6,77.1,86,34.4,,67.2,Not Eligible,0,0.086
STU-1405,23CS605,CSE,6,81.9,8.39,8.56,declining,0,82.4,70.4,128,42.1,Ongoing,94.9,Eligible,0,0.093
STU-8366,23CI366,Civil,6,82.9,6.18,6.54,declining,3,68.6,80.4,112,50.1,Ongoing,57.2,In Process,1,0.73
STU-4492,25EC992,ECE,1,88.7,7.35,7.45,stable,0,84.4,81.8,23,41.0,,75.0,Not Eligible,0,0.117
STU-6167,25EE867,EEE,1,85.1,8.07,7.85,improving,0,82.2,74.7,23,79.5,,81.5,Not Eligible,0,0.039
STU-4871,24EC471,ECE,3,82.4,6.99,7.22,declining,0,66.5,79.9,63,85.3,,62.5,Not Eligible,0,0.139
STU-8019,23CI919,Civil,6,72.7,7.55,7.95,declining,0,73.7,67.6,124,96.2,,66.9,Eligible,0,0.387
STU-6916,23ME716,Mechanical,5,87.7,6.11,5.75,improving,0,67.2,85.7,103,28.4,,60.9,In Process,0,0.173
STU-0502,23CS602,CSE,5,85.6,7.85,7.91,stable,0,78.1,78.1,105,52.3,Completed,74.7,Eligible,0,0.074
STU-2140,22CS440,CSE,7,88.2,7.84,7.75,stable,0,78.4,82.6,147,54.7,,69.6,Placed,0,0.104
STU-8369,22CI369,Civil,7,68.4,6.99,6.67,improving,0,66.2,65.2,145,79.6,,43.0,In Process,0,0.163
STU-2728,25IT128,IT,2,89.8,8.84,9.11,declining,0,84.2,80.5,40,80.7,,68.8,Not Eligible,0,0.086
STU-7878,24CI778,Civil,4,74.8,7.07,7.14,stable,1,65.4,75.2,78,55.7,,74.9,Not Eligible,0,0.141
STU-4758,22EC358,ECE,7,77.3,8.63,8.33,improving,0,83.8,76.5,145,79.7,Completed,98.0,Placed,0,0.065
STU-4296,24EC796,ECE,3,84.9,6.64,7.33,declining,2,70.0,87.3,55,22.8,,61.5,Not Eligible,1,0.75
STU-3838,23EC338,ECE,6,73.6,7.5,7.61,stable,0,58.8,72.2,124,51.1,Ongoing,73.3,Eligible,0,0.157
STU-7350,25ME250,Mechanical,2,86.5,6.92,6.98,stable,0,68.5,86.9,42,35.7,,74.5,Not Eligible,0,0.091
STU-1767,23CS967,CSE,6,79.5,8.48,8.67,declining,0,84.1,60.3,122,57.9,,88.2,Eligible,0,0.163
STU-6536,25ME336,Mechanical,2,67.5,6.33,6.14,improving,2,63.4,81.5,35,22.9,,60.5,Not Eligible,1,0.695
STU-5427,25EE127,EEE,1,79.0,6.24,6.41,declining,0,54.8,76.3,23,80.4,Ongoing,31.5,Not Eligible,0,0.152
STU-2235,23IT535,IT,5,81.2,8.22,8.23,stable,0,89.9,78.3,106,84.3,Completed,98.0,Eligible,0,0.072
STU-0059,25CS159,CSE,1,81.6,7.66,7.32,improving,0,72.7,87.5,21,43.0,,63.4,Not Eligible,0,0.152
STU-7148,23ME948,Mechanical,5,75.2,7.24,7.13,stable,0,69.1,76.8,103,63.5,Completed,79.6,Eligible,0,0.072
STU-2809,23IT209,IT,5,95.0,8.85,8.71,stable,0,88.9,95.4,103,22.6,Completed,75.9,Eligible,0,0.095
STU-2570,25IT870,IT,2,85.0,9.32,9.68,declining,0,99.0,68.9,40,31.2,,91.9,Not Eligible,0,0.22
STU-8135,24CI135,Civil,3,81.3,6.9,6.71,improving,0,73.6,79.7,64,83.6,,70.6,Not Eligible,0,0.05
STU-0093,22CS193,CSE,7,85.8,8.28,8.93,declining,0,84.4,66.2,143,45.0,,97.8,Placed,0,0.381
STU-5643,24EE343,EEE,3,91.3,8.24,8.59,declining,0,88.2,80.2,65,72.3,,80.2,Not Eligible,0,0.154
STU-7956,23CI856,Civil,5,80.1,6.54,6.43,stable,0,58.1,78.9,105,69.5,Ongoing,77.1,Eligible,0,0.134
STU-8375,24CI375,Civil,4,80.9,8.36,8.07,improving,0,81.5,77.6,84,27.9,,87.2,Not Eligible,0,0.109
STU-7131,24ME931,Mechanical,4,63.3,6.53,6.47,stable,1,66.6,67.6,80,64.8,,46.9,Not Eligible,1,0.633
STU-4745,25EC345,ECE,2,91.2,7.24,7.28,stable,0,71.8,93.0,38,54.6,,67.8,Not Eligible,0,0.091
STU-6134,23EE834,EEE,6,87.3,7.73,7.7,stable,0,80.2,83.6,127,56.8,Completed,68.6,Eligible,0,0.107
STU-5373,25EE973,EEE,1,82.7,7.34,7.87,declining,0,75.2,72.7,19,63.9,,78.5,Not Eligible,0,0.196
STU-0012,22CS112,CSE,8,68.5,7.69,7.24,improving,0,79.5,66.8,166,29.6,Ongoing,65.5,In Process,0,0.107
STU-3494,25IT894,IT,2,90.9,7.17,7.68,declining,0,74.5,89.6,43,56.3,,58.9,Not Eligible,0,0.118
STU-0729,25CS829,CSE,2,94.3,8.15,8.36,declining,0,72.1,92.7,42,98.0,,70.9,Not Eligible,0,0.122
STU-3990,24EC490,ECE,3,87.9,9.2,9.21,stable,0,90.1,85.8,63,49.3,,85.1,Not Eligible,0,0.183
STU-6910,22ME710,Mechanical,7,80.3,6.71,7.24,declining,0,56.4,80.0,148,81.0,,67.3,Not Eligible,0,0.209
STU-4420,23EC920,ECE,5,65.1,7.95,7.41,improving,0,70.3,60.8,105,28.1,,71.8,Eligible,0,0.257
STU-1263,24CS463,CSE,3,83.5,8.2,7.54,improving,0,89.5,77.4,65,53.9,,77.0,Not Eligible,0,0.056
STU-2117,24CS417,CSE,4,94.9,7.46,7.56,stable,0,77.2,91.4,86,66.0,,76.1,Not Eligible,0,0.043
STU-5771,24EE471,EEE,3,81.5,6.4,6.4,stable,0,64.6,80.6,59,49.8,,74.3,Not Eligible,0,0.078
STU-4777,24EC377,ECE,4,80.9,8.62,8.46,improving,0,81.3,62.9,80,67.3,,71.3,Not Eligible,0,0.042
STU-0644,24CS744,CSE,3,88.7,6.84,7.43,declining,0,62.6,86.0,64,78.0,,80.2,Not Eligible,0,0.139
STU-6497,24ME297,Mechanical,3,66.3,5.85,6.07,declining,0,59.7,69.8,64,71.0,,59.4,Not Eligible,1,0.509
STU-1858,24CS158,CSE,4,93.9,6.63,6.75,stable,1,63.3,83.4,82,49.2,,51.3,Not Eligible,0,0.152
STU-2585,24IT885,IT,3,64.8,8.03,7.64,improving,0,88.8,74.0,63,35.5,,55.4,Not Eligible,0,0.286
STU-3420,25IT820,IT,2,81.7,7.17,7.33,declining,0,71.4,82.4,38,52.1,,60.5,Not Eligible,0,0.141
STU-2418,25IT718,IT,2,78.7,7.63,7.61,stable,0,73.5,83.2,42,28.6,,98.0,Not Eligible,0,0.119
STU-2173,23IT473,IT,5,92.2,6.5,6.82,declining,0,58.4,95.7,106,37.2,Ongoing,65.8,Eligible,0,0.273
STU-0700,24CS800,CSE,4,98.4,8.34,8.44,stable,0,84.2,97.4,80,65.6,,98.0,Not Eligible,0,0.108
STU-7124,24ME924,Mechanical,3,68.9,8.56,8.81,declining,0,79.7,76.3,63,79.2,,86.3,Not Eligible,0,0.127
STU-7806,23CI706,Civil,6,85.0,5.77,5.81,stable,0,53.6,86.9,128,98.0,,49.7,In Process,0,0.218
STU-6232,25EE932,EEE,1,81.7,6.46,6.32,stable,0,66.1,81.0,19,44.3,Ongoing,46.5,Not Eligible,0,0.097
STU-1695,24CS895,CSE,3,81.2,7.68,7.26,improving,0,77.3,77.9,64,74.1,,65.2,Not Eligible,0,0.083
STU-7476,22ME376,Mechanical,7,87.7,6.25,5.94,improving,0,66.4,86.2,147,97.8,Completed,60.4,Placed,0,0.1
STU-7082,24ME882,Mechanical,4,88.3,8.15,8.59,declining,0,77.9,84.5,86,50.4,,66.0,Not Eligible,0,0.152
STU-4776,22EC376,ECE,8,79.8,8.37,8.62,declining,0,90.9,74.9,170,41.9,Completed,55.8,Placed,0,0.124
STU-6389,23ME189,Mechanical,6,75.0,7.71,7.9,declining,1,73.7,75.4,124,54.2,,86.6,In Process,0,0.294
STU-6330,24ME130,Mechanical,3,69.9,7.77,7.72,stable,0,82.3,77.2,63,74.5,Ongoing,94.0,Not Eligible,0,0.106
STU-4122,22EC622,ECE,8,75.9,7.91,8.07,declining,0,78.9,75.0,169,78.3,Completed,81.2,In Process,0,0.053
STU-3802,22EC302,ECE,8,89.7,7.31,7.47,declining,0,75.1,91.2,166,65.8,Completed,42.3,In Process,0,0.096
STU-8297,25CI297,Civil,2,75.0,7.0,6.49,improving,0,66.5,69.6,44,83.2,Ongoing,72.2,Not Eligible,0,0.206
STU-3770,23EC270,ECE,5,83.6,6.57,6.57,stable,1,59.4,81.8,97,58.4,Completed,86.8,In Process,0,0.191
STU-6116,24EE816,EEE,4,77.3,6.96,7.0,stable,0,71.3,81.6,80,67.8,,79.6,Not Eligible,0,0.087
STU-2826,23IT226,IT,5,85.1,7.68,7.62,stable,1,72.4,78.6,97,69.6,Ongoing,83.8,In Process,0,0.231
STU-1125,23CS325,CSE,6,98.2,8.86,8.29,improving,0,86.7,97.7,127,48.7,Completed,92.3,Eligible,0,0.065
STU-8215,25CI215,Civil,1,70.6,5.7,5.74,stable,2,57.4,73.0,18,64.8,,69.3,Not Eligible,1,0.831
STU-8231,22CI231,Civil,8,84.7,6.36,6.55,declining,0,64.5,83.0,164,88.4,,55.1,Placed,0,0.1
STU-6362,23ME162,Mechanical,5,77.5,8.5,8.33,improving,0,87.4,65.5,107,51.5,,86.6,Eligible,0,0.102
STU-3889,22EC389,ECE,8,75.0,8.13,8.08,stable,0,81.3,71.4,164,55.8,,57.3,Placed,0,0.1
STU-4750,23EC350,ECE,5,67.3,6.17,5.54,improving,0,58.6,66.2,106,48.8,Completed,50.5,In Process,0,0.196
STU-8120,23CI120,Civil,6,91.0,6.87,6.79,stable,3,71.3,91.0,110,60.4,Completed,70.3,In Process,1,0.64
STU-2361,24IT661,IT,3,85.6,9.47,9.12,improving,0,96.5,84.7,63,62.1,,98.0,Not Eligible,0,0.062
STU-6369,25ME169,Mechanical,2,92.2,8.49,9.34,declining,0,93.9,89.7,40,54.5,,98.0,Not Eligible,1,0.512
STU-4359,23EC859,ECE,6,89.7,7.57,7.67,stable,0,81.0,85.4,126,47.6,Completed,65.8,Eligible,0,0.127
STU-5459,24EE159,EEE,3,62.9,9.95,9.41,improving,0,99.0,61.7,61,94.9,,96.4,Not Eligible,0,0.468
STU-4684,24EC284,ECE,4,79.7,8.43,8.1,improving,0,82.8,72.4,80,30.7,,98.0,Not Eligible,0,0.131
STU-8107,24CI107,Civil,3,85.3,5.9,6.0,stable,1,54.7,77.3,60,65.2,,62.0,Not Eligible,0,0.313
STU-3506,23IT906,IT,6,77.4,7.22,7.42,declining,0,75.7,68.1,127,69.6,Ongoing,51.4,Eligible,0,0.129
STU-2882,25IT282,IT,2,76.7,8.17,7.96,improving,0,87.4,75.4,40,82.3,,92.6,Not Eligible,0,0.138
STU-6253,25EE953,EEE,2,87.7,6.51,6.23,improving,1,68.1,85.5,40,70.9,,60.7,Not Eligible,0,0.125
STU-7500,23ME400,Mechanical,6,86.1,8.74,8.43,improving,0,81.5,88.0,122,65.3,Completed,81.4,Eligible,0,0.067
STU-1154,23CS354,CSE,6,88.2,7.65,7.31,improving,0,75.1,80.3,128,71.0,Completed,89.0,Eligible,0,0.073
STU-3474,24IT874,IT,3,99.0,7.07,7.04,stable,0,72.5,96.4,59,47.4,,75.4,Not Eligible,0,0.059
STU-2058,24CS358,CSE,4,76.6,6.31,5.95,improving,1,71.0,65.6,81,74.8,,56.5,Not Eligible,0,0.187
STU-5711,24EE411,EEE,3,74.1,8.32,9.14,declining,0,81.0,78.6,65,69.4,,87.4,Not Eligible,0,0.275
STU-3154,22IT554,IT,7,89.0,8.36,8.77,declining,0,87.5,87.4,143,98.0,Completed,60.0,Placed,0,0.16
STU-6063,22EE763,EEE,7,81.6,6.05,6.04,stable,0,58.8,76.0,147,49.7,Completed,45.2,In Process,0,0.181
STU-1830,24CS130,CSE,3,83.8,7.68,7.65,stable,1,77.2,89.4,55,70.6,,90.1,Not Eligible,0,0.2
STU-8130,25CI130,Civil,2,84.5,8.5,8.39,stable,0,83.3,79.0,44,65.2,,90.7,Not Eligible,0,0.057
STU-1050,25CS250,CSE,1,89.0,9.01,9.16,declining,0,92.4,91.7,19,59.5,,92.5,Not Eligible,0,0.085
STU-1628,23CS828,CSE,5,83.9,8.86,8.52,improving,0,83.8,80.6,107,49.2,Ongoing,86.6,Eligible,0,0.112
STU-7796,24CI696,Civil,3,76.9,6.33,6.28,stable,3,61.0,75.9,51,45.5,,62.3,Not Eligible,1,0.603
STU-5666,23EE366,EEE,6,82.0,9.44,9.43,stable,0,99.0,83.3,126,71.8,Completed,98.0,Eligible,0,0.137
STU-8049,24CI949,Civil,3,85.8,7.73,8.37,declining,0,78.1,90.9,64,57.7,,51.1,Not Eligible,0,0.192
STU-8250,23CI250,Civil,6,72.7,9.09,8.71,improving,0,86.9,64.8,126,70.7,,96.1,Eligible,0,0.116
STU-7329,22ME229,Mechanical,7,78.9,6.4,6.21,improving,0,67.7,63.4,149,57.8,Completed,48.8,Not Eligible,0,0.102
STU-6267,24EE967,EEE,3,76.2,7.25,6.93,improving,2,65.5,78.2,51,22.9,,79.2,Not Eligible,1,0.703
STU-1173,23CS373,CSE,5,82.2,8.93,9.72,declining,0,96.3,80.4,101,44.0,Completed,94.5,Eligible,0,0.206
STU-7541,23ME441,Mechanical,5,84.5,8.2,8.64,declining,0,79.2,88.1,105,28.6,Ongoing,71.2,Eligible,0,0.303
STU-3573,24EC973,ECE,3,77.0,7.14,6.8,improving,1,72.4,69.9,61,46.1,,69.2,Not Eligible,0,0.155
STU-3202,23IT602,IT,6,66.1,8.33,7.69,improving,0,84.4,65.6,128,20.3,Completed,62.2,Eligible,0,0.411
STU-2604,22IT904,IT,7,82.9,7.98,8.48,declining,0,81.4,83.5,147,31.8,,98.0,Placed,0,0.29
STU-6101,25EE801,EEE,1,75.5,6.45,6.35,stable,0,60.5,87.7,18,69.9,,77.2,Not Eligible,0,0.131
STU-6340,24ME140,Mechanical,4,77.3,7.88,8.53,declining,0,74.5,70.6,82,76.3,,69.7,Not Eligible,0,0.201
STU-0113,22CS213,CSE,8,89.4,8.22,8.66,declining,0,83.1,94.3,170,93.5,,73.5,Placed,0,0.127
STU-2478,25IT778,IT,1,78.3,7.39,7.3,stable,0,75.9,71.3,21,57.3,,79.7,Not Eligible,0,0.086
STU-8221,24CI221,Civil,4,84.0,6.88,7.21,declining,0,65.3,87.6,82,23.6,Ongoing,75.1,Not Eligible,0,0.246
STU-3548,22EC948,ECE,8,77.9,6.5,6.5,stable,0,63.6,72.6,166,58.7,,70.5,Placed,0,0.066
STU-3688,24EC188,ECE,4,78.6,7.44,7.56,stable,0,68.2,82.2,85,72.0,,60.3,Not Eligible,0,0.088
STU-0433,23CS533,CSE,5,86.9,7.73,7.98,declining,0,86.8,86.5,106,43.8,Ongoing,80.3,Eligible,0,0.251
STU-5833,24EE533,EEE,3,74.0,6.72,6.5,improving,1,63.4,72.3,61,65.8,,63.5,Not Eligible,0,0.315
STU-1790,24CS990,CSE,4,78.7,7.15,7.61,declining,4,70.6,86.8,66,74.7,Ongoing,67.7,Not Eligible,1,0.907
STU-5461,23EE161,EEE,6,87.5,7.36,7.3,stable,0,67.0,86.5,128,77.1,,61.7,Eligible,0,0.152
STU-7810,24CI710,Civil,3,85.8,7.76,7.69,stable,0,83.9,91.0,59,77.5,,76.1,Not Eligible,0,0.216
STU-8141,22CI141,Civil,8,76.5,6.68,6.02,improving,1,61.4,75.7,162,33.7,Completed,58.6,In Process,0,0.287
STU-2152,25IT452,IT,1,64.5,6.85,6.81,stable,1,71.4,67.4,18,41.6,,92.2,Not Eligible,0,0.382
STU-7861,23CI761,Civil,5,73.6,7.89,7.91,stable,0,72.6,74.0,103,98.0,,81.6,Eligible,0,0.126
STU-3057,24IT457,IT,4,98.2,9.42,9.26,improving,0,93.9,85.3,82,84.0,,79.7,Not Eligible,0,0.062
STU-1648,22CS848,CSE,7,80.2,7.25,6.73,improving,0,75.2,65.4,148,59.2,Ongoing,80.4,In Process,0,0.071
STU-1071,24CS271,CSE,3,86.2,8.98,8.38,improving,0,90.1,80.9,63,52.9,,88.1,Not Eligible,0,0.076
STU-6397,24ME197,Mechanical,3,90.8,7.14,6.39,improving,0,70.9,85.5,61,72.6,,55.4,Not Eligible,0,0.164
STU-3117,23IT517,IT,6,84.0,7.59,7.47,stable,0,78.5,79.0,128,22.3,Completed,86.5,Eligible,0,0.069
STU-6142,23EE842,EEE,6,78.1,8.27,7.63,improving,0,87.3,76.7,122,47.1,Completed,87.3,Eligible,0,0.07
STU-5092,23EC692,ECE,5,75.5,9.09,9.26,declining,0,83.5,70.0,103,51.5,,94.4,Eligible,0,0.166
STU-2124,24CS424,CSE,4,75.6,8.05,8.35,declining,0,81.3,71.6,80,61.2,,88.0,Not Eligible,0,0.116
STU-6229,22EE929,EEE,7,68.2,9.13,9.05,stable,0,96.1,62.5,149,73.1,Completed,78.2,Placed,0,0.117
STU-5037,24EC637,ECE,3,75.3,7.88,8.22,declining,0,72.1,78.0,65,76.4,,78.8,Not Eligible,0,0.117
STU-6886,23ME686,Mechanical,6,68.1,7.52,7.83,declining,0,78.4,59.0,128,53.5,Completed,75.6,Eligible,0,0.384
STU-3156,25IT556,IT,1,90.8,8.29,8.71,declining,0,91.9,92.5,23,66.1,,74.1,Not Eligible,0,0.149
STU-1013,22CS213,CSE,8,96.3,8.59,8.68,stable,0,87.1,84.1,166,57.7,Ongoing,93.5,Placed,0,0.1
STU-3365,25IT765,IT,1,65.1,8.1,8.18,stable,0,80.7,56.3,19,28.1,,95.3,Not Eligible,0,0.434
STU-7296,24ME196,Mechanical,3,74.2,7.24,7.11,stable,0,85.7,69.2,63,31.7,,66.8,Not Eligible,0,0.071
STU-3555,24EC955,ECE,4,81.0,7.85,8.38,declining,0,86.5,79.4,80,27.8,,93.9,Not Eligible,0,0.156
STU-7142,24ME942,Mechanical,3,72.0,6.59,6.4,improving,3,56.6,67.0,49,62.5,Ongoing,41.4,Not Eligible,1,0.616
STU-5107,22EC707,ECE,7,77.3,6.87,7.04,declining,2,71.8,73.8,135,71.0,Ongoing,58.4,In Process,0,0.357
STU-7141,23ME941,Mechanical,5,84.6,6.9,7.12,declining,0,71.6,85.3,107,68.4,,74.5,Eligible,0,0.099
STU-6511,23ME311,Mechanical,6,92.1,6.4,5.9,improving,1,73.1,99.8,123,80.7,Completed,64.7,In Process,0,0.25
STU-6571,24ME371,Mechanical,3,90.3,8.67,8.61,stable,0,95.1,88.6,63,42.3,,81.4,Not Eligible,0,0.133
STU-2385,22IT685,IT,8,79.7,8.6,8.1,improving,0,91.0,72.4,166,46.7,Completed,89.6,Placed,0,0.1
STU-2935,24IT335,IT,4,97.7,9.12,8.95,improving,0,90.1,90.0,85,87.2,,67.8,Not Eligible,0,0.078
STU-6954,22ME754,Mechanical,7,73.8,7.83,7.89,stable,0,71.0,71.5,145,87.2,Completed,69.8,Placed,0,0.114
STU-7319,23ME219,Mechanical,5,62.9,6.38,6.96,declining,2,61.0,65.4,98,85.6,Completed,81.4,In Process,1,0.919
STU-4098,22EC598,ECE,8,83.5,7.57,7.6,stable,1,79.7,80.7,166,66.7,Completed,83.8,Not Eligible,0,0.212
STU-0937,25CS137,CSE,1,76.0,8.08,8.52,declining,0,75.8,72.6,19,37.4,,77.9,Not Eligible,0,0.102
STU-5617,24EE317,EEE,4,87.7,6.79,6.8,stable,0,74.8,86.2,86,89.9,,66.3,Not Eligible,0,0.107
STU-2263,25IT563,IT,1,87.1,7.9,7.81,stable,0,80.4,82.4,18,45.4,,77.3,Not Eligible,0,0.076
STU-3140,24IT540,IT,4,88.7,8.55,8.58,stable,0,88.3,83.4,82,79.7,,49.1,Not Eligible,0,0.099
STU-2999,25IT399,IT,2,80.3,8.38,8.43,stable,0,80.5,72.6,44,73.8,,63.1,Not Eligible,0,0.077
STU-6181,23EE881,EEE,5,65.3,7.03,6.71,improving,0,66.3,75.4,101,80.3,Completed,58.9,Eligible,0,0.339
STU-4521,23EC121,ECE,5,84.1,7.81,7.63,improving,0,76.5,87.4,106,91.6,Completed,73.8,Eligible,0,0.072
STU-7681,24CI581,Civil,4,71.1,6.09,5.42,improving,0,55.1,75.2,80,74.9,,41.5,Not Eligible,0,0.286
STU-0121,22CS221,CSE,7,83.9,7.6,7.53,stable,0,77.4,80.6,149,96.3,Ongoing,74.4,Placed,0,0.08
STU-0603,25CS703,CSE,2,93.5,5.91,6.05,stable,1,52.3,93.8,36,75.2,,66.3,Not Eligible,0,0.411
STU-5905,22EE605,EEE,7,74.3,7.93,8.2,declining,0,82.7,64.0,143,44.1,Completed,87.8,Placed,0,0.106
STU-3848,25EC348,ECE,1,89.1,8.36,8.56,declining,0,88.4,85.0,18,46.8,,74.7,Not Eligible,0,0.148
STU-0085,24CS185,CSE,3,87.1,8.03,7.9,stable,0,90.5,85.6,64,44.9,,49.2,Not Eligible,0,0.05
STU-0653,23CS753,CSE,5,88.5,8.57,8.84,declining,0,88.4,84.9,101,58.7,Completed,67.6,Eligible,0,0.158
STU-5245,25EE845,EEE,1,88.0,7.68,7.47,improving,0,77.1,83.9,18,40.8,,67.5,Not Eligible,0,0.077
STU-7553,22ME453,Mechanical,8,74.3,7.46,7.34,stable,0,68.5,78.7,164,58.7,,94.6,In Process,0,0.071
STU-8196,25CI196,Civil,1,80.1,7.2,7.39,declining,0,70.8,72.1,22,72.1,,71.6,Not Eligible,0,0.105
STU-4875,22EC475,ECE,7,79.3,7.99,7.74,improving,0,75.7,79.7,147,62.0,Completed,93.6,Placed,0,0.03
STU-4234,24EC734,ECE,3,79.0,7.02,7.08,stable,0,66.4,76.8,59,82.5,,60.4,Not Eligible,0,0.082
STU-1632,24CS832,CSE,3,84.4,7.94,8.33,declining,0,67.9,81.3,59,52.6,,66.9,Not Eligible,0,0.127
STU-5089,22EC689,ECE,8,81.3,8.28,8.42,stable,0,77.9,86.7,169,80.1,,52.7,Placed,0,0.073
STU-1135,23CS335,CSE,6,93.6,8.63,8.16,improving,0,93.5,79.6,122,85.2,Ongoing,82.2,Eligible,0,0.053
STU-1917,22CS217,CSE,8,91.6,8.39,8.23,improving,0,83.2,89.4,166,85.7,Completed,80.5,In Process,0,0.09
STU-3764,25EC264,ECE,2,85.3,6.57,6.33,improving,0,66.9,73.3,43,86.1,,43.6,Not Eligible,0,0.093
STU-6793,25ME593,Mechanical,2,74.4,7.12,7.18,stable,0,66.5,80.3,42,59.4,Ongoing,49.5,Not Eligible,0,0.143
STU-7483,24ME383,Mechanical,3,77.3,6.88,6.56,improving,0,71.0,67.8,64,90.3,,79.6,Not Eligible,0,0.103
STU-2020,23CS320,CSE,6,90.2,8.18,7.41,improving,0,83.9,87.2,124,31.7,,88.1,Eligible,0,0.086
STU-4997,22EC597,ECE,8,71.7,6.87,6.68,improving,0,75.2,83.5,166,92.1,Completed,65.9,Not Eligible,0,0.194
STU-1447,23CS647,CSE,6,90.8,9.52,9.59,stable,0,99.0,84.1,122,27.2,Completed,98.0,Eligible,0,0.08
STU-2233,22IT533,IT,7,79.7,8.1,8.21,stable,0,79.7,84.5,148,62.2,Completed,85.5,Placed,0,0.108
STU-2952,22IT352,IT,8,81.2,7.77,8.26,declining,0,85.4,72.7,168,67.9,Completed,79.7,Placed,0,0.156
STU-5106,24EC706,ECE,3,88.8,7.19,6.84,improving,0,66.3,86.7,64,36.3,,66.4,Not Eligible,0,0.104
STU-7515,22ME415,Mechanical,7,84.8,7.92,7.74,improving,0,75.7,90.6,147,58.4,,76.5,Placed,0,0.108
STU-0338,23CS438,CSE,6,95.0,8.72,9.06,declining,0,86.4,96.4,127,63.0,Ongoing,88.0,Eligible,0,0.066
STU-1885,25CS185,CSE,2,76.8,8.4,8.15,improving,0,84.7,79.3,43,35.6,,93.8,Not Eligible,0,0.06
STU-0329,24CS429,CSE,4,87.1,8.93,9.1,declining,0,85.8,83.1,84,86.9,,98.0,Not Eligible,0,0.082
STU-7656,25CI556,Civil,1,73.5,7.14,7.41,declining,0,75.5,70.1,18,75.3,,53.4,Not Eligible,0,0.132
STU-8320,22CI320,Civil,8,83.8,6.39,6.37,stable,0,58.9,86.1,169,53.4,Ongoing,59.7,Not Eligible,0,0.189
STU-2076,22CS376,CSE,7,86.3,7.42,7.23,improving,0,71.7,86.2,149,76.4,Ongoing,40.6,Not Eligible,0,0.056
STU-8088,23CI988,Civil,6,89.3,8.2,8.06,stable,0,87.1,87.0,122,36.9,,66.4,Eligible,0,0.164
STU-0219,23CS319,CSE,6,84.0,9.23,8.94,improving,2,96.0,71.3,116,86.1,,89.7,In Process,0,0.475
STU-5509,22EE209,EEE,7,76.3,8.39,8.4,stable,0,77.7,79.7,148,50.8,Completed,83.3,Placed,0,0.086
STU-8020,25CI920,Civil,2,94.4,6.83,7.12,declining,0,69.6,73.0,42,74.2,,71.8,Not Eligible,0,0.105
STU-7084,25ME884,Mechanical,2,77.5,7.16,6.64,improving,0,72.0,82.2,44,58.4,,65.7,Not Eligible,0,0.043
STU-8110,25CI110,Civil,2,76.9,7.34,7.23,stable,0,71.5,74.4,38,57.7,,80.8,Not Eligible,0,0.053
STU-6581,23ME381,Mechanical,6,85.3,7.79,7.8,stable,0,77.4,84.4,126,83.9,Completed,76.3,Eligible,0,0.057
STU-5367,22EE967,EEE,7,78.5,6.52,6.37,improving,0,68.6,88.3,147,28.6,,65.6,In Process,0,0.078
STU-4172,22EC672,ECE,7,76.6,7.61,7.87,declining,0,67.8,68.8,145,58.6,Ongoing,60.2,Placed,0,0.129
STU-7337,25ME237,Mechanical,2,78.2,6.89,6.52,improving,0,76.5,80.9,43,37.9,,72.0,Not Eligible,0,0.129
STU-1576,25CS776,CSE,1,75.4,6.4,5.52,improving,0,68.5,75.2,23,74.7,,37.0,Not Eligible,0,0.091
STU-0165,25CS265,CSE,1,78.6,8.01,8.17,declining,0,75.1,84.1,23,69.7,,94.2,Not Eligible,0,0.182
STU-4228,22EC728,ECE,7,78.6,7.15,7.16,stable,3,73.6,85.5,131,39.8,,76.3,Not Eligible,1,0.658
STU-5506,24EE206,EEE,3,84.9,7.22,7.3,stable,0,73.4,74.7,64,90.1,,57.1,Not Eligible,0,0.082
STU-1841,24CS141,CSE,3,99.0,8.81,8.41,improving,0,93.8,87.6,65,79.9,,98.0,Not Eligible,0,0.122
STU-5396,25EE996,EEE,2,77.0,7.39,7.42,stable,0,73.7,79.2,43,66.6,,63.4,Not Eligible,0,0.128
STU-5995,24EE695,EEE,3,89.8,6.86,6.46,improving,0,69.5,84.6,64,52.2,,73.4,Not Eligible,0,0.07
STU-0932,22CS132,CSE,7,80.6,7.95,8.19,declining,0,81.6,88.4,143,65.7,Completed,77.9,Placed,0,0.113
STU-4233,24EC733,ECE,3,79.0,7.67,8.0,declining,0,70.9,67.4,65,64.4,,84.4,Not Eligible,0,0.113
STU-2516,24IT816,IT,3,84.9,7.17,7.36,declining,0,65.7,84.0,63,44.8,,70.6,Not Eligible,0,0.087
STU-7150,22ME950,Mechanical,8,71.3,6.61,6.97,declining,2,63.7,79.1,162,81.1,,52.8,In Process,1,0.579
STU-1973,24CS273,CSE,3,86.3,6.81,6.5,improving,0,67.9,80.4,65,89.3,,47.5,Not Eligible,0,0.099
STU-0767,22CS867,CSE,7,77.3,7.93,8.66,declining,0,87.7,67.9,149,61.2,Ongoing,85.3,Placed,0,0.207
STU-1412,25CS612,CSE,1,80.5,8.14,8.55,declining,0,88.6,88.5,23,34.2,,77.6,Not Eligible,0,0.133
STU-0185,25CS285,CSE,2,95.8,8.01,8.01,stable,0,75.6,91.4,44,71.2,,72.2,Not Eligible,0,0.07
STU-5432,22EE132,EEE,8,96.8,8.84,8.81,stable,0,97.3,90.3,170,49.5,Completed,90.4,Placed,0,0.106
STU-7627,25CI527,Civil,1,84.4,6.56,6.64,stable,0,62.0,81.6,21,53.9,,68.7,Not Eligible,0,0.094
STU-1963,22CS263,CSE,7,80.3,9.14,9.56,declining,0,94.9,82.7,149,73.5,Completed,98.0,Placed,0,0.188
STU-0535,22CS635,CSE,7,90.2,6.76,6.71,stable,0,71.3,83.0,147,94.7,Completed,53.0,Not Eligible,0,0.082
STU-0143,24CS243,CSE,4,81.7,9.03,9.46,declining,0,88.9,74.6,85,60.3,,97.2,Not Eligible,0,0.208
STU-5101,24EC701,ECE,4,86.6,8.85,8.85,stable,0,91.7,87.2,85,75.1,,81.4,Not Eligible,0,0.115
STU-2735,25IT135,IT,1,86.9,9.39,9.31,stable,0,99.0,92.1,18,39.6,,90.9,Not Eligible,0,0.095
STU-3399,23IT799,IT,6,88.2,8.31,8.46,declining,0,77.7,89.2,124,82.8,Completed,87.6,Eligible,0,0.082
STU-8166,25CI166,Civil,1,78.9,7.12,7.06,stable,2,72.8,76.0,18,79.1,,72.2,Not Eligible,0,0.315
STU-1240,25CS440,CSE,2,99.0,9.95,9.78,improving,0,97.7,90.1,38,83.9,,86.3,Not Eligible,0,0.078
STU-4312,25EC812,ECE,2,75.1,9.04,8.83,improving,0,84.5,77.9,44,34.7,,85.6,Not Eligible,0,0.08
STU-0390,22CS490,CSE,7,87.5,9.07,9.53,declining,0,91.9,80.9,149,47.6,,98.0,Placed,0,0.11
STU-3641,24EC141,ECE,4,78.8,6.84,6.56,improving,0,70.0,76.7,85,63.4,,74.9,Not Eligible,0,0.087
STU-3386,22IT786,IT,7,80.7,7.26,6.99,improving,1,75.9,88.8,144,73.8,,74.6,Not Eligible,0,0.143
STU-1399,23CS599,CSE,5,69.5,9.59,9.47,stable,0,95.7,63.3,101,61.4,Completed,98.0,Eligible,0,0.195
STU-6872,22ME672,Mechanical,8,82.5,8.05,7.9,improving,0,85.5,81.4,170,69.1,Completed,95.9,Placed,0,0.081
STU-6512,23ME312,Mechanical,5,82.1,9.29,9.27,stable,1,97.5,77.8,99,33.3,Completed,87.6,In Process,0,0.114
STU-1132,24CS332,CSE,4,86.6,7.02,7.05,stable,0,69.8,87.0,85,94.3,,58.1,Not Eligible,0,0.081
STU-8142,23CI142,Civil,6,63.0,5.92,6.07,declining,1,60.8,64.4,118,36.1,Completed,61.4,In Process,1,0.885
STU-5195,24EC795,ECE,3,77.0,8.17,8.02,improving,1,83.9,76.5,57,30.8,,62.0,Not Eligible,0,0.244
STU-2202,24IT502,IT,3,75.2,8.43,8.35,stable,0,78.6,72.9,61,8.4,,96.8,Not Eligible,0,0.179
STU-4253,25EC753,ECE,1,80.0,6.67,6.85,declining,0,60.2,70.5,18,56.3,,76.4,Not Eligible,0,0.145
STU-7347,22ME247,Mechanical,8,75.6,6.97,7.25,declining,0,66.8,85.9,164,60.8,,75.2,In Process,0,0.11
STU-7524,24ME424,Mechanical,3,81.3,7.67,7.79,stable,0,72.6,84.9,59,98.0,,78.1,Not Eligible,0,0.119
STU-3891,24EC391,ECE,4,81.6,7.71,7.54,improving,0,69.2,80.7,85,76.4,,67.5,Not Eligible,0,0.114
STU-4547,25EC147,ECE,1,88.7,9.4,9.77,declining,0,93.4,92.5,19,67.7,,91.1,Not Eligible,0,0.081
STU-3274,23IT674,IT,6,99.0,8.31,8.09,improving,0,74.2,93.0,122,45.8,,73.0,Eligible,0,0.078
STU-1008,22CS208,CSE,7,78.8,7.31,6.94,improving,0,75.8,67.8,143,72.6,,93.9,In Process,0,0.094
STU-5249,25EE849,EEE,1,87.1,7.84,7.9,stable,0,89.8,86.2,19,72.0,Ongoing,69.9,Not Eligible,0,0.072
STU-6036,24EE736,EEE,4,76.8,7.19,7.22,stable,0,69.9,79.7,80,98.0,,64.9,Not Eligible,0,0.114
STU-1463,25CS663,CSE,1,71.3,9.01,8.84,improving,0,91.7,69.2,19,46.4,,85.5,Not Eligible,0,0.114
STU-1612,23CS812,CSE,6,94.0,7.8,8.1,declining,0,79.1,90.4,128,66.1,Completed,64.8,Eligible,0,0.229
STU-6127,25EE827,EEE,2,90.8,5.99,5.92,stable,0,56.4,84.0,44,88.7,,54.3,Not Eligible,0,0.213
STU-4696,23EC296,ECE,6,80.9,7.87,7.91,stable,0,83.3,78.9,127,56.0,,71.2,Eligible,0,0.082
STU-6700,24ME500,Mechanical,4,84.9,6.71,6.84,stable,0,61.9,89.9,86,82.5,,58.1,Not Eligible,0,0.089
STU-4315,22EC815,ECE,8,92.5,7.9,7.48,improving,0,74.7,83.7,168,58.6,,75.5,Placed,0,0.078
STU-5868,24EE568,EEE,3,87.3,8.66,9.22,declining,0,80.0,82.8,59,50.5,,83.1,Not Eligible,0,0.194
STU-8343,23CI343,Civil,5,73.1,6.8,7.09,declining,0,71.5,75.7,101,68.8,,63.3,Eligible,0,0.195
STU-4553,25EC153,ECE,2,75.3,8.93,9.18,declining,0,88.3,67.6,44,54.2,,96.6,Not Eligible,0,0.051
STU-0096,24CS196,CSE,4,89.4,8.7,8.8,stable,0,93.9,86.1,84,50.9,,88.4,Not Eligible,0,0.084
STU-7683,25CI583,Civil,2,79.7,9.12,9.63,declining,0,88.8,87.9,43,55.9,,94.3,Not Eligible,0,0.107
STU-4251,23EC751,ECE,6,79.1,7.38,7.1,improving,0,70.9,77.2,126,59.2,Completed,59.4,Eligible,0,0.095
STU-3139,22IT539,IT,8,92.8,9.0,8.44,improving,0,89.9,87.5,166,66.4,Completed,90.8,Placed,0,0.058
STU-7136,23ME936,Mechanical,6,79.2,6.47,6.4,stable,0,69.0,74.6,124,78.1,,63.3,In Process,0,0.099
STU-1161,22CS361,CSE,7,83.0,8.53,7.54,improving,0,82.9,79.5,143,32.5,Completed,86.6,Placed,0,0.078
STU-7204,22ME104,Mechanical,8,90.1,7.23,7.49,declining,0,68.1,91.4,168,35.1,Completed,72.0,In Process,0,0.11
STU-5385,22EE985,EEE,7,89.2,7.61,7.11,improving,0,73.5,85.4,145,32.0,Completed,83.8,Placed,0,0.086
STU-1079,25CS279,CSE,2,79.6,9.81,9.88,stable,0,93.7,68.6,43,82.4,,98.0,Not Eligible,0,0.145
STU-1324,25CS524,CSE,2,91.3,8.29,7.39,improving,0,87.4,84.5,43,86.8,,65.5,Not Eligible,0,0.07
STU-8177,23CI177,Civil,5,87.1,7.26,7.49,declining,0,66.1,84.9,103,58.6,,77.5,Eligible,0,0.097
STU-1651,25CS851,CSE,1,73.5,8.57,8.9,declining,0,85.8,71.2,21,30.1,,84.8,Not Eligible,0,0.135
STU-7096,22ME896,Mechanical,8,82.8,7.74,7.71,stable,0,80.4,88.9,168,25.0,,70.6,Placed,0,0.085
STU-2576,24IT876,IT,3,83.6,9.07,8.9,improving,0,93.7,87.6,59,60.3,Ongoing,88.2,Not Eligible,0,0.078
STU-5485,22EE185,EEE,7,68.5,6.22,5.79,improving,0,58.1,61.2,143,67.4,,82.4,Placed,0,0.337
STU-8169,22CI169,Civil,8,75.1,7.07,6.84,improving,1,79.0,71.8,165,36.7,,69.9,Not Eligible,0,0.185
STU-5167,25EC767,ECE,2,83.1,8.2,7.93,improving,0,81.5,74.5,40,57.2,,88.8,Not Eligible,0,0.065
STU-5339,25EE939,EEE,2,90.5,8.12,8.6,declining,0,73.8,90.6,38,66.3,,84.1,Not Eligible,0,0.143
STU-5109,25EC709,ECE,1,73.8,6.93,6.81,stable,3,70.7,78.8,18,68.6,,50.5,Not Eligible,1,0.68
STU-7997,24CI897,Civil,3,81.3,6.58,6.78,declining,0,63.4,85.7,64,64.2,,56.4,Not Eligible,0,0.132
STU-3771,22EC271,ECE,8,77.9,7.49,7.48,stable,0,68.1,71.5,164,65.4,Completed,70.5,In Process,0,0.118
STU-7614,22CI514,Civil,8,89.4,6.34,6.33,stable,0,73.8,84.9,164,48.4,,65.6,Placed,0,0.079
STU-0587,25CS687,CSE,1,79.1,9.8,9.89,stable,0,99.0,77.6,21,68.9,Ongoing,71.7,Not Eligible,0,0.089
STU-6529,24ME329,Mechanical,3,75.2,7.18,7.64,declining,2,73.5,70.2,53,61.6,,69.0,Not Eligible,1,0.554
STU-3670,25EC170,ECE,2,76.3,7.48,6.76,improving,0,74.8,90.0,38,92.2,Ongoing,52.1,Not Eligible,0,0.087
STU-6210,23EE910,EEE,5,79.6,6.7,5.92,improving,0,62.8,84.4,101,31.3,Completed,69.8,Eligible,0,0.178
STU-6466,22ME266,Mechanical,8,90.8,6.92,7.23,declining,0,73.8,86.3,166,59.7,,71.5,Not Eligible,0,0.17
STU-4333,24EC833,ECE,3,77.3,9.53,9.54,stable,0,95.1,90.4,64,51.7,,98.0,Not Eligible,0,0.144
STU-8092,25CI992,Civil,2,74.9,7.74,7.95,declining,0,74.0,75.4,42,81.8,,69.9,Not Eligible,0,0.14
STU-8374,25CI374,Civil,1,69.1,6.16,5.72,improving,1,61.1,63.9,18,63.4,,44.8,Not Eligible,0,0.329
STU-1935,23CS235,CSE,6,83.4,9.03,8.45,improving,0,99.0,72.9,122,69.3,Ongoing,97.4,Eligible,0,0.081
STU-2127,23CS427,CSE,5,89.9,7.23,7.72,declining,0,67.5,82.3,107,41.2,Completed,59.4,Eligible,0,0.161
STU-7272,24ME172,Mechanical,4,78.1,6.47,6.78,declining,0,62.5,79.4,86,40.0,,56.4,Not Eligible,0,0.178
STU-5973,25EE673,EEE,2,80.3,8.91,8.68,improving,0,94.0,69.8,44,40.7,,81.8,Not Eligible,0,0.069
STU-1976,22CS276,CSE,8,83.3,7.58,7.34,improving,0,68.4,86.2,170,98.0,Ongoing,77.0,Placed,0,0.049
STU-1922,25CS222,CSE,1,82.5,7.58,7.85,declining,0,72.9,78.7,22,73.5,,56.3,Not Eligible,0,0.178
STU-1845,22CS145,CSE,8,91.0,9.12,9.22,stable,0,88.4,93.5,169,53.3,Completed,85.9,Placed,0,0.079
STU-7724,24CI624,Civil,3,69.4,6.73,6.78,stable,1,77.4,74.7,60,55.4,,56.6,Not Eligible,0,0.244
STU-5781,23EE481,EEE,5,68.6,7.28,7.16,stable,0,65.0,70.3,105,53.6,Completed,66.1,Eligible,0,0.18
STU-4384,24EC884,ECE,3,82.8,6.87,7.55,declining,0,75.8,85.8,64,81.6,,91.4,Not Eligible,0,0.252
STU-2291,23IT591,IT,6,82.4,8.82,8.07,improving,0,88.2,79.7,122,40.4,Completed,89.6,Eligible,0,0.047
STU-6806,22ME606,Mechanical,7,77.8,8.48,8.22,improving,0,81.5,76.6,147,69.6,,68.2,In Process,0,0.079
STU-5780,25EE480,EEE,2,70.5,8.58,9.08,declining,0,85.4,75.2,38,40.0,Ongoing,98.0,Not Eligible,0,0.203
STU-6373,22ME173,Mechanical,8,67.9,6.99,7.47,declining,0,68.9,69.8,170,24.0,Completed,80.3,Not Eligible,0,0.44
STU-7499,25ME399,Mechanical,1,87.2,7.85,7.83,stable,0,86.8,84.4,19,19.5,,86.8,Not Eligible,0,0.124
STU-0784,24CS884,CSE,3,91.4,6.75,6.41,improving,1,62.2,87.8,57,44.0,,88.0,Not Eligible,0,0.256
STU-6228,25EE928,EEE,1,65.9,6.99,7.39,declining,0,70.5,72.6,18,98.0,,67.0,Not Eligible,0,0.47
STU-5168,22EC768,ECE,7,82.5,7.71,8.35,declining,0,79.9,81.6,147,71.2,Completed,58.7,Placed,0,0.118
STU-4769,24EC369,ECE,4,77.5,7.36,7.81,declining,0,75.2,89.0,86,45.7,,79.2,Not Eligible,0,0.116
STU-6430,24ME230,Mechanical,3,91.4,7.46,7.38,stable,0,67.2,100.0,64,47.0,Ongoing,61.5,Not Eligible,0,0.078
STU-6909,25ME709,Mechanical,2,74.0,9.63,9.9,declining,0,98.3,76.5,40,70.9,,84.6,Not Eligible,0,0.16
STU-1155,23CS355,CSE,5,86.6,8.02,8.15,stable,0,78.3,81.7,107,95.1,Completed,72.3,Eligible,0,0.047
STU-1251,22CS451,CSE,7,67.6,7.77,8.45,declining,2,75.1,76.2,141,47.7,Completed,83.3,Not Eligible,1,0.659
STU-5518,23EE218,EEE,6,86.5,7.12,6.95,improving,0,62.0,83.3,124,41.1,,74.3,Eligible,0,0.085
STU-4901,25EC501,ECE,1,75.3,7.75,7.51,improving,1,80.3,66.4,18,72.2,,77.9,Not Eligible,0,0.218
STU-5203,23EE803,EEE,5,88.2,7.35,7.54,declining,0,70.0,90.3,101,37.8,,46.5,Eligible,0,0.08
STU-4221,24EC721,ECE,4,77.5,7.32,6.79,improving,0,74.7,80.0,82,85.2,,59.4,Not Eligible,0,0.104
STU-4415,25EC915,ECE,1,83.7,8.65,8.45,improving,0,86.1,84.7,21,39.5,,81.4,Not Eligible,0,0.086
STU-4517,25EC117,ECE,2,92.4,7.02,6.37,improving,0,65.0,86.4,38,54.3,,77.1,Not Eligible,0,0.086
STU-1534,24CS734,CSE,3,70.3,9.68,9.42,improving,0,99.0,67.7,63,53.5,,97.1,Not Eligible,0,0.092
STU-5622,22EE322,EEE,7,77.6,6.57,6.09,improving,0,62.2,83.5,147,29.9,,45.0,Not Eligible,0,0.123
STU-0709,25CS809,CSE,2,82.8,7.59,7.89,declining,0,81.5,77.7,43,29.9,,87.9,Not Eligible,0,0.29
STU-6329,23ME129,Mechanical,6,77.0,8.03,8.28,declining,0,70.3,68.7,126,77.4,Ongoing,84.0,Eligible,0,0.138
STU-4566,22EC166,ECE,8,94.4,9.29,9.03,improving,0,94.0,81.6,170,62.5,Completed,92.8,Placed,0,0.054
STU-0174,25CS274,CSE,2,95.2,8.14,8.35,declining,0,82.7,94.2,43,53.2,,75.9,Not Eligible,0,0.19
STU-4405,23EC905,ECE,5,84.2,9.19,9.0,improving,0,84.3,81.2,103,28.2,Completed,77.9,Eligible,0,0.095
STU-1159,22CS359,CSE,7,87.3,9.68,9.4,improving,0,98.5,88.8,145,39.7,Completed,78.9,Placed,0,0.086
STU-0211,23CS311,CSE,5,62.4,9.0,8.94,stable,0,96.3,71.7,107,66.1,Ongoing,56.6,Eligible,1,0.518
STU-6226,25EE926,EEE,1,95.2,8.54,8.61,stable,0,88.1,90.7,19,79.8,,98.0,Not Eligible,0,0.11
STU-2062,24CS362,CSE,4,80.4,9.95,10.0,stable,0,99.0,85.0,85,41.2,,98.0,Not Eligible,0,0.088
STU-6333,24ME133,Mechanical,3,99.0,6.11,6.14,stable,0,56.7,90.8,59,56.3,,66.8,Not Eligible,0,0.14
STU-6008,22EE708,EEE,8,79.2,9.15,9.26,stable,0,85.5,78.7,166,44.3,Completed,70.4,Placed,0,0.101
STU-4491,23EC991,ECE,6,81.1,8.14,8.7,declining,0,73.6,80.0,122,59.4,Completed,88.3,Eligible,0,0.136
STU-0913,23CS113,CSE,5,92.4,8.85,7.92,improving,0,92.2,85.5,107,68.9,,98.0,Eligible,0,0.08
STU-4535,25EC135,ECE,1,88.9,8.34,8.37,stable,0,83.8,85.0,23,57.6,,68.7,Not Eligible,0,0.202
STU-8411,23CI411,Civil,6,78.9,5.24,4.76,improving,0,56.7,74.0,128,83.9,,51.5,In Process,0,0.251
STU-5840,25EE540,EEE,2,78.2,7.29,7.02,improving,0,79.2,70.9,40,88.1,,69.4,Not Eligible,0,0.071
STU-1999,25CS299,CSE,1,82.3,8.25,8.27,stable,0,82.2,77.4,22,81.9,,56.5,Not Eligible,0,0.072
STU-7968,23CI868,Civil,5,84.8,7.59,7.99,declining,0,59.0,70.9,107,31.7,Completed,78.3,Eligible,0,0.253
STU-5058,24EC658,ECE,4,77.8,8.39,8.32,stable,0,85.2,71.5,85,63.9,,76.7,Not Eligible,0,0.052
STU-7390,22ME290,Mechanical,7,91.4,8.27,7.89,improving,0,79.6,97.4,147,45.6,,61.9,Placed,0,0.09
STU-4257,23EC757,ECE,5,80.1,8.49,8.08,improving,0,85.3,81.1,107,20.1,Completed,79.2,Eligible,0,0.107
STU-0456,24CS556,CSE,4,86.3,7.98,7.94,stable,0,76.8,80.8,80,51.4,,65.7,Not Eligible,0,0.126
STU-6351,22ME151,Mechanical,8,91.6,7.45,7.54,stable,0,82.0,83.0,166,38.5,,86.0,Placed,0,0.159
STU-7969,22CI869,Civil,7,81.9,8.06,8.37,declining,0,81.5,81.1,143,49.2,Ongoing,71.9,Not Eligible,0,0.188
STU-7070,25ME870,Mechanical,2,72.5,6.78,7.58,declining,1,64.6,75.8,40,33.2,,55.2,Not Eligible,0,0.429
STU-5773,24EE473,EEE,4,71.1,7.57,7.8,declining,0,73.2,77.6,84,54.9,Ongoing,83.8,Not Eligible,0,0.154
STU-2889,23IT289,IT,6,90.8,9.4,9.32,stable,0,85.7,84.8,127,62.7,Completed,98.0,Eligible,0,0.123
STU-7310,25ME210,Mechanical,1,95.5,7.42,7.45,stable,0,81.4,96.3,19,22.9,Ongoing,65.5,Not Eligible,0,0.064
STU-4946,23EC546,ECE,5,89.2,9.76,9.39,improving,0,99.0,80.7,106,68.0,,97.3,Eligible,0,0.112
STU-5261,22EE861,EEE,8,75.8,8.16,8.19,stable,0,88.6,73.6,166,77.1,,97.3,In Process,0,0.075
STU-3616,24EC116,ECE,3,89.7,8.71,8.53,improving,0,88.7,82.4,63,19.0,,98.0,Not Eligible,0,0.155
STU-4816,23EC416,ECE,6,70.9,9.19,8.98,improving,0,90.8,80.2,124,69.9,,98.0,Eligible,0,0.067
STU-1984,24CS284,CSE,4,90.3,8.51,8.31,improving,0,84.7,88.2,84,21.6,,76.6,Not Eligible,0,0.106
STU-6608,24ME408,Mechanical,3,79.1,6.54,6.96,declining,0,66.4,71.5,64,86.0,,57.7,Not Eligible,0,0.114
STU-0689,22CS789,CSE,7,84.3,6.29,6.48,declining,0,55.6,82.9,149,61.5,Ongoing,65.7,In Process,0,0.171
STU-1916,23CS216,CSE,6,76.1,9.24,9.3,stable,0,91.7,76.4,127,25.0,Completed,73.2,Eligible,0,0.12
STU-0365,22CS465,CSE,8,84.7,8.17,8.21,stable,0,92.0,82.7,166,73.6,Completed,59.3,Placed,0,0.068
STU-6932,25ME732,Mechanical,2,76.5,6.98,7.11,stable,0,68.8,74.8,42,51.3,,56.1,Not Eligible,0,0.167
STU-5980,22EE680,EEE,7,77.4,7.97,7.8,improving,0,80.6,79.5,148,66.8,Completed,72.8,Placed,0,0.076
STU-2532,25IT832,IT,2,76.1,7.55,7.64,stable,0,76.4,76.0,40,86.6,,84.6,Not Eligible,0,0.115
STU-0906,22CS106,CSE,8,72.7,8.19,8.35,declining,0,86.9,79.2,170,60.0,Ongoing,81.0,Placed,0,0.106
STU-5548,22EE248,EEE,7,81.9,8.49,8.23,improving,0,81.0,86.3,147,43.1,Ongoing,94.6,Placed,0,0.056
STU-2930,25IT330,IT,2,86.1,9.62,9.27,improving,0,99.0,82.6,38,41.9,,92.7,Not Eligible,0,0.083
STU-3358,24IT758,IT,4,88.8,7.99,7.7,improving,0,73.9,83.9,80,74.5,,75.5,Not Eligible,0,0.133
STU-6518,22ME318,Mechanical,8,88.2,5.65,5.42,improving,1,54.7,84.9,164,69.1,,54.3,In Process,1,0.66
STU-1047,25CS247,CSE,2,90.2,9.83,9.89,stable,0,99.0,89.7,40,48.7,,98.0,Not Eligible,0,0.093
STU-5934,24EE634,EEE,4,85.8,7.06,6.94,stable,0,73.4,90.8,85,69.6,,73.6,Not Eligible,0,0.153
STU-2250,22IT550,IT,8,67.3,7.54,7.86,declining,0,71.8,72.4,166,49.1,Completed,67.6,Placed,0,0.29
STU-2461,25IT761,IT,1,94.7,8.37,8.36,stable,0,81.7,92.6,18,42.4,,70.1,Not Eligible,0,0.064
STU-0498,25CS598,CSE,1,82.9,8.32,8.74,declining,0,78.7,83.8,18,5.0,,78.6,Not Eligible,0,0.261
STU-5691,22EE391,EEE,7,93.7,7.83,8.05,declining,0,80.7,82.8,143,26.6,Completed,85.3,Placed,0,0.146
STU-3207,23IT607,IT,5,92.2,7.79,8.15,declining,0,67.2,91.7,101,81.1,Completed,62.6,Eligible,0,0.159
STU-4624,25EC224,ECE,2,67.5,6.56,6.68,stable,0,65.5,68.0,42,68.0,,72.1,Not Eligible,0,0.115
STU-4112,24EC612,ECE,3,78.6,7.94,8.49,declining,0,81.7,64.5,59,64.9,,65.2,Not Eligible,0,0.206
STU-5947,23EE647,EEE,6,73.7,7.45,7.22,improving,0,77.2,69.6,126,45.9,,74.9,Eligible,0,0.13
STU-3505,25IT905,IT,2,76.2,7.83,7.96,stable,0,79.4,70.7,44,43.9,,74.4,Not Eligible,0,0.074
STU-1997,22CS297,CSE,8,87.0,8.5,8.52,stable,0,88.2,82.3,169,42.3,Ongoing,59.0,Placed,0,0.189
STU-7587,25CI487,Civil,2,75.4,8.66,8.73,stable,0,83.4,71.8,40,41.0,,89.7,Not Eligible,0,0.089
STU-4183,23EC683,ECE,6,86.3,9.09,9.16,stable,0,95.0,92.3,127,66.1,Completed,87.6,Eligible,0,0.116
STU-1477,22CS677,CSE,7,74.8,6.65,6.69,stable,0,67.6,83.7,143,68.2,Ongoing,52.4,Placed,0,0.101
STU-3808,23EC308,ECE,5,83.9,6.97,6.07,improving,0,72.0,82.0,105,83.2,Completed,52.4,Eligible,0,0.079
STU-7833,22CI733,Civil,8,68.3,6.24,5.72,improving,2,60.7,61.2,161,18.9,,85.3,In Process,1,0.61
STU-8385,23CI385,Civil,6,89.3,5.76,5.49,improving,0,55.7,86.6,124,61.7,Completed,50.6,In Process,0,0.22
STU-7962,23CI862,Civil,5,71.3,7.51,7.36,improving,0,75.0,71.3,101,71.5,Ongoing,70.8,Eligible,0,0.091
STU-2995,23IT395,IT,6,80.6,6.7,6.31,improving,0,64.4,87.2,128,50.1,,59.2,Eligible,0,0.119
STU-3287,22IT687,IT,7,91.5,7.84,7.72,stable,0,82.6,85.8,148,21.5,Completed,64.7,Placed,0,0.109
STU-1454,23CS654,CSE,5,88.1,6.53,6.2,improving,0,65.3,82.1,105,49.0,,45.7,Eligible,0,0.101
STU-4941,22EC541,ECE,8,63.2,9.36,9.3,stable,0,91.4,73.0,164,82.9,Completed,90.8,Placed,0,0.409
STU-5908,24EE608,EEE,4,83.9,9.18,8.74,improving,0,97.4,83.1,86,98.0,,88.2,Not Eligible,0,0.063
STU-8076,23CI976,Civil,6,83.5,6.96,7.11,declining,0,78.7,76.1,126,56.8,,65.8,Eligible,0,0.075
STU-5962,24EE662,EEE,4,89.5,7.79,7.9,stable,0,82.0,80.8,86,68.3,,73.2,Not Eligible,0,0.151
STU-1221,22CS421,CSE,8,67.3,7.32,6.88,improving,0,73.6,67.8,166,50.3,Ongoing,87.6,Placed,0,0.16
STU-2906,25IT306,IT,1,86.7,7.58,7.28,improving,0,69.8,83.8,19,55.7,,79.3,Not Eligible,0,0.069
STU-6905,25ME705,Mechanical,1,78.2,7.71,7.74,stable,0,72.3,64.8,18,80.3,Ongoing,74.3,Not Eligible,0,0.127
STU-7126,23ME926,Mechanical,6,87.3,7.78,7.81,stable,0,86.2,82.9,128,68.4,Completed,48.4,Eligible,0,0.077
STU-6383,22ME183,Mechanical,7,68.6,5.84,5.96,stable,0,62.2,70.5,145,75.9,,65.7,In Process,0,0.399
STU-3017,24IT417,IT,4,97.1,8.27,8.24,stable,0,76.9,94.9,85,72.8,,89.2,Not Eligible,0,0.055
STU-3933,22EC433,ECE,8,71.2,8.0,7.83,improving,0,86.0,80.4,170,82.7,Completed,65.9,Placed,0,0.244
STU-3186,25IT586,IT,1,82.9,6.76,6.55,improving,0,60.1,76.0,23,77.8,,62.1,Not Eligible,0,0.051
STU-4409,23EC909,ECE,6,84.0,7.9,8.48,declining,0,76.6,69.8,126,52.2,Ongoing,56.4,Eligible,0,0.244
STU-2309,24IT609,IT,4,75.9,8.91,8.61,improving,0,85.5,73.3,84,60.0,,90.7,Not Eligible,0,0.085
STU-0533,22CS633,CSE,8,98.5,7.76,7.53,improving,0,80.1,90.6,170,59.9,Ongoing,61.8,Placed,0,0.079
STU-2289,25IT589,IT,2,88.7,8.09,8.16,stable,0,75.5,95.3,44,42.9,Ongoing,78.4,Not Eligible,0,0.073
STU-2613,25IT913,IT,1,80.7,9.56,9.38,improving,0,99.0,80.1,22,75.5,,96.1,Not Eligible,0,0.103
STU-0951,23CS151,CSE,5,85.7,7.61,8.08,declining,0,80.2,88.9,101,33.9,Ongoing,77.2,Eligible,0,0.11
STU-4651,23EC251,ECE,5,81.6,8.13,8.88,declining,0,81.5,78.2,105,61.2,Ongoing,84.8,Eligible,0,0.21
STU-5331,23EE931,EEE,5,85.6,6.41,6.85,declining,0,63.1,84.5,101,72.9,,57.3,In Process,0,0.2
STU-8426,22CI426,Civil,8,85.6,5.64,5.45,improving,1,61.4,83.8,165,70.5,,47.6,Not Eligible,0,0.243
STU-0513,22CS613,CSE,8,83.0,7.92,8.67,declining,0,80.9,84.1,164,81.9,Completed,74.5,Placed,0,0.221
STU-4454,24EC954,ECE,4,92.0,6.77,7.17,declining,0,71.3,93.3,80,51.0,,85.2,Not Eligible,0,0.21
STU-8203,24CI203,Civil,4,72.4,7.48,7.47,stable,0,83.1,64.9,82,43.8,,78.9,Not Eligible,0,0.127
STU-7015,24ME815,Mechanical,3,69.4,7.25,7.24,stable,1,77.4,68.7,55,98.0,,82.1,Not Eligible,0,0.34
STU-6899,25ME699,Mechanical,1,71.3,8.88,8.88,stable,0,86.5,65.4,18,88.2,,77.9,Not Eligible,0,0.159
STU-2077,25CS377,CSE,2,87.6,6.4,6.4,stable,0,66.9,80.3,40,57.9,,66.1,Not Eligible,0,0.059
STU-4453,23EC953,ECE,5,86.3,8.31,8.18,stable,0,86.4,90.2,103,52.8,Ongoing,88.5,Eligible,0,0.093
STU-4989,22EC589,ECE,8,76.9,8.17,8.07,stable,0,84.4,84.4,166,78.8,,86.1,Placed,0,0.075
STU-1683,23CS883,CSE,6,80.6,8.55,8.97,declining,0,89.4,80.4,124,37.7,Ongoing,63.0,Eligible,0,0.153
STU-0439,23CS539,CSE,6,71.8,9.0,9.02,stable,0,86.4,70.9,126,70.6,Completed,67.3,Eligible,0,0.131
STU-7556,23ME456,Mechanical,5,73.1,8.19,7.56,improving,0,76.8,70.8,106,89.1,,92.7,Eligible,0,0.12
STU-4499,22EC999,ECE,8,77.2,9.7,9.56,stable,0,98.2,76.3,164,38.6,,83.9,Placed,0,0.104
STU-8077,24CI977,Civil,3,74.8,5.95,6.73,declining,2,61.9,76.4,53,93.3,Ongoing,46.3,Not Eligible,1,0.865
STU-1054,22CS254,CSE,7,88.5,9.45,9.43,stable,0,93.0,89.6,145,65.2,Completed,98.0,Placed,0,0.074
STU-8251,22CI251,Civil,7,90.4,5.57,5.89,declining,2,60.6,81.6,139,55.9,Ongoing,60.6,In Process,1,0.785
STU-3625,23EC125,ECE,5,77.4,7.62,7.6,stable,0,76.3,79.2,105,21.8,,87.4,Eligible,0,0.158
STU-6702,24ME502,Mechanical,3,75.1,6.02,6.06,stable,1,64.0,70.7,57,53.6,,50.6,Not Eligible,0,0.293
STU-6403,25ME203,Mechanical,1,87.8,7.16,7.19,stable,0,62.5,89.9,19,13.3,,57.3,Not Eligible,0,0.109
STU-0977,23CS177,CSE,5,89.9,8.29,8.49,declining,0,77.7,88.6,103,53.9,Completed,97.5,Eligible,0,0.142
STU-4484,22EC984,ECE,8,83.4,7.25,6.49,improving,0,74.0,78.0,164,74.6,,79.0,In Process,0,0.053
STU-2144,23IT444,IT,5,79.1,8.19,8.22,stable,0,93.3,74.8,106,82.3,Completed,71.7,Eligible,0,0.045
STU-6917,25ME717,Mechanical,2,92.8,6.27,6.33,stable,0,48.5,78.8,42,52.8,,60.8,Not Eligible,0,0.251
STU-5214,22EE814,EEE,8,80.3,7.66,7.02,improving,0,70.4,77.9,164,54.8,Completed,89.1,In Process,0,0.081
STU-3677,24EC177,ECE,4,78.3,7.19,7.21,stable,0,78.7,61.8,85,61.7,,57.1,Not Eligible,0,0.084
STU-2417,25IT717,IT,2,82.3,6.74,6.48,improving,0,75.0,76.2,38,78.3,,67.9,Not Eligible,0,0.134
STU-6262,24EE962,EEE,4,92.5,9.93,9.66,improving,0,98.0,76.9,80,62.6,Ongoing,98.0,Not Eligible,0,0.174
STU-5076,23EC676,ECE,5,82.0,6.97,7.01,stable,0,68.1,76.7,105,70.5,,37.6,Eligible,0,0.06
STU-6093,25EE793,EEE,2,76.1,7.25,6.83,improving,0,70.3,78.5,43,53.0,,79.1,Not Eligible,0,0.063
STU-4518,24EC118,ECE,3,63.0,8.07,7.59,improving,0,79.9,69.6,65,61.8,Ongoing,81.9,Not Eligible,0,0.314
STU-5148,22EC748,ECE,8,90.8,8.74,8.39,improving,0,79.9,93.0,168,54.1,Completed,84.8,Placed,0,0.045
STU-4823,22EC423,ECE,7,75.0,7.92,7.59,improving,0,87.2,74.7,147,49.3,,75.2,In Process,0,0.106
STU-1291,24CS491,CSE,4,84.5,8.19,8.17,stable,0,85.5,94.7,82,60.8,,98.0,Not Eligible,0,0.049
STU-1492,24CS692,CSE,3,95.8,7.51,7.88,declining,0,75.3,90.3,65,37.3,,71.8,Not Eligible,0,0.255
STU-4762,22EC362,ECE,7,73.3,8.75,8.39,improving,0,82.3,79.6,149,27.7,Completed,81.4,Placed,0,0.083
STU-5374,22EE974,EEE,8,68.1,7.43,7.25,improving,0,71.1,67.8,169,61.3,Completed,68.8,In Process,0,0.125
STU-2703,24IT103,IT,3,99.0,8.08,8.0,stable,0,88.7,87.0,61,71.4,,87.6,Not Eligible,0,0.126
STU-4042,25EC542,ECE,1,83.9,6.4,5.69,improving,0,63.3,78.9,18,72.0,,61.4,Not Eligible,0,0.113
STU-0897,24CS997,CSE,3,92.4,9.71,10.0,declining,0,96.9,96.6,59,34.7,,85.1,Not Eligible,0,0.133
STU-6304,23EE104,EEE,5,89.9,8.49,8.06,improving,0,82.1,85.7,103,80.9,,77.8,Eligible,0,0.043
STU-7102,23ME902,Mechanical,6,74.8,4.9,4.43,improving,1,46.9,72.7,123,50.9,Completed,40.1,In Process,1,0.784
STU-5838,23EE538,EEE,5,72.5,8.5,7.98,improving,0,83.5,77.3,106,52.3,Ongoing,98.0,Eligible,0,0.077
STU-5232,23EE832,EEE,6,87.5,9.46,9.41,stable,0,99.0,89.6,122,98.0,,66.3,Eligible,0,0.159
STU-3500,24IT900,IT,3,85.1,5.76,5.55,improving,3,56.0,87.5,52,89.7,,37.8,Not Eligible,1,0.753
STU-5115,25EC715,ECE,1,81.0,9.09,9.19,stable,0,88.7,74.9,18,15.9,,87.9,Not Eligible,0,0.101
STU-6984,24ME784,Mechanical,4,78.6,9.95,9.75,improving,0,99.0,76.2,82,56.5,,97.9,Not Eligible,0,0.123
STU-4468,24EC968,ECE,4,70.0,8.29,7.81,improving,0,77.6,74.7,80,98.0,,87.2,Not Eligible,0,0.139
STU-2670,23IT970,IT,5,79.8,8.44,8.52,stable,0,80.0,74.8,107,54.9,Completed,71.5,Eligible,0,0.111
STU-1788,23CS988,CSE,5,87.8,9.47,9.43,stable,0,94.2,94.5,107,31.9,Ongoing,83.8,Eligible,0,0.097
STU-2372,22IT672,IT,8,85.8,7.7,7.2,improving,0,79.5,89.1,169,60.2,Completed,86.7,Placed,0,0.056
STU-3046,25IT446,IT,1,78.0,9.15,9.43,declining,0,85.8,73.2,18,26.2,Ongoing,85.0,Not Eligible,0,0.187
STU-5664,22EE364,EEE,7,79.8,7.37,7.54,declining,0,80.1,71.9,148,32.3,Completed,73.3,Placed,0,0.187
STU-3252,24IT652,IT,3,91.3,9.18,9.03,improving,0,96.7,81.1,65,48.1,,78.5,Not Eligible,0,0.072
STU-7990,22CI890,Civil,8,71.9,5.93,6.06,stable,0,69.4,69.6,169,79.8,Completed,58.8,Not Eligible,0,0.331
STU-2371,25IT671,IT,2,77.3,7.87,7.98,stable,0,78.7,72.8,40,30.4,,82.6,Not Eligible,0,0.108
STU-4419,25EC919,ECE,2,81.0,6.42,6.43,stable,0,61.5,80.9,44,55.1,,54.1,Not Eligible,0,0.139
STU-6533,22ME333,Mechanical,8,80.9,6.7,7.13,declining,0,60.7,96.2,164,45.0,Completed,64.4,In Process,0,0.185
STU-6401,23ME201,Mechanical,5,90.0,6.98,6.89,stable,3,59.3,92.8,89,36.7,,79.9,In Process,1,0.65
STU-2740,25IT140,IT,2,93.8,7.83,8.04,declining,0,70.8,90.5,42,59.5,,79.8,Not Eligible,0,0.125
STU-7323,25ME223,Mechanical,2,85.7,7.45,7.69,declining,0,79.3,81.0,43,79.0,,64.5,Not Eligible,0,0.104
STU-2435,22IT735,IT,8,90.2,7.89,8.39,declining,1,78.8,83.1,165,69.4,Completed,85.6,In Process,0,0.369
STU-2434,24IT734,IT,3,78.6,8.44,8.52,stable,0,96.5,71.2,64,64.6,,73.5,Not Eligible,0,0.189
STU-1270,24CS470,CSE,3,82.9,8.33,8.24,stable,0,75.1,69.5,59,56.0,,71.3,Not Eligible,0,0.043
STU-4656,22EC256,ECE,8,83.9,7.83,7.62,improving,0,76.0,76.9,166,53.4,,69.6,Placed,0,0.105
STU-1772,22CS972,CSE,7,90.3,9.3,9.27,stable,0,89.6,81.2,147,85.1,Ongoing,98.0,Placed,0,0.117
STU-0711,22CS811,CSE,7,90.3,7.66,7.43,improving,0,76.1,89.2,143,62.6,,78.3,Placed,0,0.084
STU-6678,23ME478,Mechanical,5,81.6,7.8,7.49,improving,0,80.7,72.0,103,98.0,Ongoing,60.5,Eligible,0,0.097
STU-7398,23ME298,Mechanical,5,67.9,7.13,6.88,improving,0,72.2,84.8,105,87.2,Completed,74.6,Eligible,0,0.177
STU-2960,24IT360,IT,4,93.7,8.86,8.51,improving,0,93.7,93.1,80,65.7,,98.0,Not Eligible,0,0.058
STU-8283,22CI283,Civil,8,78.1,6.29,5.76,improving,0,72.9,74.7,170,65.4,Completed,51.1,Not Eligible,0,0.108
STU-6991,22ME791,Mechanical,7,91.9,6.75,6.44,improving,0,67.9,81.6,143,71.4,,61.6,Not Eligible,0,0.08
STU-3717,22EC217,ECE,7,96.1,6.79,6.99,declining,0,69.0,88.1,143,49.7,,65.2,Not Eligible,0,0.061
STU-6337,24ME137,Mechanical,3,80.9,6.55,6.29,improving,0,70.3,86.2,59,55.1,,65.5,Not Eligible,0,0.042
STU-2436,22IT736,IT,8,91.6,8.29,8.55,declining,0,78.1,95.7,169,20.1,Completed,85.7,Placed,0,0.23
STU-3116,22IT516,IT,8,70.5,7.79,7.64,improving,0,73.3,68.8,169,62.8,Completed,74.1,Placed,0,0.133
STU-3919,24EC419,ECE,4,77.7,6.53,6.26,improving,0,72.3,84.8,82,37.6,Ongoing,59.6,Not Eligible,0,0.065
STU-6594,22ME394,Mechanical,7,73.7,6.16,5.72,improving,0,58.0,77.8,147,51.4,,59.0,Not Eligible,0,0.294
STU-4919,22EC519,ECE,8,80.9,7.97,7.88,stable,0,80.7,79.6,164,80.8,Completed,60.9,Placed,0,0.068
STU-4249,22EC749,ECE,8,84.2,7.86,7.99,stable,0,64.4,81.8,169,38.1,Completed,76.3,Placed,0,0.127
STU-1568,25CS768,CSE,1,77.0,8.71,8.64,stable,0,81.6,72.7,18,26.6,,74.9,Not Eligible,0,0.158
STU-3830,24EC330,ECE,3,77.0,7.14,6.93,improving,0,74.9,90.7,64,78.3,,70.6,Not Eligible,0,0.157
STU-0501,23CS601,CSE,6,75.9,7.8,8.23,declining,0,81.4,74.6,128,51.8,Ongoing,87.8,Eligible,0,0.096
STU-1496,23CS696,CSE,6,88.3,7.81,8.26,declining,0,85.7,68.6,127,50.7,Ongoing,68.3,Eligible,0,0.21
STU-5592,23EE292,EEE,6,78.5,7.41,7.38,stable,0,77.8,78.7,126,40.8,Ongoing,69.8,Eligible,0,0.083
STU-7993,24CI893,Civil,3,55.0,7.85,8.82,declining,1,76.8,49.9,59,26.7,,87.2,Not Eligible,1,0.965
STU-3431,25IT831,IT,2,84.4,7.99,8.19,declining,0,86.3,79.0,43,34.5,,71.1,Not Eligible,0,0.149
STU-2410,22IT710,IT,8,78.0,7.16,6.93,improving,0,72.2,75.7,170,64.4,Ongoing,75.3,Not Eligible,0,0.073
STU-5431,25EE131,EEE,1,82.6,6.73,6.81,stable,0,68.0,80.2,19,45.2,,51.4,Not Eligible,0,0.148
STU-7237,24ME137,Mechanical,3,83.2,6.98,7.13,declining,0,66.3,79.6,65,56.5,Ongoing,61.2,Not Eligible,0,0.155
STU-0463,23CS563,CSE,6,83.8,5.94,5.59,improving,0,57.3,87.6,126,52.5,Ongoing,52.7,In Process,0,0.173
STU-0370,25CS470,CSE,1,91.1,8.28,7.89,improving,0,88.2,87.2,19,61.4,,79.5,Not Eligible,0,0.155
STU-4753,24EC353,ECE,3,79.9,8.49,8.02,improving,0,80.2,73.1,59,57.1,,72.7,Not Eligible,0,0.066
STU-8143,24CI143,Civil,4,70.8,6.9,6.6,improving,0,71.5,75.0,80,80.6,,64.7,Not Eligible,0,0.089
STU-3485,22IT885,IT,7,77.6,9.01,8.87,stable,0,93.7,62.3,147,30.4,Completed,98.0,Placed,0,0.084
STU-3266,22IT666,IT,7,76.5,8.24,8.06,improving,0,88.9,77.5,147,38.3,Completed,83.8,Placed,0,0.055
STU-0599,25CS699,CSE,2,91.5,7.06,7.26,declining,0,67.6,88.2,44,56.9,,67.8,Not Eligible,0,0.049
STU-7488,25ME388,Mechanical,2,70.8,5.47,5.73,declining,1,47.7,69.1,36,30.7,,62.9,Not Eligible,1,0.742
STU-2184,22IT484,IT,8,86.5,7.11,6.47,improving,0,77.3,90.2,170,38.0,,55.8,In Process,0,0.086
STU-8126,22CI126,Civil,8,78.8,6.39,6.87,declining,0,70.6,67.8,169,41.6,Completed,65.8,In Process,0,0.252
STU-1809,25CS109,CSE,2,88.0,8.27,8.09,improving,0,84.4,90.0,43,73.4,,66.8,Not Eligible,0,0.079
STU-2488,24IT788,IT,3,78.7,7.57,7.52,stable,0,80.3,75.8,64,90.5,,71.2,Not Eligible,0,0.085
STU-5834,22EE534,EEE,7,84.5,7.0,7.23,declining,0,65.1,83.7,143,21.8,,87.5,Not Eligible,0,0.226
STU-1387,22CS587,CSE,7,83.0,7.62,7.74,stable,0,78.0,80.0,145,98.0,Ongoing,90.7,Placed,0,0.073
STU-2239,25IT539,IT,1,74.8,7.49,7.58,stable,0,82.0,74.0,21,23.0,,80.3,Not Eligible,0,0.199
STU-0511,23CS611,CSE,5,79.4,7.43,7.66,declining,0,76.6,79.4,107,78.4,,85.6,Eligible,0,0.111
STU-3043,23IT443,IT,6,84.0,7.89,8.06,declining,0,77.4,79.0,126,63.0,,71.0,Eligible,0,0.182
STU-3074,22IT474,IT,7,82.8,6.71,6.69,stable,0,60.2,93.5,149,65.8,,69.0,Placed,0,0.057
STU-6736,23ME536,Mechanical,6,87.0,6.9,6.81,stable,0,75.3,90.1,127,30.1,,72.7,Eligible,0,0.195
STU-4611,22EC211,ECE,7,78.1,6.02,5.99,stable,1,58.4,77.2,139,61.2,,57.5,In Process,0,0.186
STU-8285,23CI285,Civil,6,69.5,6.51,6.29,improving,0,61.3,73.4,124,50.1,,54.7,Eligible,0,0.154
STU-3436,25IT836,IT,2,79.7,8.16,7.99,improving,0,76.9,82.7,43,30.5,,75.5,Not Eligible,0,0.139
STU-3082,23IT482,IT,5,72.8,8.61,8.72,stable,0,84.9,74.0,107,30.4,Completed,68.0,Eligible,0,0.102
STU-1375,25CS575,CSE,2,87.1,6.0,6.12,stable,0,61.1,72.4,38,81.0,Ongoing,63.3,Not Eligible,0,0.175
STU-8359,24CI359,Civil,4,59.9,7.29,6.6,improving,3,60.8,76.8,73,58.8,,63.9,Not Eligible,1,0.906
STU-2483,24IT783,IT,4,72.9,9.89,9.92,stable,0,99.0,71.9,80,83.5,,97.7,Not Eligible,0,0.202
STU-5608,25EE308,EEE,2,86.3,8.02,7.94,stable,0,73.0,90.1,40,71.9,,98.0,Not Eligible,0,0.096
STU-6057,24EE757,EEE,4,70.7,8.44,8.51,stable,0,89.1,74.9,80,56.5,,82.5,Not Eligible,0,0.086
STU-0160,23CS260,CSE,6,79.6,7.36,7.06,improving,0,69.1,75.4,127,43.4,,52.9,Eligible,0,0.204
STU-1067,25CS267,CSE,2,79.0,7.22,6.93,improving,0,70.4,92.3,43,76.6,,68.7,Not Eligible,0,0.086
STU-2365,23IT665,IT,6,67.1,8.84,8.77,stable,0,78.2,64.7,124,46.0,Completed,92.2,Eligible,0,0.19
STU-4358,22EC858,ECE,8,66.4,8.19,8.2,stable,0,80.7,67.4,164,95.5,Completed,83.4,Placed,0,0.292
STU-0730,25CS830,CSE,2,94.0,7.48,7.76,declining,0,79.2,86.2,40,76.0,,71.2,Not Eligible,0,0.155
STU-3741,25EC241,ECE,1,85.1,9.27,8.86,improving,0,93.6,95.8,18,28.7,,67.8,Not Eligible,0,0.214
STU-2913,24IT313,IT,3,73.6,8.37,8.19,improving,0,87.8,70.3,61,56.4,,79.5,Not Eligible,0,0.061
STU-0602,24CS702,CSE,3,76.7,7.76,7.48,improving,0,69.9,75.1,64,49.7,,91.6,Not Eligible,0,0.049
STU-3270,23IT670,IT,6,95.6,8.93,9.0,stable,0,85.9,95.5,127,52.6,Completed,88.6,Eligible,0,0.096
STU-5276,24EE876,EEE,4,69.2,7.05,7.58,declining,0,76.1,70.6,86,46.2,,73.9,Not Eligible,0,0.193
STU-1915,24CS215,CSE,4,85.3,7.87,7.13,improving,0,81.1,76.3,86,54.3,,72.3,Not Eligible,0,0.057
STU-1032,23CS232,CSE,5,91.1,6.81,6.8,stable,1,69.3,88.2,97,69.2,,49.4,In Process,0,0.127
STU-5823,25EE523,EEE,1,89.5,8.52,9.0,declining,0,84.0,91.8,22,55.0,,85.5,Not Eligible,0,0.129
STU-1469,22CS669,CSE,7,94.4,8.0,8.23,declining,0,89.1,86.1,149,45.9,Completed,77.2,Placed,0,0.092
STU-5270,23EE870,EEE,6,79.0,7.73,7.51,improving,1,77.7,81.6,118,76.9,Ongoing,68.1,In Process,0,0.162
STU-1052,23CS252,CSE,5,80.3,8.14,7.37,improving,0,84.9,87.9,106,40.6,Completed,88.9,Eligible,0,0.055
STU-3193,23IT593,IT,6,89.8,7.79,8.08,declining,0,70.3,83.8,122,70.0,Completed,98.0,Eligible,0,0.122
STU-7037,23ME837,Mechanical,6,79.5,6.7,6.24,improving,0,61.7,91.0,124,40.8,,80.4,Eligible,0,0.129
STU-0901,25CS101,CSE,2,88.8,5.88,5.51,improving,0,59.5,88.1,38,45.5,,74.7,Not Eligible,0,0.19
STU-2103,25CS403,CSE,2,84.9,8.36,8.35,stable,0,79.4,85.3,43,62.4,,79.7,Not Eligible,0,0.062
STU-1486,24CS686,CSE,3,90.0,6.31,6.28,stable,0,61.0,89.9,61,40.9,,40.5,Not Eligible,0,0.085
STU-4232,23EC732,ECE,5,78.8,7.93,7.86,stable,0,75.1,74.0,101,69.8,,65.7,Eligible,0,0.103
STU-2098,23CS398,CSE,5,72.1,7.74,7.42,improving,0,68.3,64.7,107,87.4,Ongoing,82.8,Eligible,0,0.178
STU-5597,25EE297,EEE,1,75.1,6.39,5.37,improving,0,57.7,80.6,18,44.2,,75.9,Not Eligible,0,0.113
STU-1573,23CS773,CSE,6,80.6,8.78,9.02,declining,0,84.3,73.0,128,47.0,Completed,70.2,Eligible,0,0.171
STU-3972,25EC472,ECE,1,90.4,7.52,7.4,stable,0,80.8,88.8,19,65.7,Ongoing,60.7,Not Eligible,0,0.15
STU-6490,24ME290,Mechanical,4,72.4,6.07,5.91,improving,0,62.3,72.4,82,86.0,,56.1,Not Eligible,0,0.192
STU-6011,24EE711,EEE,4,64.1,7.84,8.04,declining,4,83.8,68.1,64,85.1,,67.7,Not Eligible,1,0.899
STU-2574,24IT874,IT,4,73.1,8.87,8.47,improving,0,78.2,69.4,84,77.4,,49.7,Not Eligible,0,0.11
STU-1983,24CS283,CSE,4,84.8,8.01,8.22,declining,0,72.7,84.3,82,36.9,,84.0,Not Eligible,0,0.132
STU-5423,25EE123,EEE,1,68.4,7.82,7.64,improving,0,76.3,61.6,18,77.3,,75.9,Not Eligible,0,0.074
STU-7490,24ME390,Mechanical,3,87.4,6.55,6.3,improving,4,64.9,92.4,48,67.2,,62.0,Not Eligible,1,0.865
STU-6446,22ME246,Mechanical,8,77.0,5.57,5.9,declining,0,46.8,75.3,164,84.2,,62.8,Placed,0,0.406
STU-1468,24CS668,CSE,4,88.0,7.82,7.84,stable,0,78.1,71.9,84,71.6,,86.2,Not Eligible,0,0.152
STU-6003,22EE703,EEE,8,86.8,6.9,7.15,declining,0,58.1,77.4,169,48.0,Completed,48.6,In Process,0,0.167
STU-5647,22EE347,EEE,7,73.7,8.02,8.13,stable,0,75.5,73.0,143,47.1,,71.0,Placed,0,0.078
STU-8059,24CI959,Civil,4,82.8,7.97,8.04,stable,0,85.5,93.0,84,91.0,,58.6,Not Eligible,0,0.097
STU-8361,23CI361,Civil,5,77.5,8.59,8.58,stable,0,82.6,70.6,101,80.7,,65.4,Eligible,0,0.044
STU-1903,22CS203,CSE,7,83.7,8.02,8.08,stable,0,80.9,81.9,143,24.3,Completed,87.0,Placed,0,0.12
STU-2990,24IT390,IT,3,84.1,9.46,9.27,improving,0,91.9,82.6,61,62.3,,98.0,Not Eligible,0,0.086
STU-6028,24EE728,EEE,3,83.0,6.62,6.32,improving,0,59.9,78.7,63,66.8,,64.2,Not Eligible,0,0.057
STU-0875,25CS975,CSE,1,89.9,8.52,8.33,improving,0,91.7,89.5,18,48.9,,74.0,Not Eligible,0,0.083
STU-6486,24ME286,Mechanical,4,69.3,7.4,7.95,declining,0,75.5,65.3,84,23.2,,98.0,Not Eligible,0,0.278
STU-5552,25EE252,EEE,1,70.2,6.72,6.6,stable,0,72.2,69.2,21,70.8,,84.9,Not Eligible,0,0.144
STU-1420,22CS620,CSE,8,88.7,9.67,9.32,improving,0,88.7,86.0,164,60.4,Completed,78.8,Placed,0,0.077
STU-5722,22EE422,EEE,7,80.0,7.04,6.72,improving,0,83.2,83.4,149,78.9,Ongoing,82.1,In Process,0,0.087
STU-7636,22CI536,Civil,8,81.7,8.1,7.88,improving,0,81.3,81.8,168,74.7,,49.8,Placed,0,0.065
STU-6684,23ME484,Mechanical,5,95.1,7.68,7.48,improving,0,79.9,93.8,107,75.2,Completed,65.0,Eligible,0,0.114
STU-0278,23CS378,CSE,6,83.4,8.03,8.45,declining,0,79.8,93.9,128,55.6,Completed,72.3,Eligible,0,0.091
STU-5301,25EE901,EEE,1,77.3,6.95,7.1,declining,0,74.9,68.8,21,94.1,Ongoing,83.2,Not Eligible,0,0.057
STU-4418,24EC918,ECE,3,84.2,8.19,8.14,stable,0,81.3,82.0,65,75.2,Ongoing,69.0,Not Eligible,0,0.089
STU-6988,23ME788,Mechanical,6,81.9,5.36,5.25,stable,4,55.3,74.5,111,55.0,,61.2,In Process,1,0.965
STU-3572,24EC972,ECE,3,80.6,6.75,7.39,declining,1,66.8,80.5,59,53.8,,71.9,Not Eligible,0,0.267
STU-5361,23EE961,EEE,5,63.1,6.98,6.03,improving,0,76.4,60.7,101,42.5,Completed,83.1,Eligible,0,0.326
STU-1777,23CS977,CSE,6,81.8,8.56,8.61,stable,0,90.6,88.3,127,43.1,Completed,90.6,Eligible,0,0.125
STU-5954,24EE654,EEE,3,66.2,6.93,6.7,improving,0,73.5,71.0,64,66.4,Ongoing,60.0,Not Eligible,0,0.235
STU-0041,25CS141,CSE,1,94.7,7.27,6.65,improving,0,74.9,100.0,19,52.2,,72.3,Not Eligible,0,0.053
STU-1740,24CS940,CSE,4,99.0,6.94,7.16,declining,0,72.3,94.0,82,60.3,,63.7,Not Eligible,0,0.097
STU-8418,23CI418,Civil,6,83.7,6.85,6.94,stable,0,73.6,79.3,127,39.8,,79.0,Eligible,0,0.159
STU-7186,22ME986,Mechanical,7,75.1,7.67,8.0,declining,0,82.6,77.8,148,98.0,Completed,65.9,Placed,0,0.124
STU-0270,24CS370,CSE,3,79.4,7.34,6.74,improving,1,73.7,71.9,61,46.6,,93.3,Not Eligible,0,0.216
STU-1166,22CS366,CSE,7,76.2,8.84,8.84,stable,0,77.4,73.5,145,52.2,Completed,65.1,Placed,0,0.093
STU-7493,24ME393,Mechanical,4,72.8,7.42,7.5,stable,1,65.6,72.4,82,70.9,,66.4,Not Eligible,0,0.319
STU-0188,23CS288,CSE,5,75.4,8.2,8.09,stable,0,81.4,80.5,105,43.4,Completed,88.2,Eligible,0,0.1
STU-7105,25ME905,Mechanical,1,66.3,7.91,7.93,stable,0,81.6,66.8,18,61.7,,57.4,Not Eligible,0,0.229
STU-6655,22ME455,Mechanical,8,89.0,7.39,7.6,declining,2,72.4,86.6,158,65.4,,62.1,Not Eligible,0,0.416
STU-1824,22CS124,CSE,7,83.3,9.3,9.71,declining,0,95.3,76.5,148,62.2,Completed,98.0,Placed,0,0.19
STU-1328,22CS528,CSE,7,84.0,8.37,7.85,improving,0,80.9,71.4,143,41.9,Completed,66.6,Placed,0,0.081
STU-2349,25IT649,IT,1,74.0,7.07,7.18,stable,0,66.7,68.5,22,96.2,,73.2,Not Eligible,0,0.101
STU-0116,22CS216,CSE,7,86.4,9.56,9.16,improving,0,92.8,76.1,143,71.0,Ongoing,97.7,Placed,0,0.042
STU-1110,25CS310,CSE,2,92.2,8.82,8.97,declining,0,89.6,88.3,38,50.4,,79.3,Not Eligible,0,0.059
STU-5546,22EE246,EEE,8,84.9,7.56,7.04,improving,3,77.1,90.4,157,69.3,Completed,72.7,In Process,1,0.535
STU-4435,22EC935,ECE,7,74.4,7.43,7.47,stable,1,69.7,69.1,141,84.9,,50.1,In Process,0,0.16
STU-5386,22EE986,EEE,7,89.8,7.45,6.93,improving,0,75.5,74.5,147,68.1,,71.0,Placed,0,0.077
STU-1114,23CS314,CSE,5,77.8,7.95,8.32,declining,2,73.6,83.0,99,86.0,Completed,65.0,In Process,0,0.426
STU-3794,24EC294,ECE,4,65.9,7.53,7.29,improving,0,78.6,67.0,82,68.7,Ongoing,87.5,Not Eligible,0,0.159
STU-3502,24IT902,IT,4,91.1,9.58,9.45,stable,0,95.4,94.8,82,47.5,,91.6,Not Eligible,0,0.073
STU-7788,24CI688,Civil,4,67.9,8.01,8.1,stable,0,81.9,75.3,80,66.2,,70.6,Not Eligible,0,0.222
STU-0197,23CS297,CSE,6,68.4,7.11,6.41,improving,0,63.1,60.0,124,63.5,,56.7,Eligible,0,0.167
STU-0305,23CS405,CSE,6,72.3,8.07,8.11,stable,0,73.7,69.1,122,77.4,Completed,69.8,Eligible,0,0.172
STU-4942,22EC542,ECE,8,66.6,7.79,6.8,improving,2,72.4,63.3,160,42.9,,78.0,Placed,1,0.6
STU-6025,24EE725,EEE,4,70.6,7.21,7.33,stable,0,73.3,86.3,84,74.5,,52.3,Not Eligible,0,0.103
STU-7805,23CI705,Civil,6,61.7,5.71,5.41,improving,1,60.1,63.6,123,89.1,,49.5,In Process,1,0.84
STU-1436,25CS636,CSE,1,88.8,8.77,8.71,stable,0,94.3,75.2,23,61.4,,77.8,Not Eligible,0,0.073
STU-0591,25CS691,CSE,2,79.0,7.36,7.43,stable,0,66.6,77.0,44,39.4,,79.7,Not Eligible,0,0.119
STU-7278,24ME178,Mechanical,3,73.1,6.53,6.69,declining,0,63.5,72.9,59,39.7,,72.4,Not Eligible,0,0.068
STU-6260,23EE960,EEE,5,81.1,7.91,7.09,improving,0,75.8,81.6,101,74.2,Ongoing,78.4,Eligible,0,0.108
STU-6428,24ME228,Mechanical,4,83.2,7.82,7.89,stable,0,78.1,87.6,86,50.6,,68.7,Not Eligible,0,0.074
STU-2145,22IT445,IT,7,76.3,8.41,8.59,declining,0,85.3,81.7,147,27.3,Completed,69.9,Placed,0,0.148
STU-7963,23CI863,Civil,6,87.1,6.92,6.44,improving,0,68.2,79.5,127,42.0,,76.6,Eligible,0,0.16
STU-6861,25ME661,Mechanical,2,69.0,7.18,6.69,improving,1,69.6,72.1,40,61.8,,69.9,Not Eligible,0,0.309
STU-3240,25IT640,IT,2,78.6,7.59,7.86,declining,0,70.0,81.5,40,48.6,,76.2,Not Eligible,0,0.138
STU-3373,23IT773,IT,6,73.0,8.41,8.2,improving,2,84.4,71.8,116,21.7,Completed,80.7,In Process,1,0.524
STU-6121,22EE821,EEE,8,78.7,8.54,8.42,stable,0,88.5,77.1,166,98.0,Ongoing,77.3,In Process,0,0.053
STU-0377,22CS477,CSE,7,80.6,8.52,8.92,declining,0,83.5,73.5,148,42.6,Completed,81.4,Placed,0,0.174
STU-4285,22EC785,ECE,8,89.0,6.89,7.04,declining,0,67.0,100.0,169,48.9,,66.4,Not Eligible,0,0.119
STU-0926,25CS126,CSE,1,88.8,8.45,7.76,improving,0,86.8,90.9,21,60.2,,82.2,Not Eligible,0,0.079
STU-3475,22IT875,IT,8,93.2,6.58,6.53,stable,0,74.5,93.3,166,35.4,,50.0,Not Eligible,0,0.08
STU-7078,22ME878,Mechanical,8,79.4,7.36,7.44,stable,0,75.6,74.9,170,83.3,Completed,82.6,In Process,0,0.078
STU-7884,25CI784,Civil,1,79.9,6.79,6.77,stable,0,64.3,81.3,23,72.3,,90.7,Not Eligible,0,0.056
STU-5284,25EE884,EEE,2,85.4,6.55,6.6,stable,0,72.2,81.5,43,32.0,,76.6,Not Eligible,0,0.1
STU-5182,24EC782,ECE,3,96.3,6.94,6.54,improving,0,74.1,90.7,59,75.8,,73.4,Not Eligible,0,0.058
STU-0675,24CS775,CSE,4,87.3,7.87,7.59,improving,0,82.2,87.6,84,25.1,,78.0,Not Eligible,0,0.087
STU-5918,22EE618,EEE,8,86.3,9.25,8.94,improving,0,88.6,85.1,164,58.7,Completed,98.0,Placed,0,0.103
STU-5841,24EE541,EEE,4,72.9,8.73,8.79,stable,0,88.2,71.3,86,67.5,,86.2,Not Eligible,0,0.188
STU-5080,22EC680,ECE,7,88.2,6.34,6.67,declining,0,58.1,83.3,148,65.2,Completed,60.3,Not Eligible,0,0.213
STU-6268,22EE968,EEE,8,84.9,8.31,8.18,stable,0,75.3,86.7,170,38.5,,90.7,Placed,0,0.168
STU-3444,25IT844,IT,1,70.3,8.35,8.27,stable,0,73.8,73.7,21,49.7,,98.0,Not Eligible,0,0.122
STU-6246,24EE946,EEE,3,74.4,7.29,7.66,declining,0,65.4,75.0,59,45.1,Ongoing,76.3,Not Eligible,0,0.153
STU-5627,24EE327,EEE,4,77.9,7.07,7.85,declining,0,75.5,86.0,80,60.4,,71.6,Not Eligible,0,0.266
STU-0217,24CS317,CSE,3,76.5,7.86,8.09,declining,0,77.9,67.4,61,92.1,,92.7,Not Eligible,0,0.089
STU-5042,25EC642,ECE,1,92.0,7.89,7.61,improving,0,73.3,99.4,18,53.9,,68.8,Not Eligible,0,0.068
STU-2733,25IT133,IT,1,83.3,7.88,8.04,declining,0,84.0,83.1,19,57.3,,76.3,Not Eligible,0,0.099
STU-0889,25CS989,CSE,1,76.1,9.95,9.65,improving,0,99.0,65.1,23,37.9,,93.1,Not Eligible,0,0.144
STU-7621,24CI521,Civil,3,74.3,6.32,5.88,improving,1,66.2,74.5,55,28.9,,67.2,Not Eligible,0,0.344
STU-1602,24CS802,CSE,3,90.6,7.51,8.22,declining,0,71.1,80.7,65,51.5,,63.0,Not Eligible,0,0.293
STU-0089,22CS189,CSE,8,84.1,7.33,7.4,stable,0,80.4,77.0,166,91.1,Completed,70.3,In Process,0,0.103
STU-6224,22EE924,EEE,7,87.0,8.2,8.17,stable,1,84.2,86.3,144,72.5,,77.9,Placed,0,0.158
STU-7001,23ME801,Mechanical,6,80.1,7.19,6.75,improving,1,78.1,79.6,120,85.2,,87.9,In Process,0,0.161
STU-1449,22CS649,CSE,8,92.6,7.5,7.55,stable,0,80.1,77.3,170,45.0,Completed,67.6,Placed,0,0.069
STU-3800,24EC300,ECE,3,92.6,6.62,6.73,stable,0,62.7,79.1,59,79.1,,72.6,Not Eligible,0,0.121
STU-5630,23EE330,EEE,6,84.1,5.73,5.15,improving,1,60.1,81.1,123,78.0,,44.7,In Process,0,0.286
STU-2705,24IT105,IT,3,77.9,7.69,8.18,declining,0,75.5,85.1,59,44.9,,73.3,Not Eligible,0,0.102
STU-6591,24ME391,Mechanical,3,76.8,6.52,6.68,declining,0,69.0,80.6,64,55.3,,78.5,Not Eligible,0,0.062
STU-2789,23IT189,IT,5,81.7,7.13,6.93,improving,0,71.1,87.2,105,67.0,Ongoing,92.5,Eligible,0,0.107
STU-7797,23CI697,Civil,6,86.9,7.34,7.47,stable,0,87.0,80.6,128,80.5,Completed,86.8,Eligible,0,0.108
STU-2048,23CS348,CSE,6,67.2,7.41,6.71,improving,0,73.7,76.0,126,70.8,Completed,85.3,Eligible,0,0.186
STU-6065,24EE765,EEE,3,71.3,6.61,7.23,declining,1,71.0,70.6,57,27.7,,73.5,Not Eligible,1,0.53
STU-2945,22IT345,IT,7,90.8,9.18,8.85,improving,0,88.1,90.0,149,59.6,Completed,73.0,Placed,0,0.08
STU-2529,24IT829,IT,3,78.6,7.37,7.88,declining,0,72.4,80.6,61,54.6,,76.5,Not Eligible,0,0.21
STU-1895,23CS195,CSE,5,85.2,7.67,7.7,stable,0,79.8,80.0,107,98.0,Completed,79.5,Eligible,0,0.106
STU-7432,22ME332,Mechanical,8,85.3,8.14,8.21,stable,0,72.2,80.9,166,52.6,Completed,75.5,Placed,0,0.131
STU-0739,24CS839,CSE,4,90.7,8.05,7.68,improving,0,81.8,96.6,85,48.8,,97.4,Not Eligible,0,0.107
STU-6774,22ME574,Mechanical,8,70.9,6.9,7.14,declining,0,62.5,82.6,164,32.8,,89.3,In Process,0,0.294
STU-0150,24CS250,CSE,3,92.1,6.77,6.85,stable,0,71.2,90.3,64,66.8,,71.5,Not Eligible,0,0.071
STU-4481,23EC981,ECE,5,76.9,7.67,7.46,improving,0,82.4,75.1,105,74.4,Completed,56.5,Eligible,0,0.093
STU-4027,22EC527,ECE,8,72.0,7.98,8.04,stable,0,89.7,73.1,164,82.7,,83.1,Placed,0,0.123
STU-7412,24ME312,Mechanical,3,99.0,8.35,8.03,improving,0,79.3,97.7,63,58.5,,77.0,Not Eligible,0,0.111
STU-1257,25CS457,CSE,2,87.4,7.5,7.49,stable,0,77.0,81.0,42,59.2,,98.0,Not Eligible,0,0.09
STU-2589,24IT889,IT,4,87.8,9.24,9.07,improving,0,94.1,77.3,82,95.2,,98.0,Not Eligible,0,0.065
STU-7764,24CI664,Civil,4,83.9,7.05,7.1,stable,0,69.5,70.2,86,72.6,,86.3,Not Eligible,0,0.125
STU-1717,25CS917,CSE,1,89.8,9.35,9.34,stable,0,96.3,88.5,21,64.0,,97.2,Not Eligible,0,0.104
STU-1581,25CS781,CSE,2,99.0,8.98,8.31,improving,0,91.1,93.3,42,41.9,,98.0,Not Eligible,0,0.12
STU-2432,22IT732,IT,8,91.2,8.33,8.37,stable,0,84.6,91.4,170,89.2,Completed,79.2,Placed,0,0.056
STU-4110,25EC610,ECE,1,84.3,8.39,7.99,improving,0,74.7,83.1,18,35.9,,65.9,Not Eligible,0,0.095
STU-6378,24ME178,Mechanical,4,94.1,9.16,9.85,declining,0,96.5,94.8,86,86.4,Ongoing,60.2,Not Eligible,0,0.382
STU-4452,22EC952,ECE,8,92.9,7.82,7.77,stable,0,75.7,95.0,169,42.6,Ongoing,77.5,Placed,0,0.076
STU-1736,22CS936,CSE,8,78.5,7.44,8.1,declining,0,70.8,86.2,164,82.6,,66.7,In Process,0,0.168
STU-1556,25CS756,CSE,2,87.7,7.12,7.35,declining,0,72.2,81.9,44,54.4,,65.9,Not Eligible,0,0.083
STU-4164,24EC664,ECE,4,87.8,7.05,6.91,stable,0,67.0,92.3,84,15.5,,83.7,Not Eligible,0,0.208
STU-3878,24EC378,ECE,4,92.5,6.56,6.68,stable,0,54.1,76.1,80,45.5,,52.2,Not Eligible,0,0.154
STU-4761,23EC361,ECE,5,85.7,8.37,8.25,stable,0,95.7,74.4,101,56.8,,80.0,Eligible,0,0.071
STU-6060,23EE760,EEE,5,66.7,7.05,7.1,stable,0,68.5,74.2,107,44.7,,60.9,Eligible,0,0.239
STU-0127,22CS227,CSE,7,81.8,6.84,6.93,stable,0,63.9,82.4,148,37.7,,80.8,Placed,0,0.155
STU-3588,25EC988,ECE,2,75.4,7.65,7.36,improving,0,68.2,81.6,43,48.4,,64.2,Not Eligible,0,0.1
STU-5963,25EE663,EEE,1,85.7,7.2,7.33,stable,0,73.5,76.9,22,73.3,,68.1,Not Eligible,0,0.109
STU-7758,24CI658,Civil,4,88.4,7.12,7.22,stable,0,65.7,85.4,85,53.0,,71.2,Not Eligible,0,0.102
STU-2313,22IT613,IT,7,71.5,7.87,7.66,improving,0,78.2,67.9,143,94.3,Completed,74.0,Placed,0,0.117
STU-4129,24EC629,ECE,3,91.9,7.82,7.53,improving,2,65.4,79.5,56,78.5,,62.4,Not Eligible,0,0.246
STU-4796,24EC396,ECE,3,87.9,7.83,7.74,stable,0,80.7,93.3,59,47.7,,60.2,Not Eligible,0,0.104
STU-3609,24EC109,ECE,4,90.7,7.31,6.71,improving,0,79.3,80.9,84,85.0,,80.7,Not Eligible,0,0.088
STU-4106,24EC606,ECE,4,89.7,8.28,8.68,declining,0,89.0,90.8,85,35.3,,84.7,Not Eligible,0,0.063
STU-5615,22EE315,EEE,7,85.4,6.74,6.82,stable,0,66.4,88.7,145,49.6,Completed,63.8,Not Eligible,0,0.102
STU-6023,23EE723,EEE,5,72.5,7.67,7.61,stable,0,76.5,70.6,101,41.8,,50.6,Eligible,0,0.072
STU-7973,22CI873,Civil,8,88.0,6.89,6.6,improving,1,69.6,75.9,160,82.5,Completed,68.7,Not Eligible,0,0.184
STU-2126,23CS426,CSE,6,85.9,7.84,7.75,stable,0,72.3,84.8,128,57.6,Completed,98.0,Eligible,0,0.066
STU-3064,22IT464,IT,8,73.1,7.98,7.74,improving,0,76.4,70.7,170,62.1,,78.3,Placed,0,0.066
STU-1962,24CS262,CSE,4,81.9,7.88,7.88,stable,0,77.8,84.7,82,61.7,,60.3,Not Eligible,0,0.09
STU-1599,25CS799,CSE,1,73.0,8.43,8.58,declining,0,83.7,69.4,18,61.5,,70.8,Not Eligible,0,0.158
STU-6159,24EE859,EEE,3,84.7,8.14,8.02,stable,0,87.2,72.8,65,22.3,,76.6,Not Eligible,0,0.091
STU-6646,24ME446,Mechanical,3,76.6,7.1,7.02,stable,0,62.8,84.1,59,61.7,,76.5,Not Eligible,0,0.087
STU-0962,23CS162,CSE,5,95.1,8.19,8.54,declining,0,79.7,88.6,105,64.4,Ongoing,57.3,Eligible,0,0.188
STU-0941,24CS141,CSE,3,78.1,7.6,7.37,improving,0,80.0,80.3,61,52.3,,77.2,Not Eligible,0,0.047
STU-3246,24IT646,IT,4,85.7,8.7,8.91,declining,0,88.1,78.4,84,69.8,,90.7,Not Eligible,0,0.167
STU-7875,25CI775,Civil,2,84.1,7.32,6.64,improving,2,66.4,76.2,36,68.7,Ongoing,81.8,Not Eligible,0,0.233
STU-7841,22CI741,Civil,8,76.8,7.12,7.39,declining,0,82.1,85.4,170,46.3,Ongoing,66.2,In Process,0,0.088
STU-3966,23EC466,ECE,5,90.7,6.93,6.69,improving,0,72.4,86.1,105,54.2,,56.8,Eligible,0,0.223
STU-4134,24EC634,ECE,4,72.8,9.95,9.5,improving,0,99.0,72.5,84,68.7,,98.0,Not Eligible,0,0.144
STU-8192,23CI192,Civil,5,78.3,7.95,8.26,declining,0,69.9,83.3,103,60.2,Completed,69.1,Eligible,0,0.157
STU-2121,22CS421,CSE,7,91.1,6.56,6.5,stable,0,61.8,100.0,147,34.4,,63.5,In Process,0,0.093
STU-3268,24IT668,IT,4,78.6,7.75,7.59,improving,0,69.1,75.4,86,54.0,,54.8,Not Eligible,0,0.105
STU-6550,22ME350,Mechanical,7,81.9,8.79,8.89,stable,0,89.5,77.2,145,59.8,Ongoing,87.0,Placed,0,0.179
STU-6593,24ME393,Mechanical,4,78.8,6.88,6.71,improving,0,70.8,69.4,85,62.1,,76.5,Not Eligible,0,0.064
STU-0014,25CS114,CSE,2,91.2,8.58,9.07,declining,0,84.2,95.2,40,73.7,Ongoing,89.6,Not Eligible,0,0.274
STU-5163,24EC763,ECE,4,92.8,8.35,7.87,improving,0,90.3,91.1,84,13.7,,87.8,Not Eligible,0,0.228
STU-6679,22ME479,Mechanical,7,70.0,7.82,7.8,stable,0,70.0,76.5,148,64.8,Completed,98.0,Placed,0,0.202
STU-1969,24CS269,CSE,3,85.5,9.73,9.3,improving,0,92.7,76.1,65,27.0,,98.0,Not Eligible,0,0.11
STU-0367,22CS467,CSE,8,82.4,9.28,8.9,improving,0,97.0,85.7,168,54.8,,82.6,Placed,0,0.115
STU-2030,23CS330,CSE,6,70.9,7.4,7.52,stable,0,75.3,62.6,128,44.2,Ongoing,47.9,Eligible,0,0.112
STU-7203,22ME103,Mechanical,8,96.5,6.44,6.4,stable,0,53.0,97.5,169,40.2,,70.1,Not Eligible,0,0.149
STU-7411,24ME311,Mechanical,3,97.4,7.74,8.16,declining,0,68.5,79.6,61,34.5,,67.0,Not Eligible,0,0.247
STU-4154,22EC654,ECE,7,73.9,6.7,7.06,declining,0,64.1,72.5,145,85.8,Ongoing,62.9,Not Eligible,0,0.114
STU-1948,25CS248,CSE,2,72.6,8.12,8.1,stable,0,74.6,81.8,43,45.9,,71.0,Not Eligible,0,0.053
STU-1829,22CS129,CSE,7,98.7,7.26,6.71,improving,0,75.5,95.3,148,46.8,Completed,90.0,In Process,0,0.081
STU-0416,24CS516,CSE,4,80.2,9.17,9.49,declining,0,87.7,78.7,84,51.8,,98.0,Not Eligible,0,0.122
STU-1563,22CS763,CSE,7,69.8,7.49,8.43,declining,0,74.8,80.0,149,45.7,Completed,55.7,Placed,0,0.428
STU-4445,25EC945,ECE,2,78.8,8.28,8.15,stable,0,94.7,80.4,44,15.6,,92.0,Not Eligible,0,0.132
STU-8402,25CI402,Civil,1,74.7,8.53,8.63,stable,0,89.0,79.4,18,72.4,,76.3,Not Eligible,0,0.073
STU-7620,25CI520,Civil,1,91.4,7.08,6.56,improving,0,71.5,95.5,18,49.2,,59.3,Not Eligible,0,0.054
STU-8255,23CI255,Civil,5,74.5,6.37,6.08,improving,0,68.3,78.3,105,62.6,,56.7,In Process,0,0.166
STU-6080,22EE780,EEE,8,90.0,7.02,7.33,declining,0,64.6,100.0,169,56.7,Completed,64.2,In Process,0,0.158
STU-1080,22CS280,CSE,8,76.3,7.67,7.49,improving,1,91.5,71.0,166,11.5,Completed,92.4,Not Eligible,0,0.422
STU-5760,23EE460,EEE,5,84.9,7.29,6.96,improving,0,73.4,78.8,107,74.2,Completed,65.7,Eligible,0,0.053
STU-2323,25IT623,IT,1,89.2,9.17,9.75,declining,0,99.0,75.2,23,36.6,,83.8,Not Eligible,0,0.141
STU-3589,25EC989,ECE,2,86.8,8.94,9.34,declining,0,86.7,74.9,40,65.0,,79.1,Not Eligible,0,0.199
STU-1325,22CS525,CSE,8,73.3,8.34,7.61,improving,0,87.8,74.3,168,43.7,Completed,69.9,Placed,0,0.174
STU-0449,24CS549,CSE,3,84.8,7.11,6.92,improving,0,72.3,81.6,61,36.3,,63.0,Not Eligible,0,0.132
STU-7356,24ME256,Mechanical,3,79.7,6.86,6.81,stable,0,71.4,72.5,59,45.3,,64.9,Not Eligible,0,0.129
STU-0300,25CS400,CSE,1,76.1,9.29,8.91,improving,0,89.1,70.3,18,43.4,,98.0,Not Eligible,0,0.095
STU-0339,24CS439,CSE,4,83.7,8.42,8.52,stable,0,72.9,81.4,80,35.8,,85.7,Not Eligible,0,0.076
STU-5892,24EE592,EEE,4,86.4,6.94,7.44,declining,0,70.0,90.1,85,46.0,,64.0,Not Eligible,0,0.172
STU-2486,23IT786,IT,6,77.3,8.13,7.81,improving,0,77.8,78.2,122,68.2,Completed,89.4,Eligible,0,0.094
STU-4348,24EC848,ECE,4,70.7,7.67,7.28,improving,0,78.7,75.4,82,17.9,,78.7,Not Eligible,0,0.159
STU-2151,23IT451,IT,6,86.6,8.1,7.89,improving,0,79.3,85.2,122,72.4,Ongoing,71.3,Eligible,0,0.05
STU-4237,24EC737,ECE,4,82.3,7.92,7.7,improving,0,78.8,75.5,86,59.3,Ongoing,74.5,Not Eligible,0,0.057
STU-6882,22ME682,Mechanical,7,92.1,7.72,7.87,declining,0,72.4,80.6,145,50.3,,93.3,Placed,0,0.12
STU-1129,24CS329,CSE,3,88.3,7.71,7.58,stable,0,82.3,85.7,64,54.6,,84.6,Not Eligible,0,0.075
STU-0867,25CS967,CSE,2,80.0,8.43,9.22,declining,0,85.9,86.1,44,49.9,,82.9,Not Eligible,0,0.257
STU-3623,24EC123,ECE,3,82.8,6.69,7.26,declining,0,69.4,76.6,64,34.9,,84.2,Not Eligible,0,0.165
STU-5846,22EE546,EEE,8,88.0,6.04,6.41,declining,0,59.9,87.8,166,56.1,,50.1,In Process,0,0.22
STU-5754,24EE454,EEE,4,81.5,7.71,7.87,declining,0,85.0,81.5,80,24.7,,73.8,Not Eligible,0,0.131
STU-6848,22ME648,Mechanical,7,76.1,7.15,7.3,declining,0,65.3,73.8,143,63.5,,58.3,Not Eligible,0,0.147
STU-2818,24IT218,IT,3,87.5,7.17,7.86,declining,0,63.3,78.8,61,56.5,,77.0,Not Eligible,0,0.215
STU-7075,23ME875,Mechanical,6,81.0,7.79,7.65,stable,0,72.0,83.4,126,91.4,Completed,61.8,Eligible,0,0.107
STU-2651,24IT951,IT,3,74.4,7.5,7.25,improving,1,81.8,70.8,61,42.3,,89.6,Not Eligible,0,0.274
STU-0448,23CS548,CSE,6,90.3,9.08,9.08,stable,0,85.0,88.7,122,54.9,Completed,83.8,Eligible,0,0.078
STU-2000,24CS300,CSE,3,83.7,8.43,8.09,improving,0,80.0,91.7,61,53.2,,73.1,Not Eligible,0,0.192
STU-2879,22IT279,IT,8,90.6,7.3,8.18,declining,0,75.2,90.6,166,77.8,Ongoing,78.8,In Process,0,0.202
STU-2685,24IT985,IT,4,82.5,6.26,6.04,improving,0,60.3,86.1,86,47.1,,60.9,Not Eligible,0,0.062
STU-7609,25CI509,Civil,1,81.6,7.61,7.51,stable,0,69.7,88.3,23,95.9,,78.9,Not Eligible,0,0.074
STU-6140,23EE840,EEE,6,90.1,6.7,7.04,declining,0,65.0,92.4,122,30.2,,60.5,Eligible,0,0.157
STU-1247,25CS447,CSE,2,83.2,7.64,7.34,improving,0,66.0,81.8,44,49.9,,74.7,Not Eligible,0,0.138
STU-0933,22CS133,CSE,8,97.7,7.44,7.58,stable,0,78.5,98.8,169,33.1,,82.6,Placed,0,0.107
STU-5675,23EE375,EEE,6,92.3,7.3,7.41,stable,0,76.7,81.1,128,77.4,Completed,98.0,Eligible,0,0.084
STU-5928,25EE628,EEE,1,59.9,6.52,6.64,stable,4,65.6,59.4,18,59.0,,65.3,Not Eligible,1,0.992
STU-5727,24EE427,EEE,4,83.8,6.09,6.22,stable,0,59.5,77.3,86,46.1,,61.0,Not Eligible,0,0.155
STU-5260,23EE860,EEE,6,62.5,7.59,7.34,improving,0,74.0,60.7,122,82.1,Ongoing,72.8,Eligible,0,0.419
STU-0156,25CS256,CSE,2,77.8,8.24,8.17,stable,0,75.4,73.4,42,58.0,,88.4,Not Eligible,0,0.072
STU-2511,25IT811,IT,1,92.3,9.24,8.68,improving,0,81.6,84.0,19,35.1,,82.4,Not Eligible,0,0.085
STU-7076,25ME876,Mechanical,2,84.6,6.56,7.16,declining,2,66.1,82.9,34,95.4,,47.5,Not Eligible,0,0.485
STU-3029,22IT429,IT,8,98.4,7.01,7.31,declining,0,74.9,95.7,169,52.3,,71.7,In Process,0,0.217
STU-6256,25EE956,EEE,1,82.1,6.74,6.38,improving,0,71.9,90.9,22,51.2,,57.5,Not Eligible,0,0.087
STU-6400,24ME200,Mechanical,4,79.5,7.1,7.0,stable,0,70.7,73.1,86,62.5,,45.9,Not Eligible,0,0.059
STU-2765,23IT165,IT,5,83.3,9.17,8.81,improving,0,92.7,87.2,105,28.9,Completed,74.7,Eligible,0,0.121
STU-7852,22CI752,Civil,8,76.8,5.89,6.38,declining,1,59.1,74.8,164,67.8,,48.9,In Process,1,0.7
STU-5596,24EE296,EEE,4,74.3,7.23,6.72,improving,0,68.4,80.8,84,39.8,,61.6,Not Eligible,0,0.096
STU-4559,25EC159,ECE,1,99.0,7.65,7.24,improving,0,76.3,91.3,23,26.6,,85.3,Not Eligible,0,0.107
STU-3050,25IT450,IT,1,87.6,7.56,7.93,declining,0,85.5,81.6,22,37.2,,71.8,Not Eligible,0,0.202
STU-4469,24EC969,ECE,4,91.1,8.24,8.58,declining,0,85.9,82.9,80,65.0,,98.0,Not Eligible,0,0.153
STU-2772,23IT172,IT,5,81.9,7.29,7.3,stable,0,67.6,83.2,101,75.2,,76.4,Eligible,0,0.072
STU-6315,25EE115,EEE,2,71.9,6.65,6.38,improving,0,55.3,80.7,38,43.7,,56.1,Not Eligible,0,0.111
STU-6283,23EE983,EEE,5,68.8,6.96,7.39,declining,0,62.6,74.9,101,42.3,,66.5,Eligible,0,0.344
STU-5398,23EE998,EEE,5,85.0,8.16,8.45,declining,0,88.9,73.7,105,57.6,Completed,84.8,Eligible,0,0.188
STU-0650,24CS750,CSE,4,78.4,9.95,9.87,stable,0,99.0,71.6,85,63.4,,95.6,Not Eligible,0,0.177
STU-6302,25EE102,EEE,2,71.3,7.53,7.05,improving,0,75.8,79.0,40,75.7,,59.0,Not Eligible,0,0.104
STU-5526,23EE226,EEE,5,62.0,7.13,6.69,improving,0,65.0,58.8,101,60.3,,67.4,Eligible,0,0.382
STU-3332,24IT732,IT,4,92.7,7.45,7.45,stable,0,66.9,82.7,84,44.5,,80.9,Not Eligible,0,0.115
STU-4219,23EC719,ECE,5,66.0,7.59,7.63,stable,0,80.2,72.3,103,40.8,Completed,92.1,Eligible,0,0.341
STU-7675,22CI575,Civil,8,84.9,6.77,7.11,declining,1,67.6,79.4,165,56.1,,54.2,In Process,0,0.481
STU-2222,24IT522,IT,3,99.0,7.17,7.69,declining,0,64.0,98.3,59,55.5,,77.9,Not Eligible,0,0.238
STU-5225,22EE825,EEE,8,91.8,6.08,6.29,declining,0,70.6,95.0,168,45.1,,49.0,Not Eligible,0,0.25
STU-4487,22EC987,ECE,8,79.4,8.3,7.86,improving,0,77.6,76.6,164,44.3,Completed,75.6,Placed,0,0.074
STU-6180,22EE880,EEE,8,99.0,6.27,6.65,declining,0,61.5,96.3,168,51.0,,65.3,In Process,0,0.238
STU-2238,25IT538,IT,1,92.2,8.0,7.71,improving,0,81.5,98.8,19,75.9,Ongoing,74.5,Not Eligible,0,0.119
STU-5802,24EE502,EEE,3,85.9,8.47,8.69,declining,0,85.1,84.8,65,24.3,Ongoing,59.2,Not Eligible,0,0.1
STU-2267,22IT567,IT,8,67.1,7.24,7.34,stable,0,76.2,75.9,169,98.0,,85.8,Not Eligible,0,0.147
STU-7937,23CI837,Civil,6,70.5,7.88,7.53,improving,0,72.3,72.5,127,44.0,,84.9,Eligible,0,0.131
STU-6821,23ME621,Mechanical,5,80.5,7.28,7.19,stable,0,74.3,79.0,105,14.2,,58.8,Eligible,0,0.115
STU-4636,22EC236,ECE,8,87.3,7.06,6.86,improving,0,70.8,78.0,170,57.0,Completed,75.7,In Process,0,0.063
STU-2054,22CS354,CSE,8,80.0,8.15,7.91,improving,0,73.9,73.4,164,44.0,Ongoing,64.5,In Process,0,0.118
STU-6364,23ME164,Mechanical,6,72.1,6.78,6.53,improving,1,71.5,80.1,118,25.9,,66.8,In Process,0,0.197
STU-6855,24ME655,Mechanical,3,69.6,6.74,7.11,declining,1,73.2,69.4,55,50.9,,77.3,Not Eligible,0,0.464
STU-5530,24EE230,EEE,3,69.5,8.5,8.57,stable,1,89.7,70.3,55,54.3,,75.6,Not Eligible,0,0.383
STU-6576,22ME376,Mechanical,7,89.5,7.53,7.73,declining,0,69.2,94.8,149,61.4,,64.2,Placed,0,0.155
STU-0601,25CS701,CSE,2,77.2,8.87,9.17,declining,0,83.5,75.3,42,83.5,,84.8,Not Eligible,0,0.103
STU-8218,25CI218,Civil,2,57.5,7.26,6.93,improving,0,71.7,64.2,42,64.6,,87.3,Not Eligible,1,0.798
STU-3645,22EC145,ECE,7,88.0,8.57,9.03,declining,0,94.4,85.2,145,67.2,Completed,75.4,Placed,0,0.348
STU-0054,22CS154,CSE,8,72.8,7.29,7.39,stable,0,78.5,68.9,168,34.9,Completed,80.0,In Process,0,0.093
STU-0518,22CS618,CSE,7,87.7,8.25,8.43,declining,0,80.4,78.7,145,61.5,Completed,57.1,Placed,0,0.216
STU-7060,23ME860,Mechanical,6,87.7,8.03,7.99,stable,0,91.6,84.3,124,28.4,Completed,85.2,Eligible,0,0.094
STU-6683,23ME483,Mechanical,6,78.3,7.26,7.47,declining,0,67.3,90.0,124,76.6,Completed,79.4,Eligible,0,0.148
STU-1995,23CS295,CSE,6,71.3,8.47,8.21,improving,0,95.3,71.3,128,75.2,Ongoing,57.9,Eligible,0,0.132
STU-2203,22IT503,IT,8,79.6,7.18,6.83,improving,2,63.3,77.2,162,61.7,,50.8,Placed,0,0.359
STU-7407,22ME307,Mechanical,7,89.7,6.76,7.44,declining,0,66.7,85.2,148,44.2,,45.7,In Process,0,0.291
STU-3700,25EC200,ECE,2,83.0,6.67,6.71,stable,0,69.9,71.3,40,66.2,,74.5,Not Eligible,0,0.097
STU-5180,25EC780,ECE,1,88.4,6.56,6.31,improving,0,69.4,90.0,18,77.3,,54.4,Not Eligible,0,0.116
STU-1919,24CS219,CSE,4,87.8,7.04,7.35,declining,0,72.0,80.4,85,98.0,,62.7,Not Eligible,0,0.127
STU-4880,22EC480,ECE,8,90.3,7.35,7.29,stable,0,63.2,79.6,170,82.3,Completed,51.2,In Process,0,0.064
STU-7602,24CI502,Civil,3,82.6,7.8,7.56,improving,0,84.3,83.1,59,71.7,,88.2,Not Eligible,0,0.058
STU-8044,23CI944,Civil,5,75.8,7.28,7.3,stable,0,70.8,71.6,103,38.7,,59.2,Eligible,0,0.102
STU-7803,24CI703,Civil,4,83.0,7.03,7.13,stable,2,67.6,83.2,77,26.6,,48.7,Not Eligible,1,0.558
STU-0778,23CS878,CSE,6,79.8,7.97,7.83,stable,0,78.8,75.1,122,38.0,Completed,65.8,Eligible,0,0.088
STU-8058,25CI958,Civil,1,80.4,7.19,6.9,improving,0,74.5,80.7,22,57.9,,66.8,Not Eligible,0,0.07
STU-2185,22IT485,IT,8,83.4,7.54,7.74,declining,0,71.4,69.2,170,52.4,Completed,57.5,Placed,0,0.105
STU-0249,22CS349,CSE,8,92.2,8.03,8.01,stable,0,81.9,93.3,166,45.8,Completed,67.4,Placed,0,0.126
STU-0013,22CS113,CSE,7,90.0,8.83,9.38,declining,0,86.7,89.7,148,31.6,Completed,86.3,Placed,0,0.117
STU-2157,25IT457,IT,2,81.1,6.38,5.99,improving,0,55.7,88.6,44,74.1,,67.1,Not Eligible,0,0.101
STU-7954,23CI854,Civil,6,87.7,8.22,8.15,stable,0,82.5,77.5,127,57.2,Completed,85.8,Eligible,0,0.063
STU-5362,25EE962,EEE,1,87.0,6.43,6.13,improving,0,60.3,91.6,18,53.8,,34.5,Not Eligible,0,0.134
STU-5216,23EE816,EEE,5,72.3,5.98,6.17,declining,0,57.9,78.7,101,57.8,Completed,48.1,In Process,0,0.344
STU-3114,24IT514,IT,3,82.2,6.71,6.36,improving,0,60.1,79.4,59,71.1,,57.5,Not Eligible,0,0.072
STU-0062,24CS162,CSE,3,89.4,8.28,8.67,declining,0,81.6,69.7,59,67.6,,91.6,Not Eligible,0,0.222
STU-4465,22EC965,ECE,8,75.8,8.68,8.5,improving,0,86.8,86.0,166,90.6,Completed,84.0,Placed,0,0.052
STU-1878,24CS178,CSE,4,99.0,7.07,7.17,stable,0,72.7,99.2,85,69.1,Ongoing,78.8,Not Eligible,0,0.129
STU-3018,25IT418,IT,2,90.7,8.72,8.55,improving,0,81.1,84.0,43,53.3,,98.0,Not Eligible,0,0.135
STU-5588,24EE288,EEE,4,86.4,4.76,5.07,declining,0,48.8,86.0,82,66.2,,57.0,Not Eligible,1,0.654
STU-5570,23EE270,EEE,6,82.8,8.49,7.52,improving,0,87.1,80.9,127,74.3,,87.6,Eligible,0,0.057
STU-7321,25ME221,Mechanical,2,80.1,6.8,7.07,declining,0,69.4,72.4,40,34.1,,59.4,Not Eligible,0,0.07
STU-1087,23CS287,CSE,5,77.6,8.16,8.31,declining,0,89.4,81.1,101,48.3,,98.0,Eligible,0,0.115
STU-2307,22IT607,IT,7,87.5,9.41,9.23,improving,0,94.6,86.0,145,59.3,Completed,86.1,Placed,0,0.055
STU-3331,23IT731,IT,5,67.9,7.84,7.89,stable,0,79.0,62.7,105,68.4,Completed,56.9,Eligible,0,0.175
STU-4802,23EC402,ECE,5,83.4,7.12,7.11,stable,0,71.3,74.4,101,62.6,Ongoing,81.2,Eligible,0,0.082
STU-8102,24CI102,Civil,4,74.6,6.54,6.23,improving,0,67.1,77.9,84,80.7,,36.9,Not Eligible,0,0.111
STU-4439,24EC939,ECE,3,77.1,6.31,6.1,improving,0,57.9,80.1,61,78.1,,67.6,Not Eligible,0,0.187
STU-1691,25CS891,CSE,2,85.7,7.88,7.45,improving,0,81.5,88.2,43,76.7,Ongoing,52.7,Not Eligible,0,0.057
STU-5653,24EE353,EEE,4,92.2,8.2,7.97,improving,0,80.7,91.8,80,58.2,,92.0,Not Eligible,0,0.077
STU-3185,25IT585,IT,2,92.0,6.09,5.53,improving,0,57.8,99.5,43,75.1,,83.3,Not Eligible,0,0.17
STU-6420,25ME220,Mechanical,2,64.3,6.42,6.18,improving,0,58.0,75.6,40,35.6,,60.1,Not Eligible,0,0.326
STU-4891,25EC491,ECE,2,85.4,6.82,6.52,improving,1,68.1,78.6,38,38.0,,93.8,Not Eligible,0,0.214
STU-3964,25EC464,ECE,2,98.3,8.15,8.52,declining,0,88.5,88.5,44,41.3,,81.9,Not Eligible,0,0.163
STU-0492,23CS592,CSE,5,86.1,7.42,6.85,improving,0,72.5,88.6,107,54.2,,71.9,Eligible,0,0.127
STU-4304,23EC804,ECE,6,96.0,9.29,9.0,improving,0,95.5,88.7,127,98.0,Completed,87.1,Eligible,0,0.058
STU-2756,23IT156,IT,5,78.0,7.48,7.38,stable,0,78.2,76.3,103,48.3,Completed,60.0,Eligible,0,0.078
STU-7639,23CI539,Civil,5,79.8,6.19,5.87,improving,0,59.9,61.6,101,36.8,,44.4,In Process,0,0.097
STU-6870,24ME670,Mechanical,3,73.1,7.19,6.93,improving,0,74.6,66.0,63,58.3,,81.1,Not Eligible,0,0.061
STU-1307,23CS507,CSE,6,86.6,7.67,7.93,declining,0,84.7,81.6,126,71.7,Completed,83.0,Eligible,0,0.088
STU-5357,23EE957,EEE,5,73.2,6.8,6.84,stable,0,72.6,77.5,107,84.5,,64.5,Eligible,0,0.068
STU-0544,23CS644,CSE,6,82.0,8.53,8.39,stable,1,90.9,83.4,118,36.6,,83.1,In Process,0,0.181
STU-3109,25IT509,IT,2,94.1,7.22,7.77,declining,0,71.7,93.3,40,79.8,,62.1,Not Eligible,0,0.117
STU-4377,22EC877,ECE,7,85.9,7.22,6.93,improving,0,72.8,80.3,148,29.6,Completed,80.6,In Process,0,0.114
STU-1376,22CS576,CSE,7,74.2,7.56,7.79,declining,0,71.9,71.4,143,45.3,Completed,75.1,Placed,0,0.072
STU-4717,23EC317,ECE,6,82.3,7.46,7.96,declining,0,72.3,78.2,127,43.5,,82.7,Eligible,0,0.141
STU-1936,22CS236,CSE,7,85.0,8.63,7.93,improving,0,89.0,82.9,147,76.5,Completed,69.9,Placed,0,0.074
STU-8031,22CI931,Civil,7,82.2,6.22,6.14,stable,0,63.6,70.7,149,11.7,,58.9,In Process,0,0.134
STU-0458,24CS558,CSE,4,75.6,7.27,7.46,declining,1,72.8,72.2,81,68.5,,78.4,Not Eligible,0,0.153
STU-6311,23EE111,EEE,6,83.2,6.99,7.01,stable,0,68.4,78.0,122,46.4,,61.8,Eligible,0,0.102
STU-2279,25IT579,IT,2,76.7,8.3,8.37,stable,0,90.1,74.3,38,87.7,,78.5,Not Eligible,0,0.095
STU-3882,24EC382,ECE,3,86.7,6.37,6.1,improving,0,60.6,77.4,61,70.2,Ongoing,70.0,Not Eligible,0,0.124
STU-8096,25CI996,Civil,1,67.7,6.87,6.46,improving,0,62.4,73.1,21,71.0,,78.8,Not Eligible,0,0.146
STU-1974,24CS274,CSE,4,71.3,7.58,7.27,improving,0,67.7,82.3,84,23.7,,72.3,Not Eligible,0,0.122
STU-3295,23IT695,IT,5,91.9,7.22,7.61,declining,0,75.6,82.5,103,82.6,Completed,55.1,Eligible,0,0.094
STU-1150,22CS350,CSE,7,93.1,6.61,7.31,declining,0,64.1,81.6,148,69.4,Completed,81.4,In Process,0,0.308
STU-3618,25EC118,ECE,1,76.3,9.64,9.25,improving,0,99.0,71.3,18,61.5,,76.9,Not Eligible,0,0.07
STU-3701,22EC201,ECE,7,74.7,7.06,7.38,declining,0,70.2,66.9,149,66.2,Completed,78.6,Not Eligible,0,0.18
STU-6760,24ME560,Mechanical,3,82.2,5.94,5.87,stable,0,59.8,84.8,61,54.2,Ongoing,30.9,Not Eligible,0,0.193
STU-6288,24EE988,EEE,4,83.8,7.42,7.73,declining,0,63.1,82.5,82,53.4,,87.4,Not Eligible,0,0.218
STU-3675,23EC175,ECE,6,71.7,9.02,8.61,improving,0,89.9,63.5,126,72.5,Completed,76.7,Eligible,0,0.103
STU-7676,23CI576,Civil,5,73.9,7.88,7.97,stable,0,78.4,70.4,107,75.4,Ongoing,88.0,Eligible,0,0.082
STU-3762,22EC262,ECE,8,70.4,7.14,6.82,improving,0,75.7,74.1,164,59.4,,69.5,In Process,0,0.19
STU-7415,23ME315,Mechanical,6,79.5,7.79,7.67,stable,0,76.2,83.3,128,83.5,,63.8,Eligible,0,0.051
STU-5007,22EC607,ECE,7,88.0,7.21,6.65,improving,0,65.4,80.9,143,40.9,Completed,58.0,Placed,0,0.07
STU-1657,23CS857,CSE,5,98.6,9.89,10.0,stable,0,99.0,97.0,103,64.2,Completed,89.4,Eligible,0,0.053
STU-3558,23EC958,ECE,6,80.2,6.13,6.7,declining,0,63.8,74.9,128,45.7,Completed,70.3,In Process,0,0.271
STU-4086,22EC586,ECE,8,63.2,6.42,6.46,stable,0,54.8,63.2,169,26.0,,71.9,Not Eligible,1,0.548
STU-1546,24CS746,CSE,4,88.1,8.48,8.34,stable,0,83.8,90.6,85,67.9,,84.4,Not Eligible,0,0.072
STU-5913,23EE613,EEE,6,77.6,7.37,6.87,improving,1,68.6,77.3,122,44.4,,55.8,In Process,0,0.08
STU-3346,25IT746,IT,1,79.5,8.15,8.25,stable,0,76.4,80.6,23,37.1,Ongoing,98.0,Not Eligible,0,0.081
STU-3965,25EC465,ECE,1,83.5,6.58,6.31,improving,0,65.9,88.0,21,30.2,,63.5,Not Eligible,0,0.085
STU-2265,24IT565,IT,3,90.1,7.69,7.29,improving,0,84.4,77.9,59,70.1,,78.6,Not Eligible,0,0.084
STU-4894,23EC494,ECE,5,89.8,7.01,7.26,declining,0,74.5,90.0,103,29.3,,57.5,Eligible,0,0.066
STU-1620,23CS820,CSE,6,89.9,9.27,9.14,stable,0,91.6,91.5,128,53.3,Completed,73.5,Eligible,0,0.104
STU-4065,23EC565,ECE,5,92.4,7.52,7.69,declining,0,76.9,76.9,101,70.0,Ongoing,77.2,Eligible,0,0.186
STU-4913,23EC513,ECE,5,87.2,8.41,8.61,declining,0,91.2,89.5,103,60.2,,97.2,Eligible,0,0.077
STU-2983,22IT383,IT,8,86.1,7.35,7.26,stable,0,71.1,99.9,170,62.2,,77.2,Not Eligible,0,0.09
STU-1228,24CS428,CSE,3,71.5,8.51,8.94,declining,0,86.6,67.4,65,37.4,,80.3,Not Eligible,0,0.214
STU-1942,24CS242,CSE,3,96.2,8.98,8.82,improving,0,88.3,91.8,59,88.8,,84.1,Not Eligible,0,0.101
STU-5724,24EE424,EEE,3,92.6,8.33,7.91,improving,0,74.2,92.0,65,51.5,,71.4,Not Eligible,0,0.054
STU-0775,22CS875,CSE,7,79.7,8.6,8.18,improving,0,89.7,79.2,148,91.4,Completed,72.3,Placed,0,0.121
STU-7815,24CI715,Civil,3,75.7,7.41,7.38,stable,1,69.0,77.2,59,62.8,,75.4,Not Eligible,0,0.164
STU-5194,25EC794,ECE,2,73.1,8.98,8.78,improving,0,93.3,66.1,44,85.9,,93.1,Not Eligible,0,0.105
STU-6671,24ME471,Mechanical,4,68.9,8.06,7.78,improving,1,86.9,67.4,76,52.6,,73.5,Not Eligible,0,0.276
STU-4229,25EC729,ECE,2,72.0,9.59,9.45,stable,0,96.4,71.9,43,87.0,,90.0,Not Eligible,0,0.052
STU-2081,25CS381,CSE,1,71.3,7.73,7.95,declining,0,69.8,63.4,21,36.6,,86.0,Not Eligible,0,0.097
STU-1854,22CS154,CSE,7,92.3,7.67,7.23,improving,0,82.9,84.4,147,52.5,Completed,64.7,Placed,0,0.06
STU-1382,24CS582,CSE,4,69.4,8.26,7.79,improving,0,81.0,71.2,82,7.6,Ongoing,89.6,Not Eligible,0,0.214
STU-3410,25IT810,IT,1,72.5,7.56,7.46,stable,0,80.1,76.1,18,73.6,,85.3,Not Eligible,0,0.151
STU-3510,22IT910,IT,8,74.3,8.18,8.0,improving,0,82.7,75.1,169,71.0,Ongoing,78.2,Placed,0,0.104
STU-3694,24EC194,ECE,3,79.2,7.95,7.71,improving,0,78.2,71.3,64,66.0,,53.0,Not Eligible,0,0.1
STU-7914,22CI814,Civil,7,72.9,5.1,4.92,improving,0,42.0,73.5,147,40.6,Completed,61.0,In Process,1,0.65
STU-1654,24CS854,CSE,3,73.1,8.12,8.02,stable,0,72.9,70.2,64,87.7,,77.6,Not Eligible,0,0.066
STU-6321,25ME121,Mechanical,1,75.3,9.27,9.09,improving,0,97.2,75.0,19,59.4,Ongoing,98.0,Not Eligible,0,0.067
STU-5631,23EE331,EEE,6,81.7,7.48,7.47,stable,0,77.3,70.2,126,61.5,Completed,76.4,Eligible,0,0.166
STU-0461,25CS561,CSE,1,77.7,7.93,7.84,stable,0,77.7,77.8,18,69.0,,83.6,Not Eligible,0,0.057
STU-2680,24IT980,IT,3,81.4,7.63,8.12,declining,2,73.7,72.5,56,76.8,,70.7,Not Eligible,1,0.583
STU-0988,24CS188,CSE,4,76.6,7.57,7.78,declining,1,79.5,68.3,78,97.0,,93.4,Not Eligible,0,0.197
STU-3003,24IT403,IT,4,85.5,6.61,6.45,improving,0,58.3,75.8,82,28.3,,62.5,Not Eligible,0,0.079
STU-2912,22IT312,IT,8,73.8,9.05,9.44,declining,0,96.0,71.2,164,77.2,Ongoing,98.0,Placed,0,0.241
STU-7831,23CI731,Civil,6,73.0,7.64,7.46,improving,0,81.2,68.9,124,56.7,,76.1,Eligible,0,0.048
STU-5343,22EE943,EEE,8,83.4,7.23,7.64,declining,0,73.0,81.7,164,79.1,,73.4,In Process,0,0.126
STU-0710,23CS810,CSE,6,87.7,9.42,8.75,improving,0,99.0,83.4,122,66.0,Completed,87.6,Eligible,0,0.054
STU-3563,23EC963,ECE,6,73.8,6.71,7.14,declining,0,68.5,68.7,128,63.8,Ongoing,83.8,Eligible,0,0.174
STU-4376,25EC876,ECE,1,73.5,7.88,8.27,declining,0,82.7,76.1,18,64.2,,93.6,Not Eligible,0,0.148
STU-1219,23CS419,CSE,6,85.2,8.09,8.19,stable,0,79.5,89.6,126,50.0,Completed,56.7,Eligible,0,0.171
STU-6641,22ME441,Mechanical,8,67.4,6.52,6.53,stable,1,69.0,77.1,164,98.0,,63.9,Placed,0,0.174
STU-4282,23EC782,ECE,6,79.0,6.53,7.07,declining,2,63.3,74.6,114,87.6,Completed,81.5,In Process,1,0.621
STU-7274,24ME174,Mechanical,4,75.3,5.14,4.55,improving,0,52.8,72.8,82,77.0,,28.7,Not Eligible,0,0.415
STU-3000,25IT400,IT,2,80.8,5.21,5.5,declining,2,48.2,67.7,34,77.0,,63.3,Not Eligible,1,0.958
STU-8246,22CI246,Civil,8,71.0,7.61,7.69,stable,0,72.2,70.0,166,63.8,,98.0,Placed,0,0.111
STU-7755,25CI655,Civil,2,79.1,5.86,6.05,declining,0,59.3,74.2,43,56.0,,53.0,Not Eligible,0,0.264
STU-7920,25CI820,Civil,2,77.3,7.24,6.97,improving,0,74.7,73.6,42,64.8,,58.6,Not Eligible,0,0.104
STU-7007,25ME807,Mechanical,1,81.9,8.72,8.91,declining,1,84.7,80.6,18,50.9,,98.0,Not Eligible,0,0.183
STU-7868,22CI768,Civil,8,64.5,6.12,6.1,stable,0,65.2,57.8,169,55.1,,53.3,In Process,0,0.385
STU-1975,24CS275,CSE,3,99.0,8.63,8.47,improving,0,78.9,88.5,59,16.9,,71.8,Not Eligible,0,0.154
STU-8220,22CI220,Civil,7,81.0,7.09,6.62,improving,0,74.2,78.3,147,61.7,,83.5,In Process,0,0.098
STU-3443,23IT843,IT,6,82.1,7.4,7.07,improving,1,71.4,76.0,120,35.6,,89.6,In Process,0,0.272
STU-2444,23IT744,IT,6,91.2,7.98,7.77,improving,0,72.6,92.7,128,42.2,Completed,90.7,Eligible,0,0.096
STU-7517,25ME417,Mechanical,1,78.8,6.31,6.37,stable,0,64.0,79.3,22,50.6,,47.0,Not Eligible,0,0.11
STU-3477,25IT877,IT,2,88.3,7.45,7.67,declining,0,78.5,74.0,43,68.1,,82.9,Not Eligible,0,0.138
STU-6076,22EE776,EEE,7,81.4,6.69,6.87,declining,0,64.4,84.3,148,72.8,Ongoing,58.6,In Process,0,0.125
STU-0080,25CS180,CSE,1,94.4,6.75,7.01,declining,0,61.9,87.9,23,35.2,,75.1,Not Eligible,0,0.096
STU-5446,25EE146,EEE,2,89.1,7.38,6.96,improving,0,77.1,85.3,43,85.7,,81.6,Not Eligible,0,0.068
STU-0173,24CS273,CSE,4,99.0,8.04,7.81,improving,0,84.0,89.5,82,57.1,,67.1,Not Eligible,0,0.075
STU-5206,23EE806,EEE,5,64.5,8.3,8.35,stable,0,83.4,66.9,106,52.3,Completed,89.5,Eligible,0,0.237
STU-6075,24EE775,EEE,4,86.5,7.02,7.1,stable,0,69.2,90.9,86,73.5,,61.7,Not Eligible,0,0.076
STU-0034,22CS134,CSE,8,88.5,7.9,8.07,declining,0,76.0,82.0,168,54.7,Ongoing,90.8,Placed,0,0.124
STU-0001,24CS101,CSE,3,83.3,8.26,7.79,improving,0,89.7,80.9,59,55.2,,71.5,Not Eligible,0,0.086
STU-0688,24CS788,CSE,3,89.1,7.67,7.65,stable,0,82.4,89.3,63,48.3,,61.8,Not Eligible,0,0.058
STU-5315,23EE915,EEE,5,79.3,6.96,7.05,stable,0,75.6,82.7,107,64.3,,61.4,Eligible,0,0.21
STU-2276,24IT576,IT,3,78.9,8.15,8.0,improving,0,82.8,82.7,61,56.9,,78.7,Not Eligible,0,0.064
STU-4877,25EC477,ECE,2,82.0,9.11,9.44,declining,0,86.0,85.2,43,60.2,,92.8,Not Eligible,0,0.082
STU-5027,25EC627,ECE,1,94.2,8.02,7.66,improving,0,79.0,100.0,22,54.7,,86.1,Not Eligible,0,0.09
STU-4977,24EC577,ECE,4,80.2,7.31,7.05,improving,0,73.8,65.8,82,73.2,Ongoing,66.9,Not Eligible,0,0.07
STU-0777,25CS877,CSE,2,91.2,8.1,7.56,improving,0,82.5,74.5,38,64.6,Ongoing,65.5,Not Eligible,0,0.193
STU-7903,24CI803,Civil,4,79.8,6.46,6.78,declining,0,70.2,85.8,82,50.0,,52.2,Not Eligible,0,0.138
STU-8095,24CI995,Civil,4,66.1,7.66,8.17,declining,0,69.9,68.6,84,62.0,,66.5,Not Eligible,0,0.34
STU-0422,22CS522,CSE,7,80.6,9.14,9.64,declining,0,95.6,70.9,145,13.6,Completed,98.0,Placed,0,0.172
STU-0885,22CS985,CSE,7,82.7,7.52,6.78,improving,0,70.4,74.3,147,98.0,Completed,72.3,Placed,0,0.034
STU-0490,22CS590,CSE,8,86.3,9.39,9.17,improving,0,90.4,84.8,169,64.5,Completed,75.7,Placed,0,0.066
STU-6514,24ME314,Mechanical,4,79.6,6.93,6.52,improving,0,72.3,82.2,84,42.7,,77.0,Not Eligible,0,0.087
STU-7538,24ME438,Mechanical,3,76.8,6.74,7.06,declining,1,63.4,84.8,59,24.9,,60.6,Not Eligible,0,0.322
STU-5636,25EE336,EEE,2,83.5,7.35,7.25,stable,0,70.5,76.2,38,70.7,,59.5,Not Eligible,0,0.188
STU-5008,22EC608,ECE,7,68.7,8.34,8.03,improving,0,83.2,75.1,145,79.1,,78.6,Placed,0,0.179
STU-6658,25ME458,Mechanical,2,77.1,8.74,9.24,declining,0,79.5,70.8,43,57.4,,97.7,Not Eligible,0,0.273
STU-2175,23IT475,IT,5,86.1,7.6,7.55,stable,0,78.7,79.8,106,46.5,,84.8,Eligible,0,0.112
STU-6398,23ME198,Mechanical,5,82.7,6.65,6.87,declining,0,70.9,77.4,101,82.5,Completed,66.3,Eligible,0,0.057
STU-0154,24CS254,CSE,4,74.1,8.88,8.85,stable,0,88.1,78.0,84,66.9,,97.4,Not Eligible,0,0.12
STU-5719,24EE419,EEE,3,92.0,5.52,5.66,stable,0,60.5,97.4,63,50.8,,67.7,Not Eligible,0,0.397
STU-0503,24CS603,CSE,3,76.5,9.21,8.99,improving,0,86.4,77.6,59,78.8,,67.2,Not Eligible,0,0.047
STU-2357,23IT657,IT,6,97.9,9.34,9.72,declining,0,95.6,90.2,124,73.6,,85.0,Eligible,0,0.251
STU-7217,23ME117,Mechanical,6,74.1,8.6,8.01,improving,0,79.6,75.1,122,77.0,Completed,82.4,Eligible,0,0.105
STU-4808,22EC408,ECE,8,84.7,7.68,7.2,improving,0,80.0,90.2,170,34.6,,80.8,Placed,0,0.072
STU-7048,24ME848,Mechanical,4,62.1,6.98,6.7,improving,0,75.0,60.6,82,80.3,,73.0,Not Eligible,0,0.487
STU-2498,22IT798,IT,7,74.3,7.01,7.14,stable,0,74.5,65.6,145,60.4,Ongoing,66.3,In Process,0,0.154
STU-2485,23IT785,IT,6,95.4,8.34,8.38,stable,0,93.7,94.1,122,56.2,Completed,91.7,Eligible,0,0.061
STU-2174,22IT474,IT,7,85.4,8.52,8.61,stable,0,81.5,84.8,148,74.8,Completed,81.5,Placed,0,0.164
STU-3324,22IT724,IT,8,77.5,7.11,7.33,declining,1,67.1,68.6,165,48.9,Ongoing,53.0,In Process,0,0.195
STU-6123,23EE823,EEE,6,74.7,6.86,6.75,stable,0,75.0,76.6,124,39.6,,67.6,Eligible,0,0.125
STU-1160,25CS360,CSE,1,73.2,8.81,9.37,declining,0,90.3,89.1,19,37.4,Ongoing,86.6,Not Eligible,0,0.17
STU-4199,24EC699,ECE,3,80.4,9.35,9.1,improving,0,94.6,85.0,63,47.9,,94.3,Not Eligible,0,0.102
STU-6661,22ME461,Mechanical,8,80.0,5.55,5.55,stable,0,56.5,78.4,170,68.9,Completed,45.6,Not Eligible,0,0.222
STU-2714,25IT114,IT,1,78.0,6.54,6.75,declining,0,61.1,81.8,18,58.4,,52.9,Not Eligible,0,0.1
STU-1932,23CS232,CSE,5,82.7,7.34,7.02,improving,0,76.1,71.5,106,61.6,Completed,67.1,Eligible,0,0.044
STU-6392,23ME192,Mechanical,5,74.5,6.92,7.07,declining,0,65.3,78.5,105,64.8,,47.7,Eligible,0,0.17
STU-1697,25CS897,CSE,1,81.5,8.48,8.11,improving,0,78.9,84.2,19,98.0,,76.0,Not Eligible,0,0.047
STU-6844,22ME644,Mechanical,7,66.6,7.43,7.76,declining,0,74.6,65.7,149,21.7,Completed,87.6,In Process,0,0.359
STU-2481,25IT781,IT,1,95.5,8.0,8.39,declining,0,74.4,90.7,21,48.8,,73.9,Not Eligible,0,0.107
STU-0658,24CS758,CSE,3,87.0,8.54,8.72,declining,0,86.0,93.5,63,48.7,,91.7,Not Eligible,0,0.078
STU-2633,24IT933,IT,3,86.4,6.01,5.87,stable,1,51.8,81.7,57,90.2,,48.4,Not Eligible,0,0.357
STU-8047,22CI947,Civil,8,66.3,7.02,6.58,improving,0,69.4,68.2,166,63.7,,65.9,Placed,0,0.256
STU-5816,25EE516,EEE,1,65.3,6.38,6.8,declining,0,58.3,73.4,19,49.0,Ongoing,54.8,Not Eligible,1,0.62
STU-6800,22ME600,Mechanical,7,82.4,7.34,7.39,stable,0,66.5,74.9,143,81.4,,84.5,Not Eligible,0,0.072
STU-1677,25CS877,CSE,1,81.5,9.47,9.71,declining,0,93.9,84.0,21,62.3,,98.0,Not Eligible,0,0.094
STU-0477,25CS577,CSE,1,73.5,8.69,9.28,declining,0,87.4,75.7,18,22.9,,89.0,Not Eligible,0,0.399
STU-0659,23CS759,CSE,6,95.0,8.69,9.29,declining,0,90.2,81.8,128,54.0,Ongoing,96.6,Eligible,0,0.189
STU-4160,25EC660,ECE,1,95.0,8.57,8.0,improving,0,94.7,79.8,19,48.4,Ongoing,78.5,Not Eligible,0,0.085
STU-3469,25IT869,IT,1,72.9,9.03,8.75,improving,0,96.9,69.5,23,84.9,Ongoing,98.0,Not Eligible,0,0.116
STU-0763,25CS863,CSE,2,80.2,8.45,8.81,declining,0,89.6,84.1,44,68.1,,98.0,Not Eligible,0,0.133
STU-7729,23CI629,Civil,5,71.6,7.29,7.88,declining,0,70.7,74.7,107,77.1,Completed,98.0,Eligible,0,0.249
STU-7610,25CI510,Civil,2,67.1,7.6,7.65,stable,0,83.4,55.6,38,77.2,,69.8,Not Eligible,0,0.155
STU-6765,24ME565,Mechanical,3,81.0,7.53,7.99,declining,0,86.3,82.2,65,56.3,,78.6,Not Eligible,0,0.217
STU-1342,24CS542,CSE,4,90.6,7.06,7.05,stable,0,76.0,83.2,84,65.3,,66.8,Not Eligible,0,0.04
STU-6314,25EE114,EEE,1,85.3,8.02,7.85,improving,0,81.1,78.1,22,85.1,,72.6,Not Eligible,0,0.103
STU-5075,22EC675,ECE,7,67.8,6.63,7.06,declining,0,70.8,65.7,145,72.7,,72.6,Not Eligible,0,0.277
STU-4374,25EC874,ECE,2,78.3,6.83,6.51,improving,0,73.0,75.4,38,83.5,,64.7,Not Eligible,0,0.087
STU-5146,23EC746,ECE,6,80.5,9.13,9.32,declining,0,84.0,68.6,126,73.9,,84.6,Eligible,0,0.116
STU-7484,22ME384,Mechanical,8,69.9,7.56,7.25,improving,0,74.2,66.7,168,73.3,,67.0,Placed,0,0.125
STU-5507,24EE207,EEE,4,82.9,7.51,7.41,stable,0,74.0,79.1,80,98.0,,87.3,Not Eligible,0,0.064
STU-4833,25EC433,ECE,1,77.8,8.33,8.63,declining,0,82.3,65.7,19,68.6,,75.9,Not Eligible,0,0.139
STU-5986,22EE686,EEE,7,83.0,6.36,6.11,improving,0,63.7,77.5,145,77.9,,67.5,Placed,0,0.074
STU-8350,25CI350,Civil,2,81.5,6.38,6.87,declining,0,61.6,75.2,38,28.7,,53.5,Not Eligible,0,0.365
STU-0262,22CS362,CSE,8,88.3,7.59,7.72,stable,0,73.9,74.8,170,52.3,Completed,53.5,Placed,0,0.104
STU-4990,25EC590,ECE,2,88.2,8.2,7.98,improving,0,67.9,84.4,43,34.1,,93.4,Not Eligible,0,0.15
STU-3647,24EC147,ECE,3,60.3,7.58,7.54,stable,0,76.5,61.5,59,76.2,,61.6,Not Eligible,1,0.583
STU-7369,24ME269,Mechanical,4,66.0,7.62,7.2,improving,0,76.2,71.9,86,42.9,,84.2,Not Eligible,0,0.143
STU-7804,24CI704,Civil,3,73.5,5.85,5.68,improving,0,56.8,66.6,59,63.3,,52.7,Not Eligible,0,0.154
STU-6698,24ME498,Mechanical,4,71.1,8.41,8.2,improving,0,85.0,66.9,82,28.8,,72.2,Not Eligible,0,0.228
STU-0070,22CS170,CSE,8,78.6,9.04,8.71,improving,0,88.9,64.3,169,68.6,Ongoing,75.9,Placed,0,0.114
STU-1504,24CS704,CSE,3,86.9,8.39,8.13,improving,0,76.8,78.3,63,22.9,,79.7,Not Eligible,0,0.137
STU-4248,22EC748,ECE,7,64.3,8.53,8.33,improving,0,87.2,68.6,145,61.2,Completed,72.6,Placed,0,0.391
STU-2379,24IT679,IT,4,83.4,8.94,9.33,declining,0,85.5,79.4,82,64.6,,78.5,Not Eligible,0,0.116
STU-4844,23EC444,ECE,5,83.3,7.13,7.35,declining,0,74.7,73.5,106,66.3,Ongoing,69.1,Eligible,0,0.175
STU-8048,25CI948,Civil,1,73.5,6.38,6.58,declining,0,69.8,68.7,19,27.1,,61.6,Not Eligible,0,0.229
STU-6607,22ME407,Mechanical,7,79.8,7.79,7.64,improving,0,81.1,82.4,143,35.5,,97.7,Placed,0,0.124
STU-1293,23CS493,CSE,5,85.3,7.96,7.86,stable,0,80.3,80.0,107,20.3,Completed,73.5,Eligible,0,0.081
STU-6687,23ME487,Mechanical,5,95.2,7.55,7.45,stable,0,67.3,84.1,106,57.1,,66.2,Eligible,0,0.069
STU-1844,23CS144,CSE,5,86.5,7.82,8.11,declining,0,73.8,87.3,107,26.8,,77.2,Eligible,0,0.31
STU-6450,23ME250,Mechanical,6,72.2,8.26,8.49,declining,0,80.5,58.9,128,57.9,Completed,61.3,Eligible,0,0.104
STU-6014,22EE714,EEE,8,67.8,7.16,7.23,stable,0,73.9,73.6,169,75.1,,69.5,Placed,0,0.146
STU-2533,25IT833,IT,1,80.3,7.12,7.0,stable,0,72.9,78.2,21,46.7,Ongoing,61.2,Not Eligible,0,0.083
STU-4863,23EC463,ECE,6,82.6,7.29,7.39,stable,0,71.3,73.7,124,67.9,Completed,58.3,Eligible,0,0.114
STU-7004,24ME804,Mechanical,4,55.5,6.89,6.73,improving,0,68.2,70.3,86,34.7,,77.2,Not Eligible,1,0.711
STU-3200,25IT600,IT,1,84.6,6.63,6.58,stable,0,63.7,78.0,22,64.8,,77.8,Not Eligible,0,0.068
STU-4451,24EC951,ECE,3,83.9,7.68,7.91,declining,0,74.7,83.3,63,98.0,Ongoing,65.6,Not Eligible,0,0.043
STU-3702,25EC202,ECE,2,84.2,6.66,6.57,stable,0,70.4,71.8,40,45.3,,71.7,Not Eligible,0,0.063
STU-4723,23EC323,ECE,6,93.0,8.1,8.01,stable,0,76.2,100.0,126,93.6,Completed,69.1,Eligible,0,0.054
STU-0742,24CS842,CSE,3,82.1,7.27,7.54,declining,3,69.2,79.3,52,65.9,Ongoing,48.4,Not Eligible,1,0.527
STU-2027,23CS327,CSE,6,75.5,8.27,8.5,declining,0,81.0,77.9,122,60.9,Ongoing,60.9,Eligible,0,0.058
STU-3583,24EC983,ECE,3,89.6,8.16,7.68,improving,0,81.9,79.7,63,60.1,,74.6,Not Eligible,0,0.044
STU-2654,22IT954,IT,8,81.3,6.62,6.88,declining,0,65.6,80.8,170,56.6,,75.8,In Process,0,0.078
STU-1490,24CS690,CSE,4,88.0,8.52,8.29,improving,0,78.1,87.1,84,74.9,,59.0,Not Eligible,0,0.109
STU-0984,25CS184,CSE,1,58.6,8.46,8.43,stable,0,79.9,73.8,22,40.4,,80.2,Not Eligible,1,0.733
STU-3298,22IT698,IT,7,71.8,9.3,9.41,stable,0,96.1,78.0,145,64.7,Ongoing,90.2,Placed,0,0.125
STU-2737,24IT137,IT,3,85.5,8.13,7.51,improving,0,78.6,92.8,63,58.8,,59.5,Not Eligible,0,0.051
STU-7940,24CI840,Civil,3,66.9,9.15,9.46,declining,0,90.1,72.3,61,73.3,,98.0,Not Eligible,0,0.254
STU-6582,22ME382,Mechanical,8,95.3,6.93,7.09,declining,0,70.2,88.0,166,57.4,Completed,79.4,In Process,0,0.167
STU-5961,24EE661,EEE,4,71.5,7.7,7.64,stable,0,81.1,80.0,80,98.0,,57.7,Not Eligible,0,0.069
STU-4845,22EC445,ECE,7,91.0,8.28,8.44,declining,0,89.0,74.7,145,36.2,Completed,66.4,Placed,0,0.069
STU-7305,22ME205,Mechanical,7,73.5,7.75,8.63,declining,0,66.4,68.3,149,59.1,Completed,77.1,Placed,0,0.215
STU-2390,22IT690,IT,8,76.7,9.14,9.36,declining,0,81.8,88.1,168,62.9,Completed,73.2,Placed,0,0.14
STU-5810,24EE510,EEE,4,86.1,6.58,6.12,improving,0,73.5,85.5,86,61.0,Ongoing,81.6,Not Eligible,0,0.113
STU-1158,22CS358,CSE,8,92.6,7.85,7.39,improving,0,83.7,83.0,166,64.0,Completed,84.0,Placed,0,0.08
STU-3560,25EC960,ECE,1,85.8,6.15,6.05,stable,0,58.9,77.5,22,49.0,,46.7,Not Eligible,0,0.152
STU-4713,23EC313,ECE,5,79.0,8.31,8.08,improving,0,92.3,76.6,106,22.3,Completed,75.5,Eligible,0,0.12
STU-6733,24ME533,Mechanical,4,85.2,5.52,4.93,improving,0,51.9,90.6,85,74.7,,57.2,Not Eligible,0,0.288
STU-4295,23EC795,ECE,6,81.3,9.61,9.53,stable,0,96.1,83.6,127,89.4,Completed,71.2,Eligible,0,0.071
STU-1774,22CS974,CSE,8,76.4,9.06,9.32,declining,0,98.0,80.1,170,54.2,Completed,69.6,Placed,0,0.138
STU-5769,24EE469,EEE,3,83.5,7.11,7.6,declining,2,73.4,83.9,51,47.3,Ongoing,65.3,Not Eligible,0,0.46
STU-1904,25CS204,CSE,1,89.6,7.02,7.1,stable,0,82.3,81.6,18,77.2,,62.4,Not Eligible,0,0.048
STU-6249,24EE949,EEE,4,71.1,6.2,6.28,stable,1,67.0,70.3,76,92.5,,80.1,Not Eligible,0,0.213
STU-1688,24CS888,CSE,4,84.9,9.17,9.38,declining,0,99.0,77.5,86,72.2,,86.0,Not Eligible,0,0.089
STU-2821,24IT221,IT,4,80.1,5.17,5.49,declining,2,47.2,75.7,74,67.9,,42.3,Not Eligible,1,0.912
STU-6306,22EE106,EEE,7,99.0,6.22,6.1,stable,0,58.8,88.7,145,46.0,,49.7,Placed,0,0.082
STU-1339,25CS539,CSE,1,71.6,7.31,6.77,improving,0,80.1,59.8,18,81.9,,64.2,Not Eligible,0,0.115
STU-5463,25EE163,EEE,1,70.6,8.08,7.91,improving,0,85.9,78.8,23,61.7,,70.4,Not Eligible,0,0.104
STU-1225,24CS425,CSE,4,84.1,6.22,6.08,stable,0,55.3,86.4,80,35.9,,31.7,Not Eligible,0,0.145
STU-6735,23ME535,Mechanical,5,77.3,6.19,6.21,stable,1,59.7,72.4,97,83.0,Completed,75.1,In Process,0,0.114
STU-1528,24CS728,CSE,3,86.3,7.84,8.2,declining,0,76.9,91.8,59,66.7,,83.5,Not Eligible,0,0.082
STU-0969,23CS169,CSE,5,76.4,8.47,8.56,stable,0,83.6,70.3,107,45.5,Completed,93.8,Eligible,0,0.072
STU-0027,25CS127,CSE,2,84.2,7.35,7.3,stable,0,77.9,81.9,40,71.8,,71.1,Not Eligible,0,0.062
STU-6037,22EE737,EEE,8,73.7,7.48,7.85,declining,0,79.6,76.9,169,63.6,,62.2,In Process,0,0.243
STU-2750,24IT150,IT,3,72.7,8.86,8.54,improving,0,74.7,80.0,63,61.0,,98.0,Not Eligible,0,0.051
STU-7647,23CI547,Civil,5,90.8,5.37,5.36,stable,0,56.5,89.8,107,51.7,,62.9,In Process,0,0.276
STU-6074,22EE774,EEE,7,86.3,7.44,7.54,stable,0,71.2,76.3,147,46.2,,66.9,Placed,0,0.085
STU-7168,24ME968,Mechanical,4,90.1,6.8,6.6,improving,0,67.2,81.9,84,42.5,,56.2,Not Eligible,0,0.1
STU-7876,24CI776,Civil,4,82.9,5.64,5.39,improving,1,49.2,84.8,80,45.7,,51.2,Not Eligible,0,0.437
STU-8304,25CI304,Civil,2,87.2,8.22,8.28,stable,0,79.5,94.9,40,77.7,Ongoing,71.1,Not Eligible,0,0.098
STU-2078,24CS378,CSE,4,77.1,8.24,8.22,stable,0,83.2,72.7,84,60.2,,92.0,Not Eligible,0,0.097
STU-1428,22CS628,CSE,8,77.0,7.17,7.32,declining,0,74.8,77.4,166,89.1,,67.7,In Process,0,0.148
STU-7355,25ME255,Mechanical,1,83.7,7.07,6.72,improving,0,80.8,78.7,19,31.8,,83.8,Not Eligible,0,0.119
STU-2447,25IT747,IT,2,79.8,7.32,7.27,stable,0,75.4,74.1,43,63.5,,81.9,Not Eligible,0,0.073
STU-5417,24EE117,EEE,4,93.3,8.46,7.6,improving,0,87.5,89.6,85,31.3,,66.5,Not Eligible,0,0.087
STU-0607,25CS707,CSE,2,77.4,9.17,9.74,declining,0,86.2,84.5,44,51.4,,79.9,Not Eligible,0,0.243
STU-7712,25CI612,Civil,1,75.1,7.28,7.87,declining,0,67.4,70.5,22,89.8,,79.3,Not Eligible,0,0.099
STU-7469,25ME369,Mechanical,2,79.2,6.18,6.12,stable,1,70.8,77.3,34,49.4,,49.7,Not Eligible,0,0.275
STU-0950,23CS150,CSE,5,82.3,7.96,8.21,declining,0,88.5,69.1,107,46.9,Completed,73.7,Eligible,0,0.164
STU-2593,25IT893,IT,1,94.1,7.26,6.91,improving,0,72.1,91.5,18,86.5,,88.4,Not Eligible,0,0.129
STU-1918,23CS218,CSE,5,87.9,8.28,8.06,improving,0,78.6,82.2,103,70.7,Completed,70.6,Eligible,0,0.093
STU-8002,22CI902,Civil,8,70.7,6.64,7.17,declining,3,64.5,74.4,154,43.5,Completed,72.8,In Process,1,0.739
STU-7748,24CI648,Civil,4,87.5,5.57,5.14,improving,0,54.1,78.3,82,39.2,,56.2,Not Eligible,0,0.248
STU-1458,23CS658,CSE,6,72.4,7.09,7.17,stable,0,67.1,61.2,124,40.1,,92.0,Eligible,0,0.087
STU-4169,23EC669,ECE,6,91.3,8.91,8.22,improving,0,91.2,90.1,128,22.8,Completed,86.7,Eligible,0,0.16
STU-7090,24ME890,Mechanical,3,81.0,6.78,6.46,improving,0,64.3,84.5,61,71.6,,64.8,Not Eligible,0,0.162
STU-6376,23ME176,Mechanical,6,67.1,7.96,7.55,improving,0,83.1,71.9,127,81.0,Completed,86.3,Eligible,0,0.263
STU-8103,25CI103,Civil,2,79.9,6.99,6.54,improving,0,75.6,87.2,38,76.6,,65.2,Not Eligible,0,0.15
STU-5606,23EE306,EEE,5,75.7,7.03,6.0,improving,0,67.5,76.0,103,54.3,Completed,49.1,Eligible,0,0.086
STU-4327,22EC827,ECE,8,73.1,8.79,8.4,improving,0,81.4,79.3,164,58.3,Completed,70.7,Placed,0,0.088
STU-6189,22EE889,EEE,7,78.8,6.98,7.01,stable,0,73.9,77.0,143,70.0,,61.9,Placed,0,0.071
STU-1192,23CS392,CSE,5,85.2,7.41,7.15,improving,0,65.6,84.6,107,50.7,,77.0,Eligible,0,0.048
STU-4672,23EC272,ECE,6,82.3,6.43,6.77,declining,1,63.3,92.7,120,55.3,,58.5,In Process,0,0.37
STU-7812,24CI712,Civil,3,73.7,6.45,6.03,improving,0,65.1,90.4,59,47.1,,61.8,Not Eligible,0,0.119
STU-5034,25EC634,ECE,2,92.1,6.28,6.49,declining,0,62.5,89.2,40,35.7,,52.9,Not Eligible,0,0.178
STU-4598,24EC198,ECE,3,84.7,8.73,9.0,declining,0,82.2,84.1,63,71.4,,98.0,Not Eligible,0,0.114
STU-2754,22IT154,IT,7,87.2,8.79,8.92,stable,0,90.3,81.0,145,43.2,Ongoing,76.5,Placed,0,0.123
STU-1439,25CS639,CSE,2,87.1,7.39,7.18,improving,0,78.6,83.0,44,48.2,,58.9,Not Eligible,0,0.142
STU-0296,23CS396,CSE,5,96.2,9.19,9.28,stable,0,95.1,90.1,105,63.0,,86.5,Eligible,0,0.09
STU-7622,24CI522,Civil,4,85.8,8.02,7.84,improving,0,79.2,77.7,85,68.6,,80.1,Not Eligible,0,0.069
STU-2893,25IT293,IT,2,77.6,7.66,8.12,declining,0,71.7,73.9,42,76.2,Ongoing,85.1,Not Eligible,0,0.359
STU-7737,23CI637,Civil,6,75.7,6.11,5.84,improving,2,58.3,82.3,114,60.4,Completed,54.1,In Process,0,0.474
STU-4985,24EC585,ECE,3,63.3,7.4,6.79,improving,4,73.8,53.4,48,43.2,,54.5,Not Eligible,1,0.927
STU-6338,22ME138,Mechanical,8,79.0,6.32,6.18,stable,0,65.7,72.8,164,83.6,,81.5,Placed,0,0.099
STU-3696,23EC196,ECE,6,86.8,7.52,7.45,stable,0,71.6,91.4,124,10.1,Ongoing,89.2,Eligible,0,0.13
STU-6125,24EE825,EEE,4,74.4,7.15,7.76,declining,0,77.1,77.4,85,27.7,,61.9,Not Eligible,0,0.407
STU-2497,25IT797,IT,1,75.9,9.19,8.7,improving,0,94.2,71.4,23,60.6,,98.0,Not Eligible,0,0.076
STU-1819,23CS119,CSE,5,80.4,7.51,7.45,stable,0,74.2,75.2,106,43.6,Completed,70.7,Eligible,0,0.091
STU-0256,23CS356,CSE,5,86.1,9.95,10.0,stable,0,99.0,98.7,103,39.0,Completed,98.0,Eligible,0,0.087
STU-6230,23EE930,EEE,6,77.3,7.98,8.59,declining,0,88.9,76.5,127,39.1,Ongoing,71.5,Eligible,0,0.19
STU-3095,24IT495,IT,3,82.9,8.04,8.43,declining,0,71.7,78.2,65,61.2,,72.1,Not Eligible,0,0.137
STU-6223,23EE923,EEE,5,70.3,7.81,7.38,improving,0,83.7,70.4,103,45.0,Completed,98.0,Eligible,0,0.226
STU-1039,25CS239,CSE,1,68.9,8.4,7.89,improving,0,78.8,68.1,22,53.9,,78.0,Not Eligible,0,0.159
STU-1319,25CS519,CSE,1,83.5,8.89,8.6,improving,0,88.3,75.7,18,74.3,Ongoing,69.5,Not Eligible,0,0.133
STU-4231,22EC731,ECE,7,78.9,7.66,7.17,improving,0,77.4,74.7,145,83.3,Completed,97.5,Placed,0,0.13
STU-3081,22IT481,IT,7,77.5,8.74,9.01,declining,0,94.6,84.5,143,68.9,,77.3,Placed,0,0.133
STU-7034,23ME834,Mechanical,5,83.9,6.86,6.71,improving,0,79.1,84.1,101,36.3,Completed,96.9,Eligible,0,0.155
STU-3866,24EC366,ECE,4,88.4,8.2,8.3,stable,0,89.1,79.6,80,64.0,Ongoing,69.7,Not Eligible,0,0.131
STU-0106,25CS206,CSE,2,83.5,8.75,8.28,improving,0,89.7,72.2,38,51.8,,82.9,Not Eligible,0,0.076
STU-8241,23CI241,Civil,5,65.1,6.03,5.72,improving,0,56.3,69.9,106,32.1,Completed,51.0,In Process,0,0.482
STU-2227,24IT527,IT,4,91.6,7.2,7.29,stable,0,72.1,85.8,85,43.8,,72.8,Not Eligible,0,0.171
STU-4369,22EC869,ECE,7,83.7,9.89,9.35,improving,0,94.2,84.6,147,64.6,,83.5,Placed,0,0.082
STU-0234,24CS334,CSE,4,91.2,8.11,7.91,improving,0,72.7,79.5,85,79.7,,87.9,Not Eligible,0,0.096
STU-3962,22EC462,ECE,7,77.6,8.41,8.21,improving,0,86.4,76.1,148,57.7,Ongoing,78.2,Placed,0,0.106
STU-2242,24IT542,IT,4,94.9,6.7,6.91,declining,0,65.7,97.9,86,9.6,,46.8,Not Eligible,0,0.189
STU-1311,25CS511,CSE,1,76.2,8.42,8.42,stable,0,93.1,71.4,23,63.5,,80.8,Not Eligible,0,0.086
STU-6250,22EE950,EEE,7,61.9,8.48,8.13,improving,0,87.1,66.0,147,42.5,Completed,73.3,In Process,0,0.398
STU-4067,23EC567,ECE,6,92.5,6.08,5.91,improving,0,56.2,100.0,128,36.2,Completed,64.9,In Process,0,0.132
STU-1392,25CS592,CSE,1,86.4,7.83,7.65,improving,0,79.6,92.2,22,65.0,,76.3,Not Eligible,0,0.155
STU-8342,22CI342,Civil,8,72.6,5.88,5.81,stable,2,57.8,68.5,156,45.9,Completed,48.6,Not Eligible,1,0.646
STU-0394,22CS494,CSE,7,84.1,8.25,8.17,stable,0,96.2,82.6,149,58.0,,82.1,Placed,0,0.057
STU-4581,23EC181,ECE,6,76.7,7.42,7.4,stable,0,76.7,69.6,126,49.6,Completed,62.5,Eligible,0,0.069
STU-3538,23EC938,ECE,5,77.7,8.18,7.99,improving,0,85.2,82.1,106,67.2,Completed,71.1,Eligible,0,0.101
STU-4939,23EC539,ECE,6,86.5,6.6,6.98,declining,0,72.6,82.9,126,90.2,Completed,60.5,Eligible,0,0.08
STU-5055,23EC655,ECE,5,77.3,9.03,9.12,stable,0,88.4,80.1,103,96.1,,85.4,Eligible,0,0.181
STU-7139,22ME939,Mechanical,7,74.6,7.34,7.39,stable,0,74.3,72.9,147,33.7,,76.4,Placed,0,0.075
STU-1306,22CS506,CSE,7,88.7,7.6,7.72,stable,0,75.2,91.6,143,48.8,Ongoing,72.4,Placed,0,0.129
STU-0330,25CS430,CSE,2,75.6,8.56,8.47,stable,0,81.3,74.6,40,33.9,,87.1,Not Eligible,0,0.075
STU-2479,23IT779,IT,5,92.4,7.75,7.97,declining,0,83.9,86.8,105,82.9,Ongoing,85.7,Eligible,0,0.144
STU-1296,25CS496,CSE,2,78.8,8.78,8.15,improving,0,84.2,70.3,43,28.8,,86.7,Not Eligible,0,0.106
STU-6405,23ME205,Mechanical,6,82.7,7.56,7.22,improving,0,82.2,84.6,124,76.2,,68.4,Eligible,0,0.055
STU-8078,23CI978,Civil,6,75.0,5.95,5.76,improving,0,61.2,73.7,122,97.8,,70.2,In Process,0,0.246
STU-1887,25CS187,CSE,1,76.3,8.87,9.0,stable,0,91.8,72.7,19,73.3,,78.0,Not Eligible,0,0.096
STU-5152,23EC752,ECE,6,87.4,8.46,8.91,declining,0,80.3,83.0,124,67.1,Ongoing,98.0,Eligible,0,0.199
STU-3306,23IT706,IT,6,90.2,7.09,7.25,declining,0,73.0,94.7,122,48.8,Completed,43.6,Eligible,0,0.129
STU-5707,22EE407,EEE,7,77.3,6.55,6.85,declining,0,67.3,79.0,143,63.2,Completed,61.5,In Process,0,0.15
STU-8386,23CI386,Civil,5,72.9,7.01,6.97,stable,1,64.5,73.1,99,46.8,Ongoing,64.4,In Process,0,0.248
STU-8087,23CI987,Civil,6,83.4,7.29,7.19,stable,0,74.8,92.0,126,64.0,Ongoing,73.9,Eligible,0,0.061
STU-6251,22EE951,EEE,7,74.2,5.91,5.99,stable,2,55.2,69.8,140,46.1,,73.0,In Process,1,0.571
STU-2920,24IT320,IT,3,85.9,8.13,8.32,declining,0,87.1,86.8,63,95.1,,85.6,Not Eligible,0,0.262
STU-4952,23EC552,ECE,5,74.0,7.37,7.27,stable,1,67.6,75.1,102,62.1,,78.3,In Process,0,0.324
STU-2476,23IT776,IT,6,79.0,7.77,8.24,declining,0,75.7,82.7,128,26.4,,65.7,Eligible,0,0.163
STU-6979,25ME779,Mechanical,1,80.1,6.84,6.45,improving,0,71.2,76.9,23,66.2,,58.1,Not Eligible,0,0.1
STU-5779,25EE479,EEE,2,83.8,8.17,8.38,declining,0,84.0,81.6,38,87.2,,85.4,Not Eligible,0,0.115
STU-7071,23ME871,Mechanical,5,62.9,7.78,7.24,improving,4,79.1,66.1,91,53.9,,57.2,In Process,1,0.967
STU-2136,22CS436,CSE,8,78.1,7.77,7.49,improving,0,77.9,72.7,164,68.6,,60.4,Placed,0,0.099
STU-4063,22EC563,ECE,8,76.3,8.52,8.7,declining,0,76.3,75.4,166,59.6,,79.0,Placed,0,0.119
STU-7354,24ME254,Mechanical,3,87.5,6.78,6.97,declining,0,66.0,79.6,61,66.7,,70.9,Not Eligible,0,0.104
STU-5363,25EE963,EEE,1,86.4,8.4,7.59,improving,0,77.6,87.8,22,98.0,,73.8,Not Eligible,0,0.062
STU-1793,24CS993,CSE,4,94.3,7.79,7.62,improving,0,76.2,97.5,86,51.8,,60.0,Not Eligible,0,0.089
STU-2962,23IT362,IT,6,82.8,8.17,7.55,improving,0,86.9,81.1,124,64.0,Completed,63.9,Eligible,0,0.129
STU-3787,25EC287,ECE,2,70.1,6.85,6.94,stable,0,65.3,86.2,40,66.4,Ongoing,54.8,Not Eligible,0,0.106
STU-5450,22EE150,EEE,7,69.5,7.81,7.91,stable,0,70.8,72.6,148,77.8,,98.0,In Process,0,0.067
STU-5123,25EC723,ECE,1,83.5,7.87,7.87,stable,0,75.0,100.0,22,52.2,,68.5,Not Eligible,0,0.135
STU-6278,25EE978,EEE,1,78.6,6.96,6.72,improving,0,70.2,73.8,23,17.2,,61.7,Not Eligible,0,0.21
STU-7485,22ME385,Mechanical,7,58.2,8.46,8.45,stable,1,94.9,58.0,144,61.4,Completed,65.9,Placed,1,0.868
STU-0886,25CS986,CSE,2,79.9,7.05,6.37,improving,0,63.5,79.0,44,83.7,,69.9,Not Eligible,0,0.115
STU-5411,24EE111,EEE,4,73.7,7.69,6.57,improving,0,72.9,65.5,86,78.8,,75.3,Not Eligible,0,0.091
STU-1425,22CS625,CSE,8,99.0,9.14,9.37,declining,0,88.6,93.5,164,57.4,Completed,73.1,In Process,0,0.124
STU-7332,22ME232,Mechanical,7,80.4,7.91,7.53,improving,0,82.6,81.1,143,98.0,Completed,91.9,In Process,0,0.06
STU-1452,23CS652,CSE,5,71.8,8.61,8.46,improving,0,87.1,76.0,101,53.6,Ongoing,84.9,Eligible,0,0.13
STU-4263,22EC763,ECE,7,99.0,7.71,7.87,declining,0,77.8,87.4,147,56.4,,77.7,Placed,0,0.083
STU-0632,22CS732,CSE,8,77.7,7.91,7.93,stable,0,83.4,79.7,170,43.5,Ongoing,72.7,Placed,0,0.064
STU-4364,23EC864,ECE,5,83.0,8.24,7.9,improving,0,87.8,73.8,107,65.7,Completed,78.8,Eligible,0,0.11
STU-0928,23CS128,CSE,5,82.1,9.16,9.03,stable,0,89.9,83.0,101,41.5,Completed,70.3,Eligible,0,0.234
STU-3793,25EC293,ECE,2,88.0,6.93,6.98,stable,0,65.2,75.9,43,52.6,,78.2,Not Eligible,0,0.098
STU-6710,24ME510,Mechanical,4,70.6,7.9,8.01,stable,0,80.4,71.6,80,27.6,,52.2,Not Eligible,0,0.151
STU-3788,23EC288,ECE,6,70.8,8.04,8.25,declining,0,79.8,75.0,122,44.7,Ongoing,72.4,Eligible,0,0.141
STU-1678,24CS878,CSE,4,80.5,8.61,8.71,stable,0,84.7,75.8,86,67.8,,67.6,Not Eligible,0,0.106
STU-2655,22IT955,IT,7,77.5,7.33,7.2,stable,0,78.4,72.0,148,48.3,Completed,82.4,Placed,0,0.069
STU-7154,24ME954,Mechanical,3,73.1,7.7,8.1,declining,0,75.5,73.6,65,59.7,,82.3,Not Eligible,0,0.185
STU-2493,25IT793,IT,2,82.2,8.57,8.81,declining,0,86.9,69.6,44,59.6,,83.7,Not Eligible,0,0.086
STU-2109,24CS409,CSE,3,77.3,8.31,7.94,improving,0,86.0,85.7,64,95.4,,84.4,Not Eligible,0,0.129
STU-4793,24EC393,ECE,4,77.8,7.7,8.05,declining,0,79.9,81.1,82,74.6,,70.7,Not Eligible,0,0.132
STU-1009,25CS209,CSE,2,82.4,8.51,9.1,declining,0,88.3,67.6,38,47.1,,78.4,Not Eligible,0,0.185
STU-4493,24EC993,ECE,3,94.3,7.62,8.01,declining,0,81.5,95.7,63,73.0,,70.5,Not Eligible,0,0.173
STU-6630,23ME430,Mechanical,6,81.9,6.55,5.9,improving,0,66.4,68.7,127,94.1,,46.1,Eligible,0,0.139
STU-3158,22IT558,IT,8,89.0,7.23,7.53,declining,0,79.5,86.1,168,72.0,,60.3,Not Eligible,0,0.116
STU-1235,23CS435,CSE,6,74.5,8.24,8.37,stable,1,81.9,77.9,118,68.1,Ongoing,90.0,In Process,0,0.135
STU-6418,22ME218,Mechanical,8,71.7,7.64,8.22,declining,0,76.0,74.5,168,62.9,,66.9,Placed,0,0.341
STU-1297,25CS497,CSE,2,73.2,8.52,8.39,stable,0,91.4,75.4,44,64.9,Ongoing,80.7,Not Eligible,0,0.152
STU-5014,25EC614,ECE,1,70.2,8.47,8.58,stable,0,79.3,65.1,22,45.1,,79.7,Not Eligible,0,0.225
STU-1021,23CS221,CSE,6,95.4,8.42,8.34,stable,2,85.3,92.0,114,62.8,Ongoing,83.4,In Process,0,0.314
STU-0895,23CS995,CSE,6,83.9,6.77,6.58,improving,0,65.0,84.0,127,55.0,,72.3,Eligible,0,0.058
STU-5310,24EE910,EEE,4,82.5,8.76,8.41,improving,0,88.0,85.8,84,48.6,,74.9,Not Eligible,0,0.029
STU-3565,23EC965,ECE,5,75.8,6.25,6.2,stable,0,58.1,84.5,106,67.3,,57.0,In Process,0,0.101
STU-4719,25EC319,ECE,1,83.1,6.57,6.01,improving,0,59.1,83.2,19,73.8,,91.5,Not Eligible,0,0.131
STU-4175,24EC675,ECE,4,90.9,7.19,7.14,stable,0,70.1,84.1,80,32.5,,71.9,Not Eligible,0,0.039
STU-3695,25EC195,ECE,2,87.5,8.36,8.19,improving,0,79.3,83.8,40,48.1,,89.9,Not Eligible,0,0.099
STU-0207,25CS307,CSE,1,84.7,8.79,8.76,stable,0,90.3,83.4,22,46.3,,91.9,Not Eligible,0,0.11
STU-5741,24EE441,EEE,3,78.1,6.69,7.04,declining,0,62.3,65.2,64,89.4,,55.8,Not Eligible,0,0.085
STU-8301,24CI301,Civil,4,67.2,6.48,6.78,declining,0,64.9,70.0,80,70.6,,66.1,Not Eligible,0,0.353
STU-4960,24EC560,ECE,4,93.3,8.21,8.52,declining,0,84.9,83.9,80,59.2,,79.8,Not Eligible,0,0.213
STU-3939,24EC439,ECE,3,88.3,6.41,6.05,improving,0,69.5,77.0,61,44.1,,70.4,Not Eligible,0,0.182
STU-3451,25IT851,IT,1,88.3,7.1,7.12,stable,0,71.3,81.2,22,50.9,,57.8,Not Eligible,0,0.063
STU-4109,24EC609,ECE,3,79.9,8.92,8.43,improving,0,87.0,83.9,59,98.0,,82.0,Not Eligible,0,0.097
STU-3900,25EC400,ECE,1,85.1,7.66,7.36,improving,0,72.8,77.0,18,84.3,,84.3,Not Eligible,0,0.115
STU-5332,24EE932,EEE,3,77.7,7.13,7.57,declining,0,75.1,83.2,61,73.8,,87.6,Not Eligible,0,0.167
STU-2788,22IT188,IT,7,81.1,6.04,6.2,declining,0,62.6,89.3,147,68.7,,79.8,Placed,0,0.185
STU-3068,25IT468,IT,1,77.3,8.55,9.03,declining,0,84.7,71.9,19,81.4,Ongoing,81.5,Not Eligible,0,0.101
STU-2565,25IT865,IT,2,83.2,8.54,8.63,stable,0,82.1,80.3,38,48.5,,98.0,Not Eligible,0,0.124
STU-4858,24EC458,ECE,4,83.0,6.96,6.73,improving,1,74.1,81.9,76,44.3,,53.9,Not Eligible,0,0.125
STU-0844,22CS944,CSE,8,61.4,8.41,8.43,stable,0,80.6,69.0,164,72.0,,94.1,In Process,1,0.605
STU-8406,22CI406,Civil,7,89.9,7.52,7.14,improving,0,69.2,90.3,148,51.6,Completed,89.6,Placed,0,0.083
STU-4334,25EC834,ECE,2,79.6,8.22,8.3,stable,0,94.1,84.0,38,91.7,,56.4,Not Eligible,0,0.179
STU-2460,22IT760,IT,8,84.9,8.93,9.06,stable,0,90.6,81.4,168,36.1,Ongoing,81.6,Placed,0,0.076
STU-5808,24EE508,EEE,4,82.3,7.38,6.96,improving,0,69.2,90.1,80,59.6,,72.6,Not Eligible,0,0.075
STU-7670,24CI570,Civil,3,82.0,7.67,7.63,stable,0,87.4,77.4,59,37.2,,75.1,Not Eligible,0,0.083
STU-5532,22EE232,EEE,8,91.6,6.47,6.16,improving,1,65.8,93.6,166,68.7,Completed,71.8,Placed,0,0.167
STU-5571,22EE271,EEE,8,90.0,7.0,7.05,stable,0,74.0,83.0,164,64.2,,71.5,In Process,0,0.061
STU-5655,23EE355,EEE,6,84.6,7.83,8.22,declining,0,85.5,69.6,122,64.3,Completed,81.7,Eligible,0,0.11
STU-7866,22CI766,Civil,8,79.8,7.69,7.89,declining,0,80.6,74.2,164,74.1,,77.8,In Process,0,0.101
STU-7100,24ME900,Mechanical,3,90.5,7.01,7.3,declining,0,75.1,82.6,64,46.3,,55.7,Not Eligible,0,0.141
STU-3786,22EC286,ECE,7,93.7,8.59,8.35,improving,0,92.9,75.4,147,81.5,,70.6,Placed,0,0.036
STU-6135,23EE835,EEE,5,78.1,6.66,6.91,declining,0,65.2,85.1,105,35.9,Completed,82.2,Eligible,0,0.119
STU-0727,25CS827,CSE,2,88.7,8.41,8.07,improving,0,70.0,83.6,38,75.0,,80.1,Not Eligible,0,0.109
STU-8052,23CI952,Civil,5,93.3,8.0,7.94,stable,0,74.8,82.0,106,15.2,,85.1,Eligible,0,0.169
STU-4244,22EC744,ECE,8,84.4,8.53,7.92,improving,0,86.0,77.7,170,77.8,Completed,94.2,Placed,0,0.048
STU-7330,22ME230,Mechanical,8,74.6,7.01,6.77,improving,0,71.5,82.5,168,35.9,,51.4,In Process,0,0.122
STU-4661,25EC261,ECE,1,92.6,9.7,9.63,stable,0,98.7,91.2,18,68.4,,78.8,Not Eligible,0,0.089
STU-0216,25CS316,CSE,2,73.1,7.94,8.21,declining,0,79.0,69.6,40,14.8,,77.7,Not Eligible,0,0.176
STU-5564,23EE264,EEE,6,99.0,7.61,7.2,improving,0,73.8,93.8,126,80.0,Ongoing,79.1,Eligible,0,0.134
STU-2597,25IT897,IT,1,84.7,7.92,8.45,declining,0,83.0,76.2,18,63.7,,76.7,Not Eligible,0,0.131
STU-4297,23EC797,ECE,6,71.9,7.14,7.29,declining,1,66.3,68.8,120,89.4,,91.4,In Process,0,0.184
STU-7802,24CI702,Civil,4,77.3,7.97,7.73,improving,0,81.5,69.0,84,38.5,,76.0,Not Eligible,0,0.135
STU-6675,22ME475,Mechanical,7,84.6,6.85,6.62,improving,1,69.2,73.0,141,82.0,,71.5,In Process,0,0.177
STU-5300,24EE900,EEE,3,79.2,6.72,6.97,declining,0,64.0,77.8,64,54.6,,39.6,Not Eligible,0,0.065
STU-3155,23IT555,IT,5,80.8,9.4,9.25,improving,0,94.2,77.1,106,49.7,,96.6,Eligible,0,0.103
STU-7227,24ME127,Mechanical,4,72.6,9.18,9.44,declining,0,94.8,73.6,82,91.9,,84.7,Not Eligible,0,0.134
STU-3858,23EC358,ECE,5,92.4,8.37,7.3,improving,0,82.7,82.0,103,41.0,Completed,66.5,Eligible,0,0.091
STU-4622,24EC222,ECE,3,81.6,6.74,6.28,improving,0,71.2,76.4,61,85.6,,66.8,Not Eligible,0,0.062
STU-4671,24EC271,ECE,3,83.4,7.4,7.77,declining,0,72.6,83.2,63,28.2,,66.3,Not Eligible,0,0.188
STU-8013,22CI913,Civil,8,75.8,5.63,5.1,improving,3,54.8,80.5,154,70.7,Completed,57.7,In Process,1,0.833
STU-2943,22IT343,IT,7,87.0,8.04,8.43,declining,0,81.0,80.5,148,84.9,Completed,87.8,Placed,0,0.146
STU-3815,23EC315,ECE,6,79.3,8.14,8.26,stable,0,90.0,79.4,122,58.2,Completed,73.2,Eligible,0,0.133
STU-3907,24EC407,ECE,3,78.9,8.39,8.09,improving,0,91.9,80.5,63,22.9,,84.8,Not Eligible,0,0.184
STU-4834,25EC434,ECE,1,87.5,7.45,7.47,stable,0,76.3,90.8,23,67.5,,74.5,Not Eligible,0,0.045
STU-7845,24CI745,Civil,4,98.1,7.96,7.44,improving,0,80.5,100.0,85,98.0,,71.9,Not Eligible,0,0.126
STU-6131,22EE831,EEE,7,86.9,6.37,5.75,improving,0,56.0,85.6,148,71.0,Completed,43.6,In Process,0,0.186
STU-4330,22EC830,ECE,7,80.7,7.15,7.27,stable,2,75.2,95.5,135,69.2,,72.2,Placed,1,0.575
STU-6837,23ME637,Mechanical,5,74.0,7.2,7.46,declining,0,69.8,78.6,106,58.3,,84.6,Eligible,0,0.192
STU-2641,22IT941,IT,7,89.4,7.23,6.66,improving,0,66.0,93.5,145,86.3,,76.8,Placed,0,0.061
STU-7195,22ME995,Mechanical,7,68.9,5.81,6.27,declining,1,59.6,70.7,144,96.8,,50.0,Placed,1,0.794
STU-1622,25CS822,CSE,1,68.4,8.23,8.2,stable,0,89.4,69.1,19,33.2,,82.9,Not Eligible,0,0.166
STU-5887,23EE587,EEE,6,65.7,6.36,6.67,declining,0,55.8,73.3,122,82.3,Completed,70.3,In Process,0,0.499
STU-5701,22EE401,EEE,7,77.9,8.52,8.29,improving,0,85.0,73.0,147,42.8,Ongoing,83.8,In Process,0,0.139
STU-5447,22EE147,EEE,8,81.0,6.78,7.11,declining,0,60.6,83.4,166,56.2,,57.8,Not Eligible,0,0.171
STU-6463,25ME263,Mechanical,1,77.2,8.31,7.7,improving,0,84.7,85.6,23,58.4,,73.8,Not Eligible,0,0.118
STU-7088,22ME888,Mechanical,8,94.3,8.65,8.75,stable,0,96.6,75.3,164,74.8,Completed,64.5,Placed,0,0.105
STU-2648,25IT948,IT,1,76.8,6.77,6.78,stable,0,65.1,77.6,19,68.9,,65.7,Not Eligible,0,0.131
STU-8414,24CI414,Civil,3,87.4,7.01,6.91,stable,0,61.0,83.2,65,53.5,,60.1,Not Eligible,0,0.036
STU-1587,23CS787,CSE,6,77.1,6.7,6.6,stable,0,62.9,70.0,128,86.4,Completed,74.5,Eligible,0,0.059
STU-5093,22EC693,ECE,7,89.3,7.4,7.41,stable,0,63.8,81.9,143,48.3,Ongoing,67.8,In Process,0,0.127
STU-1464,23CS664,CSE,6,99.0,9.53,9.01,improving,0,97.0,82.7,126,49.3,Ongoing,98.0,Eligible,0,0.151
STU-5111,23EC711,ECE,6,82.7,7.45,7.07,improving,1,74.0,84.5,118,60.9,,67.8,In Process,0,0.252
STU-8322,24CI322,Civil,4,86.7,8.14,7.66,improving,0,81.3,88.0,84,65.9,,66.9,Not Eligible,0,0.128
STU-7094,22ME894,Mechanical,7,74.3,7.98,8.26,declining,0,84.8,71.7,143,80.4,Completed,67.2,Placed,0,0.161
STU-2846,22IT246,IT,8,86.3,7.86,7.78,stable,0,74.2,92.2,170,73.3,Completed,70.9,Placed,0,0.114
STU-2091,22CS391,CSE,7,78.6,6.27,6.63,declining,2,71.9,83.8,135,5.0,,52.1,In Process,1,0.682
STU-1951,25CS251,CSE,1,81.5,7.46,7.01,improving,3,71.5,83.8,18,78.5,,67.3,Not Eligible,1,0.619
STU-5632,22EE332,EEE,7,75.9,7.09,6.96,stable,0,71.3,88.0,145,60.5,,87.8,Not Eligible,0,0.073
STU-5122,22EC722,ECE,8,94.0,7.69,7.91,declining,0,78.7,91.0,166,71.4,,61.5,Placed,0,0.117
STU-4432,23EC932,ECE,6,93.9,7.99,8.05,stable,1,77.3,99.1,122,59.1,Ongoing,98.0,In Process,0,0.138
STU-7049,23ME849,Mechanical,5,88.1,5.04,4.85,improving,0,48.8,88.4,101,74.6,Ongoing,70.9,In Process,1,0.609
STU-7606,25CI506,Civil,1,79.0,8.14,8.18,stable,0,92.8,79.7,23,90.5,,72.9,Not Eligible,0,0.112
STU-3845,23EC345,ECE,6,93.7,8.11,7.53,improving,0,77.9,85.7,126,56.8,Completed,73.2,Eligible,0,0.078
STU-1605,25CS805,CSE,1,74.9,7.92,7.66,improving,0,81.2,79.4,18,56.9,,77.1,Not Eligible,0,0.045
STU-0102,23CS202,CSE,5,90.4,8.93,9.48,declining,0,89.2,88.5,106,61.9,Completed,98.0,Eligible,0,0.283
STU-1911,24CS211,CSE,3,92.6,8.31,8.59,declining,0,91.2,87.4,59,46.0,,75.9,Not Eligible,0,0.126
STU-7765,25CI665,Civil,2,76.4,5.76,5.97,declining,1,55.5,75.9,34,40.2,,67.9,Not Eligible,0,0.45
STU-1427,25CS627,CSE,1,82.8,6.45,6.04,improving,2,60.3,88.1,18,98.0,,50.0,Not Eligible,0,0.328
STU-0114,22CS214,CSE,7,78.6,8.59,8.85,declining,0,83.6,72.0,149,63.2,Completed,69.5,Placed,0,0.088
STU-8011,22CI911,Civil,8,83.7,6.41,6.27,stable,0,62.2,88.5,170,56.4,,56.9,In Process,0,0.157
STU-1972,22CS272,CSE,7,83.9,8.77,8.83,stable,0,82.8,76.0,149,98.0,Completed,97.9,Placed,0,0.15
STU-5775,22EE475,EEE,8,63.3,6.94,6.8,stable,0,78.5,68.7,164,44.6,,64.6,In Process,0,0.315
STU-2340,25IT640,IT,2,80.3,7.57,7.69,stable,0,71.5,79.1,43,74.6,,61.0,Not Eligible,0,0.104
STU-0145,24CS245,CSE,3,87.7,9.74,9.15,improving,0,98.4,91.6,63,71.4,,98.0,Not Eligible,0,0.125
STU-2792,22IT192,IT,8,71.4,7.63,7.37,improving,0,83.8,78.3,169,75.9,Completed,78.4,Placed,0,0.122
STU-0847,25CS947,CSE,1,82.7,7.84,7.78,stable,0,86.5,93.1,21,38.3,,73.1,Not Eligible,0,0.191
STU-2142,23IT442,IT,5,91.6,7.01,7.0,stable,3,74.5,89.2,89,39.2,Completed,76.3,In Process,1,0.532
STU-1489,24CS689,CSE,3,97.9,8.49,9.08,declining,0,87.9,100.0,64,55.3,,92.8,Not Eligible,0,0.198
STU-6370,22ME170,Mechanical,7,80.0,7.2,7.53,declining,0,73.0,71.0,143,56.2,,72.0,In Process,0,0.18
STU-2452,22IT752,IT,7,78.8,7.4,7.62,declining,0,78.7,71.9,149,70.9,,70.9,In Process,0,0.108
STU-2844,22IT244,IT,7,69.6,8.18,7.9,improving,0,82.8,83.6,147,90.3,Completed,75.9,Placed,0,0.127
STU-6804,22ME604,Mechanical,7,77.5,7.42,7.44,stable,0,75.8,76.6,149,55.7,Completed,71.2,In Process,0,0.101
STU-5712,23EE412,EEE,6,71.2,6.37,6.51,stable,0,64.0,68.9,127,68.7,Ongoing,60.8,In Process,0,0.084
STU-4206,22EC706,ECE,8,85.0,8.54,8.41,stable,0,90.3,92.6,169,73.6,,87.3,Placed,0,0.073
STU-0998,25CS198,CSE,2,86.8,9.0,8.96,stable,0,93.9,91.0,44,21.5,,72.8,Not Eligible,0,0.136
STU-1833,23CS133,CSE,5,78.0,7.33,7.05,improving,0,72.5,70.9,107,76.0,Completed,77.5,Eligible,0,0.098
STU-1814,25CS114,CSE,1,84.9,7.93,7.41,improving,0,87.8,92.4,18,84.4,,93.7,Not Eligible,0,0.083
STU-4323,22EC823,ECE,7,86.2,8.26,8.27,stable,0,77.6,86.8,143,49.0,Completed,93.2,Placed,0,0.096
STU-7023,24ME823,Mechanical,4,73.8,7.09,6.83,improving,0,78.0,76.7,86,41.7,,74.1,Not Eligible,0,0.115
STU-3513,22IT913,IT,8,92.2,8.22,8.07,improving,0,88.9,92.0,166,71.3,,67.9,Placed,0,0.037
STU-5072,22EC672,ECE,8,87.5,8.15,8.44,declining,0,78.1,77.7,166,63.4,,80.5,Placed,0,0.145
STU-7199,22ME999,Mechanical,7,79.6,5.86,5.62,improving,0,62.0,83.5,149,70.2,,61.3,In Process,0,0.114
STU-6918,25ME718,Mechanical,1,74.8,6.53,6.41,stable,0,59.3,73.6,21,55.6,,60.9,Not Eligible,0,0.081
STU-0430,25CS530,CSE,1,88.9,7.08,6.42,improving,0,69.1,83.4,19,59.1,,54.1,Not Eligible,0,0.076
STU-2717,24IT117,IT,3,81.6,9.2,8.97,improving,0,97.2,80.0,64,32.3,Ongoing,78.0,Not Eligible,0,0.089
STU-6248,23EE948,EEE,6,81.9,6.45,6.3,improving,0,70.6,83.1,128,89.6,,63.8,In Process,0,0.096
STU-3569,23EC969,ECE,5,92.3,7.5,7.57,stable,0,67.4,95.4,105,84.6,,70.9,Eligible,0,0.065
STU-8206,25CI206,Civil,1,64.7,6.01,6.29,declining,2,58.7,65.7,18,94.5,,69.8,Not Eligible,1,0.89
STU-6718,23ME518,Mechanical,5,77.6,6.54,6.9,declining,0,62.4,73.8,105,33.8,,67.0,Eligible,0,0.162
STU-7624,22CI524,Civil,7,84.4,8.74,8.18,improving,0,82.8,81.8,148,63.4,,96.4,Placed,0,0.076
STU-0588,25CS688,CSE,1,86.2,6.79,6.47,improving,0,66.5,89.6,19,98.0,Ongoing,67.1,Not Eligible,0,0.081
STU-5221,25EE821,EEE,1,80.7,7.79,7.08,improving,0,85.7,79.9,23,72.9,,65.0,Not Eligible,0,0.086
STU-1698,25CS898,CSE,2,99.0,8.19,7.9,improving,0,75.2,100.0,40,23.1,,57.9,Not Eligible,0,0.138
STU-5322,23EE922,EEE,5,75.0,6.95,7.32,declining,0,68.9,82.2,106,39.1,,65.6,Eligible,0,0.182
STU-2970,25IT370,IT,2,77.3,7.46,7.3,improving,0,70.5,71.4,38,88.5,,77.8,Not Eligible,0,0.061
STU-5871,25EE571,EEE,2,85.0,8.3,8.47,declining,0,88.2,70.8,40,78.4,,74.8,Not Eligible,0,0.162
STU-8016,24CI916,Civil,3,64.9,8.56,7.71,improving,0,86.5,63.1,63,61.8,,87.8,Not Eligible,0,0.144
STU-1338,23CS538,CSE,6,88.3,7.94,7.98,stable,0,76.9,83.7,128,55.7,,72.6,Eligible,0,0.108
STU-8023,24CI923,Civil,4,87.1,7.42,7.52,stable,0,68.4,78.4,80,40.2,,81.6,Not Eligible,0,0.126
STU-7869,24CI769,Civil,4,85.1,7.39,6.99,improving,0,73.6,86.5,86,40.9,,59.7,Not Eligible,0,0.132
STU-7883,23CI783,Civil,6,71.7,6.04,5.57,improving,2,74.2,82.2,114,66.7,,41.1,In Process,1,0.599
STU-6791,22ME591,Mechanical,7,84.5,8.35,8.3,stable,0,85.3,87.1,148,64.0,,73.4,In Process,0,0.1
STU-2004,25CS304,CSE,2,79.3,9.95,10.0,stable,0,92.2,73.5,40,38.0,,93.9,Not Eligible,0,0.062
STU-1316,23CS516,CSE,6,99.0,8.06,8.28,declining,0,82.2,93.1,127,71.0,Completed,70.5,Eligible,0,0.135
STU-7552,23ME452,Mechanical,6,72.2,7.96,7.04,improving,0,74.1,73.6,128,63.3,,83.1,Eligible,0,0.152
STU-6685,22ME485,Mechanical,8,84.1,6.47,6.61,stable,1,59.9,82.4,165,70.7,,59.2,Placed,0,0.2
STU-2864,25IT264,IT,1,80.1,7.04,7.21,declining,1,66.6,73.8,18,87.9,,47.9,Not Eligible,0,0.121
STU-1957,23CS257,CSE,6,96.0,7.97,8.35,declining,0,79.4,92.1,127,98.0,Completed,98.0,Eligible,0,0.118
STU-1391,25CS591,CSE,2,81.6,9.11,8.65,improving,0,85.7,78.6,44,34.8,,88.9,Not Eligible,0,0.111
STU-8278,25CI278,Civil,1,83.2,6.7,6.58,stable,0,59.4,75.0,22,83.6,,70.0,Not Eligible,0,0.121
STU-4883,25EC483,ECE,2,63.1,7.11,7.3,declining,1,77.1,59.4,34,75.9,,66.0,Not Eligible,0,0.381
STU-5211,23EE811,EEE,5,74.9,4.87,5.13,declining,0,49.4,78.7,105,39.0,,37.0,In Process,1,0.665
STU-4459,24EC959,ECE,3,82.5,9.08,9.06,stable,0,98.2,85.4,59,76.4,,77.0,Not Eligible,0,0.083
STU-1495,23CS695,CSE,5,97.5,8.84,8.78,stable,0,93.0,94.9,106,57.1,Completed,83.3,Eligible,0,0.069
STU-3124,25IT524,IT,1,82.3,7.23,7.48,declining,0,73.1,84.6,18,57.3,,94.4,Not Eligible,0,0.089
STU-8090,22CI990,Civil,8,90.1,7.65,7.61,stable,0,67.7,88.5,169,66.8,,80.8,Placed,0,0.083
STU-3137,23IT537,IT,5,83.7,7.36,7.17,improving,0,73.1,82.2,103,54.3,Ongoing,70.7,Eligible,0,0.078
STU-3263,23IT663,IT,5,81.8,7.96,7.93,stable,0,77.9,73.6,106,35.2,,90.0,Eligible,0,0.115
STU-1255,23CS455,CSE,6,90.6,7.66,7.57,stable,0,74.2,81.8,122,59.6,Completed,84.6,Eligible,0,0.138
STU-0451,22CS551,CSE,7,85.9,7.35,7.32,stable,2,71.7,84.5,137,53.9,Ongoing,83.3,Not Eligible,0,0.312
STU-6614,24ME414,Mechanical,3,69.6,7.7,7.74,stable,2,75.0,81.1,56,60.2,,74.0,Not Eligible,1,0.501
STU-8028,25CI928,Civil,1,74.8,6.79,6.43,improving,0,74.5,74.7,18,38.1,,94.9,Not Eligible,0,0.069
STU-1525,24CS725,CSE,4,86.4,8.95,9.12,declining,0,88.6,78.3,84,33.8,,96.1,Not Eligible,0,0.212
STU-2953,22IT353,IT,8,79.5,7.45,7.22,improving,0,78.0,77.1,166,46.8,Completed,46.2,In Process,0,0.1
STU-0912,24CS112,CSE,3,80.6,8.67,8.47,improving,0,86.3,75.9,64,44.7,,98.0,Not Eligible,0,0.087
STU-3631,23EC131,ECE,6,92.2,7.49,6.96,improving,0,83.1,85.0,126,72.5,Completed,71.1,Eligible,0,0.114
STU-1051,22CS251,CSE,7,66.7,8.24,8.69,declining,0,82.3,60.5,145,35.4,Completed,86.2,Placed,0,0.267
STU-1884,22CS184,CSE,7,80.5,7.98,7.86,stable,0,77.2,83.3,145,32.0,,83.6,Placed,0,0.088
STU-8358,23CI358,Civil,5,63.3,7.81,7.7,stable,0,78.2,68.7,103,22.7,Completed,70.2,Eligible,0,0.384
STU-2624,23IT924,IT,5,81.8,6.67,6.59,stable,0,59.4,81.2,105,76.8,Completed,52.0,Eligible,0,0.061
STU-3728,23EC228,ECE,5,87.1,6.78,7.28,declining,0,71.2,89.8,105,53.9,Completed,62.8,Eligible,0,0.088
STU-4089,23EC589,ECE,5,79.0,8.13,7.93,improving,0,77.1,77.0,103,82.9,Completed,71.9,Eligible,0,0.139
STU-6422,25ME222,Mechanical,1,77.1,8.43,8.27,improving,0,78.9,74.0,19,48.1,,98.0,Not Eligible,0,0.099
STU-4000,25EC500,ECE,1,72.1,7.27,7.41,stable,0,65.1,70.4,18,10.3,,48.5,Not Eligible,0,0.261
STU-0676,22CS776,CSE,8,95.1,8.06,7.68,improving,0,81.7,97.9,168,55.9,,83.0,Placed,0,0.089
STU-3737,22EC237,ECE,8,81.5,6.38,6.52,stable,0,66.0,97.0,164,57.8,,38.5,In Process,0,0.145
STU-2429,24IT729,IT,3,95.1,7.41,6.76,improving,0,72.3,96.4,65,23.3,,60.2,Not Eligible,0,0.14
STU-1660,24CS860,CSE,4,96.1,8.47,8.67,declining,0,88.7,83.8,80,58.2,,76.8,Not Eligible,0,0.098
STU-5500,25EE200,EEE,1,65.9,6.61,7.02,declining,4,67.0,72.4,18,36.5,Ongoing,75.4,Not Eligible,1,0.919
STU-2967,24IT367,IT,3,79.6,7.91,7.73,improving,1,75.5,90.5,55,49.8,,47.9,Not Eligible,0,0.324
STU-6696,25ME496,Mechanical,1,73.5,6.3,5.83,improving,0,74.5,75.0,23,29.6,,87.5,Not Eligible,0,0.082
STU-6072,22EE772,EEE,7,72.9,8.33,7.65,improving,0,81.4,67.8,148,24.3,,82.6,Placed,0,0.209
STU-3864,23EC364,ECE,6,82.6,7.97,7.95,stable,0,82.2,77.9,128,57.5,Completed,71.7,Eligible,0,0.065
STU-6019,25EE719,EEE,2,73.6,7.78,8.42,declining,1,85.6,71.7,38,55.0,Ongoing,73.7,Not Eligible,0,0.379
STU-3180,25IT580,IT,2,75.9,6.96,6.65,improving,1,69.3,71.5,38,56.2,,54.9,Not Eligible,0,0.15
STU-2539,22IT839,IT,8,76.8,7.73,8.17,declining,0,69.5,67.5,164,55.0,,67.6,Placed,0,0.151
STU-3655,23EC155,ECE,5,85.9,5.85,5.73,stable,3,56.8,81.1,93,49.7,,71.0,In Process,1,0.619
STU-5772,23EE472,EEE,6,75.8,8.54,8.78,declining,0,87.6,68.1,127,41.8,,79.0,Eligible,0,0.164
STU-7722,22CI622,Civil,8,84.4,5.96,6.49,declining,0,59.7,82.3,170,68.1,Completed,64.1,Not Eligible,1,0.594
STU-1652,24CS852,CSE,3,99.0,8.43,8.1,improving,0,79.5,97.3,64,64.2,,74.9,Not Eligible,0,0.053
STU-5856,24EE556,EEE,4,72.8,5.29,5.91,declining,0,51.2,76.7,84,24.8,,58.6,Not Eligible,1,0.729
STU-6066,25EE766,EEE,1,90.0,8.27,8.3,stable,0,82.4,84.2,21,59.4,,89.9,Not Eligible,0,0.103
STU-0652,23CS752,CSE,5,85.4,7.96,8.02,stable,0,75.7,82.8,106,59.6,Completed,87.9,Eligible,0,0.083
STU-0383,23CS483,CSE,5,99.0,8.1,7.72,improving,0,80.1,95.1,107,43.3,Completed,81.9,Eligible,0,0.151
STU-0170,23CS270,CSE,5,87.6,8.5,8.08,improving,0,91.2,91.9,103,54.9,Completed,94.4,Eligible,0,0.082
STU-3129,23IT529,IT,6,66.2,9.48,9.15,improving,0,99.0,68.1,128,93.9,Completed,91.9,Eligible,0,0.31
STU-1867,25CS167,CSE,1,84.7,7.3,7.54,declining,0,72.5,83.5,23,41.5,Ongoing,82.8,Not Eligible,0,0.187
STU-0762,24CS862,CSE,3,87.6,8.41,7.97,improving,0,84.6,84.8,63,36.3,,98.0,Not Eligible,0,0.06
STU-5820,24EE520,EEE,3,87.9,7.68,7.37,improving,0,82.2,86.0,65,57.5,,76.6,Not Eligible,0,0.122
STU-1835,22CS135,CSE,7,78.5,7.84,7.49,improving,0,60.0,84.5,143,69.6,,59.7,Placed,0,0.079
STU-7409,24ME309,Mechanical,4,82.8,7.59,7.26,improving,0,72.3,81.3,84,70.9,,68.5,Not Eligible,0,0.06
STU-6940,24ME740,Mechanical,4,75.1,6.62,6.52,stable,2,66.0,83.8,74,60.5,,85.0,Not Eligible,0,0.463
STU-0180,25CS280,CSE,2,86.2,8.43,8.75,declining,0,82.1,71.6,38,84.4,Ongoing,71.9,Not Eligible,0,0.066
STU-2848,23IT248,IT,5,74.5,7.98,7.54,improving,3,86.8,77.3,93,54.3,Ongoing,81.5,In Process,1,0.542
STU-0965,24CS165,CSE,3,74.2,8.72,8.35,improving,0,85.4,79.9,59,57.5,,80.6,Not Eligible,0,0.066
STU-3657,23EC157,ECE,5,72.1,7.55,7.63,stable,1,76.2,74.5,99,80.6,,59.3,In Process,0,0.323
STU-0058,25CS158,CSE,2,75.5,8.84,8.62,improving,0,81.9,69.8,40,83.4,,72.9,Not Eligible,0,0.099
STU-3751,24EC251,ECE,3,85.1,8.42,8.01,improving,0,76.2,98.3,59,39.9,,75.8,Not Eligible,0,0.083
STU-3504,25IT904,IT,1,93.1,7.11,6.65,improving,0,71.4,79.3,23,39.0,,69.5,Not Eligible,0,0.101
STU-1238,24CS438,CSE,4,89.0,8.3,8.05,improving,0,83.8,88.4,84,51.8,Ongoing,87.2,Not Eligible,0,0.108
STU-0703,24CS803,CSE,3,66.8,6.61,6.71,stable,0,68.4,60.3,61,55.8,,65.4,Not Eligible,0,0.259
STU-1723,24CS923,CSE,3,74.4,8.55,8.24,improving,0,82.0,73.4,65,67.9,,91.4,Not Eligible,0,0.096
STU-0169,25CS269,CSE,1,79.6,8.26,8.54,declining,0,91.2,81.6,19,49.4,,82.7,Not Eligible,0,0.17
STU-3646,25EC146,ECE,1,84.8,7.54,8.18,declining,0,82.2,80.1,23,74.1,,59.6,Not Eligible,0,0.165
STU-3235,25IT635,IT,2,72.5,7.8,7.65,improving,0,85.9,64.6,40,73.0,Ongoing,62.0,Not Eligible,0,0.104
STU-4390,22EC890,ECE,8,81.1,7.98,7.87,stable,0,84.6,76.6,168,69.4,Completed,70.1,Placed,0,0.071
STU-5212,23EE812,EEE,5,76.9,6.96,6.84,stable,0,66.4,79.1,107,41.3,Completed,50.4,Eligible,0,0.057
STU-2374,23IT674,IT,5,73.5,8.27,8.3,stable,0,88.8,71.9,101,57.0,,60.3,Eligible,0,0.097
STU-0398,24CS498,CSE,4,64.7,7.86,7.92,stable,0,78.2,73.4,84,10.5,Ongoing,81.3,Not Eligible,1,0.524
STU-4352,25EC852,ECE,1,69.4,8.52,9.0,declining,0,88.8,64.9,19,50.9,,73.0,Not Eligible,0,0.392
STU-3985,23EC485,ECE,6,78.7,9.1,8.76,improving,0,90.3,81.1,127,28.3,Completed,79.5,Eligible,0,0.075
STU-0289,24CS389,CSE,3,95.4,8.65,8.43,improving,0,88.4,89.4,64,89.1,,98.0,Not Eligible,0,0.094
STU-4239,22EC739,ECE,7,83.1,6.45,6.53,stable,0,69.2,75.9,148,71.7,,57.3,In Process,0,0.085
STU-4494,23EC994,ECE,6,77.8,7.6,7.78,declining,0,76.0,76.2,126,52.7,Ongoing,74.9,Eligible,0,0.093
STU-5922,25EE622,EEE,1,88.9,7.14,6.95,improving,0,61.8,82.4,18,31.2,,81.1,Not Eligible,0,0.136
STU-4393,23EC893,ECE,5,85.7,7.15,7.64,declining,0,68.9,81.2,107,45.8,Ongoing,71.6,Eligible,0,0.123
STU-6133,25EE833,EEE,2,77.2,6.28,6.14,stable,0,67.9,80.2,44,71.4,Ongoing,74.5,Not Eligible,0,0.08
STU-4924,25EC524,ECE,1,86.2,6.28,5.76,improving,0,68.8,69.8,21,67.4,Ongoing,55.3,Not Eligible,0,0.118
STU-4597,25EC197,ECE,2,73.7,8.86,8.64,improving,0,83.0,75.8,42,68.7,,90.9,Not Eligible,0,0.079
STU-4338,24EC838,ECE,3,83.0,7.07,6.69,improving,0,66.7,84.6,61,58.6,Ongoing,47.0,Not Eligible,0,0.075
STU-1927,23CS227,CSE,5,78.3,9.75,10.0,declining,0,89.2,67.8,105,47.0,Completed,83.6,Eligible,0,0.214
STU-2965,24IT365,IT,3,72.9,7.71,7.88,declining,0,80.4,65.8,59,43.2,,55.2,Not Eligible,0,0.172
STU-6971,22ME771,Mechanical,7,86.0,5.77,5.91,stable,0,57.5,89.0,145,49.0,,60.8,In Process,0,0.174
STU-4909,22EC509,ECE,7,67.5,7.03,7.19,declining,0,74.6,73.4,143,89.3,Ongoing,61.0,In Process,0,0.257
STU-2883,22IT283,IT,8,92.7,8.09,7.61,improving,0,81.0,91.1,168,76.7,Completed,61.6,Placed,0,0.059
STU-7855,25CI755,Civil,2,65.2,8.1,7.8,improving,0,73.5,67.5,40,59.1,,60.7,Not Eligible,0,0.253
STU-8198,22CI198,Civil,8,89.4,7.81,7.26,improving,0,76.8,82.5,169,48.0,,79.0,Placed,0,0.048
STU-2055,22CS355,CSE,7,86.6,6.9,6.44,improving,0,67.5,79.1,149,58.2,Ongoing,75.5,Not Eligible,0,0.108
STU-6431,25ME231,Mechanical,1,76.5,8.06,7.69,improving,0,82.2,69.1,23,46.0,,86.8,Not Eligible,0,0.169
STU-5144,25EC744,ECE,1,67.1,7.76,8.35,declining,0,83.5,68.2,21,30.6,,82.5,Not Eligible,1,0.534
STU-6586,25ME386,Mechanical,1,94.4,7.44,7.5,stable,0,67.6,89.0,18,11.4,,59.9,Not Eligible,0,0.095
STU-6881,23ME681,Mechanical,5,75.5,6.4,6.52,stable,0,69.2,76.1,107,48.5,Ongoing,64.0,In Process,0,0.095
STU-3404,23IT804,IT,5,59.0,8.57,8.79,declining,0,80.3,63.9,103,85.2,Completed,81.5,Eligible,1,0.768
STU-6656,22ME456,Mechanical,8,84.9,7.92,7.73,improving,0,78.9,83.2,166,59.5,Completed,71.8,Placed,0,0.052
STU-7025,24ME825,Mechanical,3,88.8,6.72,6.42,improving,0,69.0,82.3,59,53.2,,68.6,Not Eligible,0,0.151
STU-3699,24EC199,ECE,4,82.9,8.41,8.32,stable,0,81.9,83.6,85,64.4,,73.6,Not Eligible,0,0.12
STU-4820,24EC420,ECE,4,82.9,7.56,8.27,declining,0,86.9,79.0,86,98.0,,90.4,Not Eligible,0,0.433
STU-1880,23CS180,CSE,5,84.8,9.48,9.38,stable,0,98.8,78.0,107,77.0,Completed,98.0,Eligible,0,0.091
STU-8071,25CI971,Civil,1,85.8,7.89,7.4,improving,0,77.4,83.6,18,59.0,,69.3,Not Eligible,0,0.09
STU-6272,25EE972,EEE,1,93.7,6.46,6.72,declining,0,61.3,95.7,21,83.6,,67.2,Not Eligible,0,0.127
STU-0687,23CS787,CSE,5,77.7,8.54,8.37,improving,0,87.4,62.4,107,86.3,Completed,98.0,Eligible,0,0.059
STU-5541,24EE241,EEE,3,69.0,8.59,8.7,stable,0,92.8,70.9,65,33.9,,71.9,Not Eligible,0,0.278
STU-4665,24EC265,ECE,3,93.8,7.75,7.56,improving,0,69.0,95.6,65,66.8,,75.6,Not Eligible,0,0.052
STU-5095,25EC695,ECE,1,83.8,6.7,6.69,stable,3,71.1,78.2,18,83.3,,42.0,Not Eligible,0,0.352
STU-6071,22EE771,EEE,7,75.4,6.25,6.51,declining,0,63.8,74.0,143,50.8,,82.2,Placed,0,0.119
STU-6313,25EE113,EEE,2,84.0,8.35,8.2,improving,0,82.3,65.6,42,56.5,,78.0,Not Eligible,0,0.063
STU-2891,23IT291,IT,5,85.7,7.81,8.1,declining,0,69.6,78.9,105,79.8,Completed,57.0,Eligible,0,0.13
STU-3314,22IT714,IT,8,79.7,7.88,7.84,stable,1,68.8,82.7,162,51.7,Completed,92.0,In Process,0,0.173
STU-1142,24CS342,CSE,3,94.7,6.6,5.84,improving,0,61.0,87.0,63,41.1,,76.6,Not Eligible,0,0.07
STU-8348,25CI348,Civil,2,85.7,8.02,7.61,improving,0,70.3,91.1,42,60.8,,74.7,Not Eligible,0,0.133
STU-2946,22IT346,IT,7,81.4,7.79,7.64,improving,0,81.3,84.3,148,51.4,,98.0,Placed,0,0.077
STU-0754,24CS854,CSE,3,82.7,7.14,7.35,declining,0,79.1,81.1,61,95.7,,74.7,Not Eligible,0,0.087
STU-2097,23CS397,CSE,5,73.1,9.18,8.65,improving,0,95.3,72.6,105,69.4,,98.0,Eligible,0,0.088
STU-7143,25ME943,Mechanical,2,77.8,8.31,7.98,improving,0,86.4,71.8,42,33.9,,84.5,Not Eligible,0,0.165
STU-2586,22IT886,IT,7,83.5,6.19,5.84,improving,1,65.8,78.3,144,85.2,,73.8,In Process,0,0.187
STU-6556,24ME356,Mechanical,3,94.8,6.99,7.32,declining,0,70.5,91.4,59,75.0,,59.8,Not Eligible,0,0.218
STU-3803,22EC303,ECE,7,82.8,5.62,5.57,stable,1,58.1,74.3,139,77.1,Ongoing,52.7,In Process,0,0.423
STU-5471,25EE171,EEE,2,97.9,7.86,7.78,stable,0,70.1,97.0,44,57.2,Ongoing,91.1,Not Eligible,0,0.069
STU-6642,24ME442,Mechanical,4,78.3,6.77,6.85,stable,0,68.7,72.0,80,85.1,,57.6,Not Eligible,0,0.067
STU-2963,25IT363,IT,1,84.1,7.35,7.15,improving,0,78.7,78.7,18,73.8,,62.4,Not Eligible,0,0.168
STU-4008,22EC508,ECE,7,63.9,8.14,8.27,stable,0,74.2,61.8,143,28.4,Completed,88.8,Placed,0,0.333
STU-5932,25EE632,EEE,1,61.6,7.51,7.53,stable,0,74.6,63.9,22,98.0,,78.8,Not Eligible,0,0.344
STU-2278,23IT578,IT,5,83.6,8.55,8.97,declining,0,87.4,89.7,101,41.4,Completed,70.4,Eligible,0,0.116
STU-5005,22EC605,ECE,8,75.1,6.44,6.37,stable,0,53.0,72.3,168,41.3,,72.4,In Process,0,0.119
STU-6748,24ME548,Mechanical,3,68.0,6.85,6.92,stable,0,68.0,69.8,64,65.0,,78.1,Not Eligible,0,0.109
STU-8131,25CI131,Civil,1,72.4,8.23,8.56,declining,0,76.6,74.8,22,73.5,,66.3,Not Eligible,0,0.175
STU-6643,24ME443,Mechanical,4,71.3,7.99,7.59,improving,0,87.9,77.3,84,74.8,,88.9,Not Eligible,0,0.219
STU-4055,22EC555,ECE,7,80.2,8.07,7.71,improving,0,78.5,65.2,143,56.5,Completed,75.5,Placed,0,0.056
STU-7713,22CI613,Civil,7,89.4,7.97,8.35,declining,0,84.1,93.2,148,70.8,,84.8,Placed,0,0.119
STU-5444,25EE144,EEE,2,79.1,6.92,6.75,improving,0,60.6,80.0,43,70.3,Ongoing,64.3,Not Eligible,0,0.082
STU-8175,22CI175,Civil,7,73.5,8.12,8.22,stable,0,84.9,60.7,147,45.5,Completed,86.3,Not Eligible,0,0.101
STU-6568,25ME368,Mechanical,2,61.5,6.44,6.88,declining,1,67.4,50.5,40,50.4,,50.6,Not Eligible,1,0.857
STU-2195,22IT495,IT,8,85.5,8.69,8.61,stable,0,90.3,72.9,164,78.4,Completed,82.6,Placed,0,0.167
STU-8338,23CI338,Civil,5,85.6,5.53,5.48,stable,0,55.2,80.3,105,57.3,,35.7,In Process,0,0.339
STU-3910,23EC410,ECE,5,79.1,6.94,7.42,declining,1,62.2,81.5,102,42.8,,61.1,In Process,0,0.278
STU-4757,23EC357,ECE,6,82.9,6.27,6.44,declining,1,64.6,79.8,124,90.4,,63.7,In Process,0,0.155
STU-8236,24CI236,Civil,4,71.2,6.91,6.81,stable,0,69.6,57.0,80,63.6,,72.8,Not Eligible,0,0.091
STU-0187,22CS287,CSE,7,99.0,7.65,7.88,declining,0,74.4,93.4,143,50.7,Completed,84.0,Placed,0,0.17
STU-2266,23IT566,IT,5,88.2,7.72,7.79,stable,0,71.4,84.2,106,31.8,Completed,72.0,Eligible,0,0.077
STU-4121,25EC621,ECE,2,73.9,7.35,7.08,improving,0,70.8,73.4,40,41.6,,63.8,Not Eligible,0,0.071
STU-7786,23CI686,Civil,6,82.9,8.16,7.86,improving,0,78.8,81.4,127,78.6,,85.8,Eligible,0,0.127
STU-7295,25ME195,Mechanical,1,81.7,6.75,6.87,stable,0,71.9,84.5,23,34.8,,66.9,Not Eligible,0,0.108
STU-5219,25EE819,EEE,1,70.8,7.31,7.03,improving,0,79.1,70.6,19,38.8,,64.9,Not Eligible,0,0.122
STU-2272,23IT572,IT,6,77.4,8.15,8.31,declining,0,76.2,71.8,122,88.4,Ongoing,81.8,Eligible,0,0.096
STU-4708,23EC308,ECE,5,84.0,6.87,6.64,improving,0,70.6,92.8,106,48.3,Completed,37.8,Eligible,0,0.157
STU-0841,25CS941,CSE,1,88.9,7.88,7.54,improving,0,81.5,88.3,19,54.5,,67.8,Not Eligible,0,0.084
STU-3507,24IT907,IT,4,80.1,7.16,6.98,improving,0,75.3,74.2,86,31.8,,69.1,Not Eligible,0,0.193
STU-2977,24IT377,IT,3,72.9,8.03,8.07,stable,0,82.7,76.9,61,39.4,,84.5,Not Eligible,0,0.121
STU-2730,23IT130,IT,6,79.9,7.94,7.84,stable,0,81.6,76.9,128,86.4,Completed,63.7,Eligible,0,0.08
STU-4138,23EC638,ECE,5,76.8,8.43,8.67,declining,0,91.7,79.6,105,50.4,Completed,98.0,Eligible,0,0.09
STU-2877,25IT277,IT,1,74.5,8.36,8.86,declining,0,79.4,75.3,18,54.9,,73.5,Not Eligible,0,0.257
STU-5298,23EE898,EEE,6,85.2,8.47,8.32,improving,0,87.8,72.3,124,98.0,Ongoing,68.5,Eligible,0,0.105
STU-0641,25CS741,CSE,1,94.2,8.48,8.65,declining,0,89.4,85.1,22,63.3,,63.7,Not Eligible,0,0.065
STU-7159,22ME959,Mechanical,7,89.8,8.41,8.67,declining,0,76.8,79.8,148,37.1,,98.0,Placed,0,0.142
STU-4498,23EC998,ECE,5,72.0,6.78,6.17,improving,0,72.1,82.9,105,91.1,,86.9,Eligible,0,0.178
STU-3568,24EC968,ECE,4,80.1,6.55,6.75,declining,2,63.4,75.9,74,69.7,,60.5,Not Eligible,0,0.457
STU-1827,25CS127,CSE,1,76.9,7.81,8.13,declining,0,80.5,73.3,18,14.9,,77.8,Not Eligible,0,0.174
STU-5129,23EC729,ECE,5,83.3,7.66,7.1,improving,0,80.4,94.9,105,90.9,Completed,95.8,Eligible,0,0.146
STU-2645,22IT945,IT,7,75.3,8.79,8.66,stable,0,80.1,75.4,148,63.3,Completed,85.2,Placed,0,0.095
STU-3322,22IT722,IT,8,85.9,8.75,9.02,declining,0,90.8,78.3,166,78.8,Completed,96.9,Placed,0,0.118
STU-4567,23EC167,ECE,5,84.8,8.34,7.93,improving,0,86.8,96.3,107,80.5,,90.1,Eligible,0,0.069
STU-4471,25EC971,ECE,2,85.5,8.77,8.15,improving,0,85.4,82.4,40,86.8,,69.1,Not Eligible,0,0.039
STU-1513,22CS713,CSE,8,78.4,8.04,7.56,improving,0,82.8,71.1,166,45.3,,85.9,Placed,0,0.058
STU-2781,22IT181,IT,8,99.0,7.05,7.43,declining,0,69.2,92.6,170,51.6,,48.7,In Process,0,0.214
STU-6318,22EE118,EEE,8,87.1,9.01,8.63,improving,0,90.2,89.6,169,49.8,Completed,86.3,Placed,0,0.053
STU-2271,24IT571,IT,4,92.6,7.51,7.7,declining,0,82.1,83.1,84,81.0,,53.1,Not Eligible,0,0.09
STU-0807,22CS907,CSE,8,98.0,8.53,9.04,declining,0,95.4,89.4,168,73.0,Completed,75.1,Placed,0,0.127
STU-0805,24CS905,CSE,4,82.8,8.18,8.74,declining,0,73.9,87.0,85,42.6,,69.7,Not Eligible,0,0.12
STU-4362,22EC862,ECE,8,79.9,7.69,8.05,declining,0,83.6,77.2,168,42.8,Completed,81.1,Placed,0,0.195
STU-0245,25CS345,CSE,1,86.3,8.71,8.33,improving,0,88.8,85.0,23,51.9,,93.3,Not Eligible,0,0.087
STU-3432,22IT832,IT,7,83.0,6.21,6.29,stable,0,54.9,82.4,143,91.3,Completed,56.4,Placed,0,0.249
STU-2367,24IT667,IT,3,99.0,9.66,9.56,stable,0,88.4,100.0,61,46.2,,97.5,Not Eligible,0,0.103
STU-6355,22ME155,Mechanical,8,77.3,8.72,8.81,stable,0,84.7,88.9,168,95.1,,92.4,Placed,0,0.127
STU-1215,23CS415,CSE,6,97.7,7.58,7.3,improving,0,61.5,87.4,128,49.7,,89.3,Eligible,0,0.066
STU-6368,25ME168,Mechanical,1,68.2,7.04,7.22,declining,2,71.8,72.2,18,42.4,,68.0,Not Eligible,1,0.516
STU-5768,24EE468,EEE,4,80.3,7.38,6.72,improving,0,76.5,78.0,85,86.3,Ongoing,35.0,Not Eligible,0,0.101
STU-0705,25CS805,CSE,1,76.7,7.25,7.59,declining,0,72.6,76.8,21,67.1,,62.4,Not Eligible,0,0.129
STU-0151,22CS251,CSE,8,89.0,8.35,8.42,stable,0,81.6,81.5,170,50.4,Ongoing,94.5,Placed,0,0.125
STU-4854,22EC454,ECE,7,78.3,7.75,7.18,improving,0,74.1,82.7,143,48.1,Ongoing,84.9,Placed,0,0.075
STU-6433,24ME233,Mechanical,3,82.8,6.39,6.82,declining,0,66.3,87.9,64,44.3,,63.2,Not Eligible,0,0.153
STU-2430,22IT730,IT,7,85.2,8.45,8.51,stable,0,87.0,89.6,147,45.4,Ongoing,82.3,Placed,0,0.056
STU-5599,25EE299,EEE,2,67.1,6.18,6.27,stable,0,65.9,70.8,40,65.2,,61.0,Not Eligible,0,0.185
STU-0462,23CS562,CSE,6,96.3,7.27,7.68,declining,0,70.1,85.2,126,77.4,,55.4,Eligible,0,0.137
STU-7030,25ME830,Mechanical,2,85.9,7.32,7.34,stable,0,69.5,79.5,38,84.1,Ongoing,41.6,Not Eligible,0,0.082
STU-8099,25CI999,Civil,1,86.2,7.38,7.68,declining,1,71.1,85.1,18,49.7,,71.5,Not Eligible,0,0.19
STU-8400,22CI400,Civil,7,78.8,7.59,7.45,stable,0,77.9,81.5,149,36.4,Completed,74.4,Placed,0,0.073
STU-4081,22EC581,ECE,7,85.5,8.82,8.55,improving,0,88.1,86.4,145,66.8,Ongoing,89.6,Placed,0,0.08
STU-4634,22EC234,ECE,7,73.3,7.96,8.22,declining,0,95.2,68.6,143,75.8,Ongoing,48.0,Placed,0,0.07
STU-4195,23EC695,ECE,6,81.8,8.58,8.15,improving,0,82.4,72.6,126,70.8,,68.9,Eligible,0,0.092
STU-3087,24IT487,IT,4,80.9,8.17,8.34,declining,0,80.6,80.3,86,81.3,,70.8,Not Eligible,0,0.104
STU-0445,22CS545,CSE,7,69.5,8.44,7.68,improving,0,79.0,83.2,143,87.8,Completed,90.1,In Process,0,0.257
STU-3132,22IT532,IT,7,80.9,6.76,6.41,improving,0,67.8,70.4,148,49.9,Completed,77.2,Placed,0,0.11
STU-8405,25CI405,Civil,1,81.2,6.74,6.62,stable,0,71.3,75.8,22,57.7,Ongoing,72.8,Not Eligible,0,0.06
STU-0417,24CS517,CSE,3,91.1,8.2,8.63,declining,0,82.8,85.5,61,66.6,,85.4,Not Eligible,0,0.161
STU-8226,25CI226,Civil,1,77.7,5.95,5.33,improving,0,59.9,76.0,19,56.5,,64.6,Not Eligible,0,0.146
STU-8112,25CI112,Civil,1,78.8,5.26,5.43,declining,0,50.9,79.1,19,75.0,,49.9,Not Eligible,1,0.535
STU-2603,25IT903,IT,1,88.6,8.08,7.79,improving,0,81.4,82.5,18,28.5,,85.8,Not Eligible,0,0.142
STU-8223,23CI223,Civil,5,69.3,5.98,6.2,declining,2,57.7,71.0,93,49.2,,61.4,In Process,1,0.715
STU-2131,25CS431,CSE,2,90.1,8.39,7.94,improving,0,82.8,83.2,40,30.8,,64.8,Not Eligible,0,0.064
STU-0033,25CS133,CSE,1,94.3,8.36,8.2,improving,0,84.2,89.6,23,45.6,,81.9,Not Eligible,0,0.089
STU-0336,25CS436,CSE,1,84.6,8.76,8.46,improving,0,85.6,80.4,23,74.3,,53.8,Not Eligible,0,0.069
STU-7980,23CI880,Civil,5,66.1,7.4,6.88,improving,0,73.9,67.0,106,18.8,Completed,98.0,Eligible,0,0.247
STU-1471,23CS671,CSE,5,93.6,6.5,6.59,stable,0,65.7,100.0,107,70.4,Completed,63.5,Eligible,0,0.082
STU-3008,24IT408,IT,3,87.0,8.45,8.87,declining,0,85.4,90.5,63,75.1,,72.1,Not Eligible,0,0.209
STU-2102,23CS402,CSE,5,93.5,9.86,10.0,stable,0,95.0,80.9,105,57.5,Completed,91.8,Eligible,0,0.094
STU-7564,25ME464,Mechanical,1,85.5,7.48,8.09,declining,0,68.2,80.1,21,94.1,,66.2,Not Eligible,0,0.174
STU-3241,23IT641,IT,5,86.5,8.64,8.53,stable,0,87.0,80.8,106,48.0,,81.7,Eligible,0,0.076
STU-7657,23CI557,Civil,5,75.2,7.04,6.81,improving,0,78.2,78.6,101,47.9,,64.5,Eligible,0,0.072
STU-4015,24EC515,ECE,3,81.7,6.87,6.68,improving,0,67.7,69.0,65,79.1,,61.4,Not Eligible,0,0.134
STU-6265,24EE965,EEE,3,77.5,7.13,6.95,improving,0,69.8,80.8,64,65.8,,75.8,Not Eligible,0,0.058
STU-7978,25CI878,Civil,1,68.8,7.74,7.79,stable,0,75.4,73.2,22,40.4,,61.0,Not Eligible,0,0.181
STU-6876,22ME676,Mechanical,8,70.2,7.41,7.5,stable,0,78.4,73.8,168,74.6,,71.1,Placed,0,0.108
STU-7701,25CI601,Civil,2,61.0,5.26,5.4,stable,0,59.1,61.0,44,80.2,,52.2,Not Eligible,1,0.771
STU-3944,22EC444,ECE,8,85.7,7.33,6.76,improving,0,73.1,77.7,168,82.5,,77.5,In Process,0,0.118
STU-3034,23IT434,IT,6,76.3,6.99,7.12,stable,2,78.6,67.7,118,97.6,Completed,79.4,In Process,0,0.441
STU-7285,24ME185,Mechanical,4,74.7,8.13,7.61,improving,0,85.8,79.7,85,10.1,,78.1,Not Eligible,0,0.15
STU-7315,25ME215,Mechanical,2,77.1,6.15,6.32,declining,1,65.2,75.9,38,48.2,,65.2,Not Eligible,0,0.314
STU-6294,24EE994,EEE,4,75.7,8.7,8.97,declining,0,79.1,80.2,80,53.2,,65.7,Not Eligible,0,0.153
STU-6653,24ME453,Mechanical,3,69.8,6.38,6.17,improving,1,67.6,70.5,55,40.3,,63.3,Not Eligible,0,0.468
STU-4784,25EC384,ECE,2,89.9,7.72,7.67,stable,0,95.4,92.2,40,23.7,,79.1,Not Eligible,0,0.192
STU-8420,22CI420,Civil,7,68.2,7.65,7.04,improving,0,68.9,69.1,148,91.1,,52.0,In Process,0,0.144
STU-6706,25ME506,Mechanical,2,67.9,7.46,7.37,stable,3,79.4,77.9,31,65.9,Ongoing,59.8,Not Eligible,1,0.694
STU-7847,23CI747,Civil,5,72.4,5.19,4.66,improving,0,49.0,73.5,107,55.7,,38.4,In Process,0,0.432
STU-5584,24EE284,EEE,3,73.8,7.34,7.38,stable,0,71.1,68.8,59,63.0,,53.9,Not Eligible,0,0.055
STU-0414,23CS514,CSE,5,75.4,8.91,9.12,declining,0,80.3,77.5,103,83.3,Completed,84.5,Eligible,0,0.088
STU-2782,24IT182,IT,4,78.8,8.13,8.42,declining,0,80.1,75.2,86,68.9,,75.9,Not Eligible,0,0.139
STU-2052,24CS352,CSE,4,76.4,9.27,9.35,stable,0,99.0,81.5,80,56.0,,88.1,Not Eligible,0,0.154
STU-1415,23CS615,CSE,5,85.5,7.04,7.32,declining,0,69.6,89.0,107,40.1,Completed,75.0,Eligible,0,0.146
STU-7908,23CI808,Civil,5,88.2,6.8,6.48,improving,0,72.4,80.6,101,5.0,,74.2,Eligible,0,0.12
STU-6585,25ME385,Mechanical,1,66.9,7.11,7.47,declining,1,78.0,73.4,18,98.0,,71.7,Not Eligible,0,0.331
STU-1227,24CS427,CSE,4,83.1,7.6,7.37,improving,0,80.7,84.1,82,56.7,,69.2,Not Eligible,0,0.176
STU-7445,22ME345,Mechanical,8,85.9,8.06,7.77,improving,0,86.9,83.4,169,74.4,Completed,63.9,In Process,0,0.072
STU-7182,22ME982,Mechanical,8,79.8,7.78,7.76,stable,0,75.6,78.7,170,96.5,Completed,52.4,Placed,0,0.121
STU-3579,24EC979,ECE,3,89.0,8.1,7.62,improving,0,78.1,91.8,65,21.1,,62.1,Not Eligible,0,0.079
STU-5281,25EE881,EEE,1,73.6,7.31,6.85,improving,0,75.7,68.3,19,74.0,,59.0,Not Eligible,0,0.091
STU-3518,23IT918,IT,6,84.4,9.49,9.48,stable,0,91.9,84.4,122,20.7,,78.8,Eligible,0,0.191
STU-5635,22EE335,EEE,8,83.4,6.97,6.86,stable,0,78.3,85.1,166,69.6,Completed,58.7,In Process,0,0.094
STU-3523,25EC923,ECE,2,95.6,8.51,8.99,declining,0,86.5,98.2,42,54.0,,98.0,Not Eligible,0,0.097
STU-0434,25CS534,CSE,1,84.7,9.35,9.46,stable,0,91.8,79.6,21,48.8,,98.0,Not Eligible,0,0.121
STU-6693,25ME493,Mechanical,1,75.2,8.08,8.19,stable,0,68.5,68.4,21,77.6,,70.6,Not Eligible,0,0.119
STU-5665,25EE365,EEE,1,84.7,6.77,6.6,improving,0,65.9,78.0,21,40.0,,40.8,Not Eligible,0,0.085
STU-5155,24EC755,ECE,3,77.2,6.42,6.0,improving,0,61.8,76.4,64,70.2,,52.8,Not Eligible,0,0.11
STU-2649,22IT949,IT,7,97.5,9.44,9.63,declining,0,93.2,96.7,149,37.3,Completed,76.6,Placed,0,0.21
STU-5099,22EC699,ECE,7,73.7,9.41,9.72,declining,0,92.7,76.0,149,74.1,,98.0,Placed,0,0.354
STU-1706,25CS906,CSE,1,89.0,6.69,6.61,stable,0,66.3,88.3,19,66.3,,61.9,Not Eligible,0,0.125
STU-0514,22CS614,CSE,7,80.8,8.52,8.36,improving,0,81.1,82.9,143,49.0,Completed,80.2,Placed,0,0.167
STU-3429,23IT829,IT,6,90.1,6.97,6.86,stable,0,69.5,85.6,128,44.1,Ongoing,54.0,Eligible,0,0.102
STU-2166,23IT466,IT,6,71.1,6.8,6.89,stable,0,68.2,60.0,127,61.8,Completed,60.4,Eligible,0,0.203
STU-4988,25EC588,ECE,1,83.7,6.67,6.63,stable,0,58.4,80.2,21,54.9,,67.1,Not Eligible,0,0.262
STU-5228,24EE828,EEE,4,66.6,8.45,8.57,stable,0,74.1,75.7,85,53.6,,64.1,Not Eligible,0,0.306
STU-4074,25EC574,ECE,1,74.1,6.27,6.5,declining,0,61.4,77.1,22,56.5,Ongoing,68.7,Not Eligible,0,0.198
STU-3998,23EC498,ECE,5,86.7,6.45,5.93,improving,3,65.6,75.0,89,44.8,,47.9,In Process,1,0.568
STU-7874,25CI774,Civil,2,82.0,5.92,6.31,declining,0,50.8,92.1,38,61.2,,79.8,Not Eligible,0,0.419
STU-4035,22EC535,ECE,8,80.6,6.5,6.45,stable,0,60.6,84.7,169,25.4,,63.5,Not Eligible,0,0.205
STU-5258,22EE858,EEE,7,75.3,8.13,8.13,stable,0,74.2,66.6,143,52.5,,59.9,Placed,0,0.044
STU-5139,22EC739,ECE,7,78.8,8.86,8.85,stable,0,93.2,81.5,147,35.7,Completed,74.2,Placed,0,0.159
STU-4181,25EC681,ECE,2,83.0,6.14,6.56,declining,0,63.5,87.9,40,38.0,,53.9,Not Eligible,0,0.251
STU-7261,24ME161,Mechanical,4,86.9,6.91,6.47,improving,0,69.7,72.0,85,63.2,,80.4,Not Eligible,0,0.105
STU-5336,22EE936,EEE,8,57.1,6.23,6.61,declining,1,63.7,56.6,165,57.5,,52.3,Placed,1,0.94
STU-5184,24EC784,ECE,4,92.0,8.08,7.73,improving,0,83.3,95.3,84,55.4,,77.8,Not Eligible,0,0.131
STU-7146,22ME946,Mechanical,7,62.8,6.4,6.32,stable,2,64.2,60.6,140,86.3,,80.3,In Process,1,0.751
STU-5377,22EE977,EEE,8,71.3,7.47,7.59,stable,0,82.5,63.0,166,13.5,Completed,76.0,Not Eligible,0,0.319
STU-3061,22IT461,IT,8,77.5,7.99,8.33,declining,0,95.0,73.9,168,40.6,Ongoing,80.0,Placed,0,0.255
STU-7889,22CI789,Civil,8,90.7,6.93,7.01,stable,0,65.8,88.1,170,59.7,,72.6,In Process,0,0.102
STU-6667,22ME467,Mechanical,7,79.5,8.85,9.46,declining,0,93.8,80.6,149,79.3,Completed,85.0,Placed,0,0.25
STU-0349,24CS449,CSE,3,72.1,6.51,6.68,declining,0,66.2,79.0,63,60.3,,66.5,Not Eligible,0,0.134
STU-6937,24ME737,Mechanical,4,99.0,7.41,7.54,stable,0,69.0,97.1,86,48.2,,77.8,Not Eligible,0,0.09
STU-4133,24EC633,ECE,4,90.6,7.22,7.02,improving,0,65.2,94.1,85,55.3,,72.1,Not Eligible,0,0.046
STU-3486,22IT886,IT,8,77.1,7.9,7.71,improving,0,79.4,69.9,166,53.0,Completed,68.7,Placed,0,0.089
STU-1222,25CS422,CSE,2,99.0,7.55,7.78,declining,0,75.4,94.3,40,67.1,,76.1,Not Eligible,0,0.066
STU-6298,22EE998,EEE,8,80.8,7.07,6.56,improving,1,69.2,83.1,160,86.2,,67.9,In Process,0,0.178
STU-8408,22CI408,Civil,7,56.6,7.62,7.86,declining,2,73.5,65.0,135,48.9,Completed,75.3,In Process,1,0.936
STU-2896,22IT296,IT,8,79.7,9.47,9.35,stable,0,92.4,92.0,164,63.2,,88.7,Placed,0,0.173
STU-7472,25ME372,Mechanical,1,84.6,8.28,8.03,improving,0,78.9,77.1,18,27.0,,95.2,Not Eligible,0,0.104
STU-5803,24EE503,EEE,4,83.4,8.3,8.02,improving,0,77.4,84.2,85,33.9,,71.3,Not Eligible,0,0.079
STU-7611,22CI511,Civil,8,70.3,6.67,6.94,declining,0,67.5,64.4,169,70.7,Ongoing,63.5,Not Eligible,0,0.161
STU-0191,25CS291,CSE,1,89.1,9.2,8.75,improving,0,94.5,91.2,22,56.5,,92.8,Not Eligible,0,0.081
STU-0994,23CS194,CSE,5,83.2,8.89,9.22,declining,0,85.5,80.1,103,76.7,,90.9,Eligible,0,0.077
STU-2938,23IT338,IT,5,80.3,9.94,10.0,stable,0,99.0,79.8,107,46.9,,87.0,Eligible,0,0.085
STU-8089,25CI989,Civil,1,79.4,7.49,7.55,stable,0,66.4,80.3,23,52.6,,78.6,Not Eligible,0,0.117
STU-0087,23CS187,CSE,6,69.5,8.18,7.27,improving,0,88.2,69.9,128,32.3,Completed,78.0,Eligible,0,0.124
STU-0660,23CS760,CSE,5,87.0,8.48,7.97,improving,0,91.0,88.9,103,61.1,Completed,70.1,Eligible,0,0.149
STU-1808,25CS108,CSE,2,92.6,8.99,8.74,improving,0,78.2,78.2,42,55.9,,84.5,Not Eligible,0,0.06
STU-5976,25EE676,EEE,1,86.5,6.37,5.85,improving,0,67.0,75.8,23,81.5,,47.0,Not Eligible,0,0.08
STU-1169,25CS369,CSE,1,79.2,8.08,7.81,improving,0,80.6,74.5,22,73.0,,85.9,Not Eligible,0,0.115
STU-5234,25EE834,EEE,1,73.9,6.99,7.59,declining,0,68.6,70.3,18,31.4,,64.3,Not Eligible,0,0.254
STU-5013,23EC613,ECE,5,73.6,8.1,7.68,improving,0,86.1,72.6,107,67.2,Completed,65.8,Eligible,0,0.098
STU-3209,24IT609,IT,4,79.9,7.46,7.2,improving,0,67.8,86.7,86,69.3,,86.7,Not Eligible,0,0.157
STU-3949,22EC449,ECE,7,86.4,8.37,8.22,improving,0,79.0,85.0,148,71.1,Completed,87.6,Placed,0,0.062
STU-5359,22EE959,EEE,7,71.0,6.5,6.29,improving,1,60.3,81.4,139,58.1,Completed,78.7,Not Eligible,0,0.325
STU-3197,22IT597,IT,8,91.6,7.42,7.7,declining,0,72.4,75.8,169,41.7,,82.4,Placed,0,0.178
STU-4004,25EC504,ECE,1,89.0,7.67,7.06,improving,0,74.3,89.1,18,52.5,,78.3,Not Eligible,0,0.079
STU-1083,24CS283,CSE,4,79.0,9.44,8.95,improving,0,99.0,62.2,85,80.5,,88.8,Not Eligible,0,0.132
STU-3348,23IT748,IT,5,78.9,7.88,7.57,improving,2,71.8,72.4,97,33.9,Completed,76.3,In Process,0,0.494
STU-6547,23ME347,Mechanical,6,66.0,6.87,6.7,improving,0,74.3,76.4,122,88.7,,65.8,Eligible,0,0.223
STU-0630,25CS730,CSE,2,75.3,8.51,8.23,improving,0,85.0,72.6,38,62.9,,71.2,Not Eligible,0,0.065
STU-6481,23ME281,Mechanical,6,74.6,8.05,7.37,improving,1,80.7,73.0,120,73.9,Completed,98.0,In Process,0,0.18
STU-6831,22ME631,Mechanical,8,78.1,8.02,8.38,declining,0,76.5,85.0,164,74.7,,73.6,Placed,0,0.127
STU-3039,25IT439,IT,2,79.1,8.04,7.69,improving,0,87.1,80.3,44,79.7,,82.2,Not Eligible,0,0.043
STU-3013,23IT413,IT,6,83.1,8.23,8.04,improving,0,84.5,92.1,124,44.3,Completed,75.9,Eligible,0,0.09
STU-2527,23IT827,IT,6,87.9,8.3,8.18,stable,0,81.3,92.5,128,50.2,Completed,78.6,Eligible,0,0.072
STU-4300,22EC800,ECE,8,80.7,8.32,9.06,declining,0,83.3,88.5,168,87.9,Completed,61.4,Placed,0,0.299
STU-2292,22IT592,IT,7,83.5,6.41,6.02,improving,1,58.9,83.7,139,57.0,Ongoing,77.0,In Process,0,0.211
STU-7387,25ME287,Mechanical,2,73.9,6.9,6.2,improving,0,68.7,69.4,40,41.9,,72.0,Not Eligible,0,0.1
STU-3289,23IT689,IT,5,79.7,7.02,7.32,declining,0,69.2,69.5,101,62.5,,55.6,Eligible,0,0.161
STU-4890,25EC490,ECE,1,86.1,7.54,7.34,improving,0,73.0,85.4,23,41.2,,54.8,Not Eligible,0,0.071
STU-6595,23ME395,Mechanical,5,88.4,6.18,6.73,declining,0,61.4,100.0,103,69.0,,70.5,In Process,0,0.312
STU-1028,22CS228,CSE,7,84.5,8.74,8.82,stable,0,79.1,89.9,143,52.6,Completed,94.6,Placed,0,0.071
STU-7008,23ME808,Mechanical,6,72.9,7.47,7.13,improving,0,72.8,73.3,128,79.0,,65.7,Eligible,0,0.093
STU-5188,25EC788,ECE,1,85.4,7.14,7.74,declining,0,74.3,84.5,18,59.4,,37.4,Not Eligible,0,0.252
STU-5767,24EE467,EEE,4,72.9,7.33,7.34,stable,0,73.3,66.0,85,56.3,,80.2,Not Eligible,0,0.049
STU-5830,24EE530,EEE,4,78.2,6.97,6.4,improving,0,65.9,78.6,82,47.2,,81.0,Not Eligible,0,0.079
STU-5836,24EE536,EEE,4,88.4,8.16,8.29,stable,0,80.3,76.4,80,45.2,,74.7,Not Eligible,0,0.068
STU-0474,22CS574,CSE,8,92.2,8.73,8.63,stable,0,92.7,85.2,170,66.6,Ongoing,85.1,In Process,0,0.075
STU-4413,22EC913,ECE,7,68.3,7.0,6.76,improving,3,69.6,70.7,135,56.8,,57.3,Placed,1,0.68
STU-2860,25IT260,IT,2,88.0,7.81,7.74,stable,0,77.4,85.9,44,44.3,Ongoing,70.5,Not Eligible,0,0.078
STU-2070,24CS370,CSE,3,79.7,8.62,8.38,improving,0,82.9,80.7,63,82.8,,93.2,Not Eligible,0,0.133
STU-1476,23CS676,CSE,6,99.0,8.09,8.01,stable,0,84.5,97.3,126,59.2,Completed,85.7,Eligible,0,0.078
STU-2558,23IT858,IT,6,79.5,9.11,9.1,stable,0,92.9,83.2,128,61.8,Completed,70.4,Eligible,0,0.081
STU-5098,25EC698,ECE,1,76.5,9.04,8.82,improving,0,88.3,73.3,22,82.6,,78.1,Not Eligible,0,0.087
STU-3543,24EC943,ECE,4,95.4,6.49,6.4,stable,1,62.8,86.6,82,43.3,,77.9,Not Eligible,0,0.167
STU-4658,25EC258,ECE,2,75.9,8.19,8.29,stable,0,82.9,67.0,42,64.3,,80.0,Not Eligible,0,0.107
STU-3649,22EC149,ECE,7,74.1,7.17,7.44,declining,0,66.0,71.6,148,79.3,,77.7,In Process,0,0.243
STU-1667,25CS867,CSE,2,93.5,6.8,6.59,improving,0,65.3,90.4,44,35.7,,60.8,Not Eligible,0,0.068
STU-4278,22EC778,ECE,7,87.9,7.93,7.67,improving,0,85.5,86.1,143,64.9,Completed,70.3,Placed,0,0.083
STU-7648,23CI548,Civil,6,96.7,8.38,8.05,improving,0,87.9,100.0,124,63.0,Completed,91.0,Eligible,0,0.175
STU-6058,25EE758,EEE,1,96.7,8.24,8.21,stable,0,90.3,99.1,19,66.8,,73.1,Not Eligible,0,0.082
STU-5178,22EC778,ECE,7,91.6,8.43,8.49,stable,0,90.3,84.2,147,24.8,Completed,75.5,Placed,0,0.139
STU-3905,25EC405,ECE,2,71.2,9.38,8.71,improving,0,99.0,77.9,43,61.4,,60.9,Not Eligible,0,0.117
STU-4544,25EC144,ECE,2,81.5,7.74,7.98,declining,0,76.2,79.4,43,61.0,,62.8,Not Eligible,0,0.167
STU-5033,23EC633,ECE,6,63.6,7.55,7.98,declining,0,77.3,62.4,124,33.4,Ongoing,92.0,Eligible,0,0.449
STU-5743,24EE443,EEE,3,77.1,6.88,6.36,improving,0,62.5,74.4,64,77.3,,59.2,Not Eligible,0,0.103
STU-1069,24CS269,CSE,3,84.0,9.79,9.5,improving,0,85.9,82.3,61,43.7,,81.4,Not Eligible,0,0.105
STU-1450,23CS650,CSE,6,84.5,8.43,8.28,improving,0,77.4,80.9,128,88.2,Completed,65.7,Eligible,0,0.072
STU-0324,24CS424,CSE,3,76.1,8.47,8.54,stable,0,75.8,75.7,64,63.6,Ongoing,73.0,Not Eligible,0,0.069
STU-2336,23IT636,IT,6,83.5,8.0,8.14,stable,0,90.7,81.5,122,48.6,Completed,97.3,Eligible,0,0.17
STU-2353,24IT653,IT,3,71.0,8.51,8.51,stable,0,81.5,75.0,65,66.4,,84.0,Not Eligible,0,0.187
STU-6149,22EE849,EEE,8,93.0,6.51,6.72,declining,0,70.1,82.1,170,53.3,,61.3,Placed,0,0.161
STU-4588,25EC188,ECE,1,67.8,7.76,7.8,stable,0,80.7,73.8,23,75.5,,67.6,Not Eligible,0,0.073
STU-3319,24IT719,IT,3,99.0,7.22,6.77,improving,0,75.0,97.2,63,48.6,,75.6,Not Eligible,0,0.162
STU-7405,24ME305,Mechanical,4,75.5,9.01,8.4,improving,0,96.8,68.8,85,63.9,,93.7,Not Eligible,0,0.053
STU-6108,24EE808,EEE,4,86.2,7.43,6.79,improving,1,65.1,83.4,76,36.9,,72.4,Not Eligible,0,0.242
STU-0284,25CS384,CSE,1,82.1,8.2,7.68,improving,0,80.8,74.1,23,47.5,,82.7,Not Eligible,0,0.063
STU-5304,22EE904,EEE,8,93.4,8.62,8.71,stable,0,94.8,89.5,166,54.0,Completed,78.7,Placed,0,0.068
STU-3102,23IT502,IT,6,69.3,9.47,8.9,improving,0,95.7,75.1,124,35.5,Ongoing,94.5,Eligible,0,0.156
STU-5448,25EE148,EEE,2,72.5,7.23,7.53,declining,0,77.4,80.5,40,44.5,,77.8,Not Eligible,0,0.145
STU-7654,23CI554,Civil,5,74.9,6.73,6.61,stable,0,81.3,71.7,103,82.3,Completed,68.7,Eligible,0,0.085
STU-0622,25CS722,CSE,2,68.6,7.14,6.71,improving,0,69.0,78.4,42,98.0,,75.1,Not Eligible,0,0.103
STU-0179,22CS279,CSE,8,87.5,7.6,7.63,stable,0,74.3,88.5,169,59.4,Completed,87.4,Placed,0,0.08
STU-6158,24EE858,EEE,4,68.1,7.05,6.81,improving,0,68.0,62.3,80,58.5,,42.3,Not Eligible,0,0.158
STU-7371,24ME271,Mechanical,4,77.0,8.24,8.41,declining,0,82.2,80.6,82,19.6,,98.0,Not Eligible,0,0.268
STU-6175,23EE875,EEE,6,81.1,6.21,5.93,improving,1,65.1,74.6,124,40.6,Ongoing,62.5,In Process,0,0.243
STU-1077,24CS277,CSE,3,74.4,8.6,8.25,improving,0,82.9,84.6,64,40.4,,84.2,Not Eligible,0,0.06
STU-2711,23IT111,IT,6,70.2,8.08,7.76,improving,0,75.5,55.7,127,62.3,Completed,79.6,Eligible,0,0.107
STU-5505,24EE205,EEE,4,79.3,7.27,6.15,improving,0,68.3,82.7,85,57.8,,77.3,Not Eligible,0,0.107
STU-0281,22CS381,CSE,8,81.6,8.34,8.29,stable,0,79.9,74.6,166,42.9,Completed,76.8,Placed,0,0.056
STU-8355,25CI355,Civil,2,87.5,7.2,6.99,improving,1,62.2,63.4,36,27.6,,78.2,Not Eligible,0,0.241
STU-1509,23CS709,CSE,5,82.5,7.14,7.72,declining,0,77.5,68.2,105,63.4,Completed,78.9,Eligible,0,0.213
STU-2034,22CS334,CSE,8,95.8,7.99,7.55,improving,0,80.5,85.7,168,45.0,Completed,80.9,Placed,0,0.152
STU-0408,25CS508,CSE,1,76.6,8.03,8.05,stable,0,82.7,84.9,21,82.4,,96.0,Not Eligible,0,0.059
STU-0060,24CS160,CSE,3,83.4,8.04,7.94,stable,3,80.3,87.0,47,35.8,,86.7,Not Eligible,1,0.646
STU-3338,23IT738,IT,6,76.7,8.11,8.28,declining,0,80.5,79.4,122,75.8,Completed,78.8,Eligible,0,0.107
STU-1162,25CS362,CSE,1,93.3,8.43,8.42,stable,0,87.0,99.1,18,24.9,,86.1,Not Eligible,0,0.178
STU-7896,25CI796,Civil,1,73.6,7.35,7.26,stable,0,76.3,67.4,22,51.4,,90.6,Not Eligible,0,0.082
STU-6875,24ME675,Mechanical,3,92.1,5.62,5.5,stable,4,58.7,91.4,43,48.4,,67.7,Not Eligible,1,0.893
STU-5320,25EE920,EEE,2,78.0,8.91,9.5,declining,0,84.6,78.8,44,61.2,,80.2,Not Eligible,0,0.256
STU-7780,23CI680,Civil,6,73.0,6.45,6.45,stable,0,71.3,75.6,128,60.8,,66.1,In Process,0,0.235
STU-1744,25CS944,CSE,1,92.4,7.78,8.04,declining,0,77.2,73.4,18,46.5,,76.8,Not Eligible,0,0.091
STU-1362,25CS562,CSE,2,99.0,5.71,6.04,declining,0,62.0,91.2,43,31.9,,49.0,Not Eligible,0,0.367
STU-5499,23EE199,EEE,6,62.9,8.29,8.14,improving,0,78.6,75.9,126,89.1,,80.0,Eligible,0,0.362
STU-3715,23EC215,ECE,6,97.1,6.23,6.24,stable,0,62.6,87.0,126,53.7,,56.6,In Process,0,0.203
STU-5881,23EE581,EEE,6,80.6,6.37,6.32,stable,0,63.6,82.1,122,62.4,,66.2,In Process,0,0.184
STU-0103,24CS203,CSE,3,88.1,9.49,9.16,improving,0,90.9,82.2,65,70.5,,76.2,Not Eligible,0,0.048
STU-5687,23EE387,EEE,6,86.1,8.14,8.55,declining,0,81.6,81.2,122,39.6,Completed,96.9,Eligible,0,0.176
STU-4132,23EC632,ECE,6,72.2,7.49,8.13,declining,0,65.1,76.4,122,75.1,Completed,74.9,Eligible,0,0.388
STU-0783,25CS883,CSE,2,80.0,7.75,7.1,improving,0,83.1,76.1,40,46.1,,88.1,Not Eligible,0,0.085
STU-4927,23EC527,ECE,6,73.6,6.03,6.05,stable,0,50.3,78.2,124,9.1,Completed,45.2,In Process,0,0.342
STU-6817,23ME617,Mechanical,5,80.7,8.18,8.12,stable,0,81.6,77.7,106,69.0,Completed,60.4,Eligible,0,0.06
STU-8257,25CI257,Civil,1,56.6,8.17,8.27,stable,0,87.3,60.9,23,67.7,,69.3,Not Eligible,1,0.728
STU-4056,25EC556,ECE,1,79.8,9.07,8.29,improving,0,93.3,75.7,21,97.7,Ongoing,98.0,Not Eligible,0,0.048
STU-2330,24IT630,IT,4,78.7,8.13,7.93,improving,0,83.1,80.6,84,52.1,Ongoing,75.3,Not Eligible,0,0.122
STU-0987,23CS187,CSE,6,70.7,7.4,7.21,improving,0,71.4,73.2,126,43.3,Completed,83.2,Eligible,0,0.131
STU-7487,25ME387,Mechanical,1,95.1,8.24,8.28,stable,0,87.1,87.6,22,16.2,,89.9,Not Eligible,0,0.153
STU-5859,23EE559,EEE,6,68.3,7.42,7.17,improving,0,67.8,71.9,127,79.8,,87.8,Eligible,0,0.208
STU-0440,25CS540,CSE,1,74.9,8.06,7.63,improving,0,86.4,80.1,19,43.8,,84.2,Not Eligible,0,0.083
STU-7251,24ME151,Mechanical,3,86.7,9.53,9.18,improving,0,86.0,82.6,63,63.9,,86.5,Not Eligible,0,0.062
STU-1206,22CS406,CSE,7,80.9,8.53,8.35,improving,2,90.1,81.9,135,85.4,Completed,75.7,Placed,0,0.363
STU-7571,25CI471,Civil,1,70.9,7.0,7.09,stable,3,57.6,66.9,18,67.5,,61.0,Not Eligible,1,0.65
STU-5603,22EE303,EEE,7,75.8,6.55,6.35,improving,0,60.5,84.6,143,85.3,,54.4,In Process,0,0.078
STU-4080,22EC580,ECE,7,94.8,8.36,7.87,improving,0,80.5,86.3,149,31.4,Completed,96.6,Placed,0,0.129
STU-6623,24ME423,Mechanical,3,81.2,8.33,7.98,improving,0,90.3,77.3,63,48.4,,90.4,Not Eligible,0,0.099
STU-3843,22EC343,ECE,8,81.0,7.24,6.55,improving,0,72.5,82.5,169,40.2,Completed,88.2,Placed,0,0.045
STU-2253,22IT553,IT,8,90.7,8.2,8.17,stable,0,82.5,82.7,169,88.4,Completed,90.6,Placed,0,0.078
STU-1572,25CS772,CSE,2,82.1,9.18,9.41,declining,0,93.0,79.7,38,53.5,Ongoing,90.1,Not Eligible,0,0.129
STU-4079,25EC579,ECE,1,81.1,7.04,6.56,improving,4,67.5,77.0,18,79.5,,49.9,Not Eligible,1,0.623
STU-2816,25IT216,IT,1,81.5,8.96,9.14,declining,0,92.1,78.1,22,43.2,,93.7,Not Eligible,0,0.113
STU-3278,24IT678,IT,3,76.0,7.58,7.39,improving,0,71.4,73.4,64,51.1,,72.8,Not Eligible,0,0.14
STU-0224,24CS324,CSE,3,83.9,7.44,7.94,declining,0,79.5,80.6,61,68.9,,62.3,Not Eligible,0,0.093
STU-3503,22IT903,IT,7,88.5,7.46,7.19,improving,0,79.6,84.8,148,27.9,Completed,80.9,In Process,0,0.183
STU-3884,23EC384,ECE,6,97.9,8.47,8.54,stable,0,85.8,96.2,126,67.8,Completed,79.4,Eligible,0,0.082
STU-8004,24CI904,Civil,4,68.9,7.83,7.81,stable,0,82.2,61.3,80,40.9,Ongoing,69.9,Not Eligible,0,0.215
STU-3958,23EC458,ECE,6,79.2,8.16,7.92,improving,0,78.8,78.6,127,53.5,,48.6,Eligible,0,0.114
STU-5503,22EE203,EEE,8,89.1,6.67,6.89,declining,0,63.3,100.0,169,91.7,,67.4,Placed,0,0.055
STU-4735,23EC335,ECE,6,84.9,7.82,7.82,stable,0,77.8,80.4,124,86.1,Ongoing,98.0,Eligible,0,0.155
STU-1585,22CS785,CSE,8,79.8,8.13,7.75,improving,0,81.2,78.6,170,84.2,Ongoing,80.1,Placed,0,0.072
STU-0273,22CS373,CSE,7,74.8,9.06,9.04,stable,0,95.5,77.6,145,84.2,Completed,98.0,Placed,0,0.061
STU-4870,22EC470,ECE,8,94.8,9.02,8.73,improving,0,91.5,88.5,166,56.0,,65.3,Placed,0,0.096
STU-3922,24EC422,ECE,4,69.0,8.02,7.44,improving,1,82.0,67.1,78,61.4,,90.3,Not Eligible,0,0.227
STU-2696,25IT996,IT,1,81.6,7.34,7.84,declining,0,56.8,77.2,19,55.1,,58.0,Not Eligible,0,0.171
STU-1274,25CS474,CSE,1,87.0,8.96,8.51,improving,0,85.6,93.8,18,78.2,,75.3,Not Eligible,0,0.077
STU-2726,24IT126,IT,3,68.6,8.64,8.64,stable,0,83.0,75.5,63,79.8,,87.5,Not Eligible,0,0.137
STU-7098,23ME898,Mechanical,5,57.1,7.29,7.13,improving,0,61.2,49.0,103,35.9,,67.5,Eligible,1,0.611
STU-3374,22IT774,IT,8,82.8,6.22,6.85,declining,0,62.4,82.6,170,55.4,Completed,77.7,In Process,0,0.311
STU-0516,25CS616,CSE,1,70.3,8.06,7.68,improving,0,77.0,57.4,19,48.0,,80.8,Not Eligible,0,0.075
STU-6677,24ME477,Mechanical,4,99.0,7.05,7.23,declining,0,65.0,92.5,80,61.8,,78.7,Not Eligible,0,0.086
STU-6213,24EE913,EEE,4,76.8,7.78,7.65,stable,0,81.3,77.1,84,41.5,,82.2,Not Eligible,0,0.097
STU-6247,23EE947,EEE,6,77.4,7.24,6.99,improving,0,74.3,79.6,127,82.1,,63.3,Eligible,0,0.07
STU-1748,25CS948,CSE,2,83.0,8.04,7.46,improving,0,76.6,65.2,44,53.9,,81.4,Not Eligible,0,0.12
STU-1745,24CS945,CSE,4,98.5,8.54,8.31,improving,0,91.8,99.7,82,53.5,,98.0,Not Eligible,0,0.087
STU-2049,23CS349,CSE,5,90.5,8.0,7.88,stable,0,79.6,91.5,101,65.9,Completed,90.0,Eligible,0,0.118
STU-2820,24IT220,IT,3,78.7,6.59,6.79,declining,0,66.1,70.8,59,54.5,,85.1,Not Eligible,0,0.069
STU-8162,24CI162,Civil,4,73.2,6.38,6.9,declining,1,56.5,72.7,81,71.4,,58.7,Not Eligible,0,0.46
STU-1718,23CS918,CSE,6,86.7,9.66,9.45,improving,0,91.2,81.2,122,73.7,,75.8,Eligible,0,0.076
STU-8266,22CI266,Civil,8,81.9,7.97,8.06,stable,0,74.6,79.7,164,58.5,Completed,84.6,Placed,0,0.158
STU-0672,22CS772,CSE,8,88.0,7.79,7.69,stable,0,88.7,85.3,168,46.4,Completed,63.0,Placed,0,0.087
STU-0801,23CS901,CSE,6,82.3,7.63,7.3,improving,0,73.7,89.3,128,50.8,Completed,70.3,Eligible,0,0.051
STU-3756,24EC256,ECE,4,89.4,8.07,7.95,stable,0,81.8,85.1,84,50.7,,82.5,Not Eligible,0,0.066
STU-4806,25EC406,ECE,2,79.0,7.7,8.15,declining,0,78.2,73.2,44,90.9,,90.0,Not Eligible,0,0.136
STU-5488,24EE188,EEE,3,74.5,6.38,6.4,stable,0,66.7,68.0,65,30.8,,68.6,Not Eligible,0,0.155
STU-3101,22IT501,IT,8,81.2,9.15,8.92,improving,0,96.0,74.2,168,49.9,Completed,98.0,Placed,0,0.087
STU-2810,24IT210,IT,3,88.2,9.09,9.56,declining,0,96.7,93.9,59,58.2,,98.0,Not Eligible,0,0.139
STU-7536,22ME436,Mechanical,7,82.9,8.24,7.93,improving,0,76.5,86.2,143,47.0,Completed,82.9,Placed,0,0.183
STU-2979,24IT379,IT,4,84.9,7.77,7.74,stable,0,76.7,78.2,84,65.8,,96.8,Not Eligible,0,0.098
STU-0468,22CS568,CSE,7,82.2,7.9,7.68,improving,0,73.4,81.5,147,52.3,Completed,79.6,Placed,0,0.098
STU-0442,22CS542,CSE,8,81.8,7.21,7.15,stable,0,75.5,82.0,168,54.3,,81.9,Not Eligible,0,0.061
STU-0745,25CS845,CSE,2,76.1,7.51,7.58,stable,0,71.2,76.6,44,76.6,,75.1,Not Eligible,0,0.107
STU-6498,22ME298,Mechanical,7,83.9,6.85,6.27,improving,1,71.0,85.5,139,67.7,,59.7,In Process,0,0.187
STU-8262,22CI262,Civil,7,80.1,6.27,6.38,stable,1,67.1,83.6,141,63.1,,55.3,In Process,0,0.265
STU-2569,25IT869,IT,2,88.6,9.13,8.72,improving,0,89.6,94.6,44,52.3,,84.8,Not Eligible,0,0.135
STU-2194,25IT494,IT,2,94.1,8.38,8.31,stable,0,83.7,79.8,38,50.3,,90.4,Not Eligible,0,0.059
STU-7890,23CI790,Civil,6,82.7,8.1,8.39,declining,0,87.7,77.7,128,72.0,Completed,86.0,Eligible,0,0.195
STU-8033,25CI933,Civil,1,56.0,7.72,7.69,stable,0,71.1,54.4,23,64.4,,91.2,Not Eligible,1,0.726
STU-0220,22CS320,CSE,7,79.9,9.31,9.11,improving,0,90.6,75.4,147,85.5,Ongoing,94.4,Placed,0,0.07
STU-7430,25ME330,Mechanical,1,79.8,7.77,8.05,declining,0,82.9,86.4,18,35.8,,89.1,Not Eligible,0,0.126
STU-1747,25CS947,CSE,1,94.6,8.29,8.32,stable,0,95.3,100.0,23,60.6,,88.4,Not Eligible,0,0.113
STU-3703,22EC203,ECE,8,78.8,7.57,7.74,declining,0,74.5,79.6,169,64.2,Completed,71.5,Placed,0,0.148
STU-3053,22IT453,IT,7,78.9,8.2,8.47,declining,0,82.6,71.1,148,79.0,,91.9,Placed,0,0.128
STU-6531,24ME331,Mechanical,3,74.9,8.06,7.88,improving,0,81.7,78.5,63,40.9,,78.9,Not Eligible,0,0.131
STU-6468,23ME268,Mechanical,6,69.3,7.32,7.73,declining,0,78.2,60.0,127,69.1,,63.4,Eligible,0,0.228
STU-8007,23CI907,Civil,6,88.3,7.24,7.47,declining,0,76.6,89.1,126,98.0,Completed,41.2,Eligible,0,0.076
STU-2602,22IT902,IT,8,76.8,8.69,8.51,improving,0,92.0,82.4,169,54.0,,83.2,Placed,0,0.092
STU-3571,22EC971,ECE,8,73.2,5.97,6.09,stable,1,56.9,59.9,166,46.5,,68.2,In Process,0,0.352
STU-1354,23CS554,CSE,6,87.3,7.72,7.68,stable,0,69.4,78.5,127,56.1,Completed,76.1,Eligible,0,0.079
STU-6356,24ME156,Mechanical,4,72.9,8.07,8.3,declining,0,76.2,77.2,86,46.2,,96.8,Not Eligible,0,0.072
STU-6021,25EE721,EEE,1,88.9,7.27,7.41,stable,0,58.5,78.7,21,62.0,,58.3,Not Eligible,0,0.095
STU-1076,24CS276,CSE,4,95.8,9.55,9.5,stable,0,98.2,91.1,86,57.5,,98.0,Not Eligible,0,0.11
STU-3980,22EC480,ECE,7,78.4,9.0,8.7,improving,0,93.2,76.8,149,72.4,,92.9,Placed,0,0.073
STU-7414,23ME314,Mechanical,6,75.9,7.22,7.27,stable,0,66.0,78.2,127,98.0,Ongoing,81.8,Eligible,0,0.193
STU-5407,23EE107,EEE,6,74.9,6.18,6.69,declining,4,63.8,74.2,111,66.3,Completed,44.3,In Process,1,0.884
STU-2468,22IT768,IT,8,88.8,9.05,8.88,improving,0,93.7,86.2,166,53.4,,81.1,Placed,0,0.081
STU-1434,23CS634,CSE,6,92.5,8.24,8.38,stable,0,72.4,82.6,122,37.9,Completed,87.7,Eligible,0,0.059
STU-2013,22CS313,CSE,8,99.0,8.0,7.62,improving,0,77.1,97.9,168,50.3,Completed,85.5,Placed,0,0.082
STU-2536,25IT836,IT,2,88.6,7.55,7.38,improving,0,73.4,90.6,42,74.7,,74.9,Not Eligible,0,0.062
STU-3772,23EC272,ECE,6,61.2,8.96,8.92,stable,0,85.7,72.5,128,73.4,Completed,94.3,Eligible,0,0.291
STU-4663,23EC263,ECE,6,81.4,8.79,8.11,improving,0,80.8,85.0,126,98.0,,93.4,Eligible,0,0.029
STU-1286,24CS486,CSE,4,85.7,7.72,8.48,declining,0,78.5,80.6,85,66.0,,98.0,Not Eligible,0,0.174
STU-7666,22CI566,Civil,7,82.8,6.65,5.92,improving,1,74.0,82.8,144,51.2,Completed,64.2,Placed,0,0.223
STU-7161,25ME961,Mechanical,2,99.0,7.31,7.68,declining,0,67.0,98.3,43,68.6,,55.3,Not Eligible,0,0.133
STU-1655,25CS855,CSE,1,81.0,7.12,7.37,declining,0,72.4,83.7,18,47.6,,63.6,Not Eligible,0,0.138
STU-7244,23ME144,Mechanical,6,89.6,7.7,7.86,declining,0,70.5,86.6,126,74.5,,76.0,Eligible,0,0.069
STU-0916,24CS116,CSE,4,89.5,6.89,7.11,declining,0,65.1,92.8,80,79.1,Ongoing,77.8,Not Eligible,0,0.121
STU-4507,22EC107,ECE,8,73.5,7.08,7.69,declining,0,77.5,74.8,164,93.1,Completed,68.2,Not Eligible,0,0.255
STU-5682,22EE382,EEE,8,86.3,6.44,5.92,improving,0,66.0,92.6,168,66.1,,55.0,Placed,0,0.101
STU-8214,22CI214,Civil,8,84.5,5.42,5.76,declining,1,47.7,79.2,160,48.2,,63.5,Placed,1,0.8
STU-4406,23EC906,ECE,5,88.8,8.11,8.41,declining,0,85.6,95.1,103,62.5,Ongoing,68.8,Eligible,0,0.196
STU-8056,22CI956,Civil,7,74.8,7.98,8.52,declining,0,79.5,79.6,147,67.0,,90.2,Not Eligible,0,0.157
STU-0576,22CS676,CSE,8,80.1,8.79,8.44,improving,0,80.7,75.1,164,32.9,Ongoing,93.1,Placed,0,0.057
STU-5126,24EC726,ECE,4,74.0,8.94,9.13,declining,0,90.0,70.0,84,13.7,,77.8,Not Eligible,0,0.233
STU-6868,25ME668,Mechanical,2,68.9,6.62,6.66,stable,0,59.9,78.9,44,67.5,Ongoing,75.6,Not Eligible,0,0.097
STU-1770,24CS970,CSE,4,90.3,9.02,9.09,stable,0,91.5,83.3,84,81.7,,93.3,Not Eligible,0,0.121
STU-1086,24CS286,CSE,4,95.9,8.51,9.04,declining,0,84.5,89.7,82,55.5,,91.0,Not Eligible,0,0.226
STU-0833,25CS933,CSE,2,93.6,8.14,7.52,improving,0,77.3,89.2,42,48.4,,70.6,Not Eligible,0,0.121
STU-7392,25ME292,Mechanical,1,72.2,7.89,8.07,declining,0,79.8,74.9,21,25.8,,82.4,Not Eligible,0,0.285
STU-0810,25CS910,CSE,1,82.5,8.87,9.16,declining,0,89.9,79.9,19,26.8,,95.7,Not Eligible,0,0.189
STU-6615,23ME415,Mechanical,5,89.6,8.82,9.16,declining,0,83.7,85.8,103,74.3,Completed,79.3,Eligible,0,0.159
STU-4211,25EC711,ECE,2,77.5,8.9,8.83,stable,0,82.5,83.4,43,88.9,,89.2,Not Eligible,0,0.079
STU-6345,23ME145,Mechanical,5,72.1,7.23,7.71,declining,0,79.6,72.6,103,66.3,,97.0,Eligible,0,0.269
STU-8155,23CI155,Civil,5,90.2,5.2,4.6,improving,0,55.1,90.1,105,98.0,,41.9,In Process,0,0.391
STU-4180,23EC680,ECE,5,85.6,7.24,7.17,stable,0,66.5,78.3,103,32.6,,52.4,Eligible,0,0.108
STU-0904,23CS104,CSE,5,80.8,8.91,8.96,stable,0,91.6,81.4,101,96.1,Ongoing,69.0,Eligible,0,0.058
STU-0007,25CS107,CSE,1,74.6,6.32,6.28,stable,1,58.8,73.7,19,76.0,,65.8,Not Eligible,0,0.331
STU-6013,24EE713,EEE,4,65.2,6.83,6.33,improving,0,55.0,67.3,85,58.2,,87.4,Not Eligible,0,0.276
STU-6680,25ME480,Mechanical,1,73.1,6.98,7.13,declining,1,68.8,70.4,18,71.4,,72.1,Not Eligible,0,0.231
STU-8273,22CI273,Civil,8,72.6,5.63,5.99,declining,0,55.8,77.9,170,66.1,,76.6,In Process,0,0.247
STU-4461,22EC961,ECE,7,79.6,7.46,7.18,improving,0,80.2,73.0,143,74.4,Completed,69.2,Placed,0,0.081
STU-1437,24CS637,CSE,3,75.9,8.04,8.14,stable,3,81.1,79.9,49,38.6,,91.7,Not Eligible,1,0.632
STU-0560,23CS660,CSE,5,90.5,8.35,8.17,improving,0,85.0,85.7,105,44.3,Ongoing,58.2,Eligible,0,0.094
STU-4482,24EC982,ECE,4,89.2,8.77,8.75,stable,0,86.5,73.6,82,59.8,,77.3,Not Eligible,0,0.091
STU-5358,24EE958,EEE,4,79.3,7.05,7.44,declining,0,67.6,69.9,86,61.7,,68.8,Not Eligible,0,0.123
STU-2744,22IT144,IT,8,73.6,7.11,6.89,improving,2,75.4,77.9,158,71.4,,69.1,Placed,0,0.294
STU-3032,25IT432,IT,2,91.0,9.95,10.0,stable,0,96.3,92.1,38,34.5,,98.0,Not Eligible,0,0.116
STU-0566,23CS666,CSE,5,77.8,7.57,7.95,declining,0,76.5,89.0,105,46.2,Completed,72.6,Eligible,0,0.106
STU-4798,24EC398,ECE,4,87.9,6.94,6.84,stable,0,69.3,77.7,80,82.0,Ongoing,52.1,Not Eligible,0,0.076
STU-7936,24CI836,Civil,3,78.2,8.91,8.7,improving,0,93.0,91.3,64,60.9,,68.1,Not Eligible,0,0.162
STU-2106,24CS406,CSE,3,63.9,8.11,8.13,stable,0,82.8,67.2,65,52.1,,70.5,Not Eligible,0,0.42
STU-6890,25ME690,Mechanical,2,75.3,6.77,6.61,improving,0,65.9,79.9,38,98.0,,87.4,Not Eligible,0,0.043
STU-7465,25ME365,Mechanical,2,83.1,6.31,6.26,stable,1,57.5,82.0,40,85.7,,79.7,Not Eligible,0,0.146
STU-1906,25CS206,CSE,2,82.8,7.48,7.59,stable,0,79.1,79.7,40,64.8,Ongoing,60.3,Not Eligible,0,0.075
STU-0293,22CS393,CSE,7,93.9,9.08,8.75,improving,0,91.1,85.7,145,78.8,Ongoing,94.5,Placed,0,0.108
STU-0132,25CS232,CSE,2,88.4,7.48,7.06,improving,0,81.5,81.6,44,79.4,,82.4,Not Eligible,0,0.175
STU-2368,25IT668,IT,1,87.8,7.54,7.04,improving,0,81.0,74.1,22,37.7,,80.5,Not Eligible,0,0.074
STU-7906,23CI806,Civil,5,75.5,6.16,6.06,stable,0,64.5,71.5,106,65.1,,73.1,In Process,0,0.145
STU-4261,25EC761,ECE,1,92.4,7.61,7.49,stable,0,70.1,84.4,19,40.0,,97.0,Not Eligible,0,0.179
STU-0499,22CS599,CSE,8,94.5,7.05,6.96,stable,0,62.6,99.8,168,48.0,,83.3,In Process,0,0.098
STU-6299,24EE999,EEE,4,82.5,6.56,7.1,declining,0,66.5,87.2,85,36.3,,64.6,Not Eligible,0,0.263
STU-1520,22CS720,CSE,8,82.5,7.48,7.81,declining,0,87.3,82.8,164,69.2,Ongoing,64.2,In Process,0,0.08
STU-4372,24EC872,ECE,4,84.9,7.15,7.72,declining,0,79.1,82.6,80,85.1,,83.0,Not Eligible,0,0.192
STU-0693,24CS793,CSE,4,91.8,8.71,8.88,declining,0,84.0,92.9,86,57.6,,66.7,Not Eligible,0,0.075
STU-6022,22EE722,EEE,8,80.9,7.95,8.03,stable,0,66.6,75.5,168,49.7,Completed,80.3,In Process,0,0.134
STU-0970,24CS170,CSE,4,86.6,7.39,7.25,stable,0,79.8,86.1,85,96.7,,79.6,Not Eligible,0,0.063
STU-3408,25IT808,IT,1,68.6,7.5,7.62,stable,0,67.2,63.6,18,63.7,,86.7,Not Eligible,0,0.263
STU-5897,23EE597,EEE,5,76.1,7.69,7.08,improving,0,74.9,74.9,105,58.7,,77.8,Eligible,0,0.11
STU-4642,25EC242,ECE,2,76.4,9.14,9.27,stable,0,90.6,77.8,38,28.1,,75.3,Not Eligible,0,0.104
STU-3828,23EC328,ECE,5,86.9,6.77,6.65,stable,0,74.3,76.3,107,47.4,Completed,72.9,Eligible,0,0.071
STU-0453,24CS553,CSE,4,88.6,7.84,7.51,improving,0,72.2,81.8,85,63.7,,71.2,Not Eligible,0,0.075
STU-3172,23IT572,IT,5,83.1,7.26,8.15,declining,0,70.3,83.8,103,64.1,,73.8,Eligible,0,0.457
STU-6590,22ME390,Mechanical,8,74.5,6.83,6.6,improving,0,68.3,75.6,170,57.6,,78.0,In Process,0,0.103
STU-3010,25IT410,IT,2,80.6,8.23,8.33,stable,0,85.9,79.4,42,42.2,,75.4,Not Eligible,0,0.131
STU-4117,25EC617,ECE,2,99.0,8.17,8.58,declining,0,89.2,100.0,44,55.6,,62.4,Not Eligible,0,0.125
STU-8100,24CI100,Civil,4,74.1,5.97,6.15,declining,0,58.5,72.4,84,30.2,,61.7,Not Eligible,0,0.224
STU-0757,23CS857,CSE,5,91.8,7.17,7.21,stable,0,68.4,93.3,103,25.8,Ongoing,84.3,Eligible,0,0.111
STU-5038,23EC638,ECE,5,75.3,8.52,8.44,stable,0,91.4,79.9,101,79.6,Ongoing,97.0,Eligible,0,0.077
STU-4424,25EC924,ECE,2,77.7,9.9,9.74,improving,0,99.0,77.6,40,59.9,,85.6,Not Eligible,0,0.176
STU-8174,24CI174,Civil,4,67.5,7.46,7.24,improving,0,85.2,68.9,82,98.0,,73.1,Not Eligible,0,0.249
STU-2169,23IT469,IT,6,98.4,7.31,7.11,improving,0,70.7,99.2,124,47.2,,61.5,Eligible,0,0.081
STU-5958,25EE658,EEE,1,76.2,8.3,7.77,improving,0,81.5,73.6,21,36.9,,87.9,Not Eligible,0,0.068
STU-4193,23EC693,ECE,6,69.9,7.72,7.94,declining,0,87.0,69.7,126,51.5,,73.1,Eligible,0,0.182
STU-4085,24EC585,ECE,3,82.2,9.05,9.08,stable,0,94.9,79.9,61,76.0,,87.8,Not Eligible,0,0.128
STU-2969,24IT369,IT,3,94.2,8.46,7.86,improving,0,76.0,90.2,59,26.9,,66.0,Not Eligible,0,0.148
STU-1561,24CS761,CSE,3,71.2,6.71,6.85,stable,2,70.3,74.3,56,69.6,,65.8,Not Eligible,0,0.469
STU-3213,23IT613,IT,5,78.6,8.07,8.11,stable,0,71.8,79.4,101,40.0,Completed,75.4,Eligible,0,0.132
STU-7550,24ME450,Mechanical,4,75.8,7.98,8.05,stable,0,70.3,70.4,82,26.5,,68.3,Not Eligible,0,0.136
STU-4701,25EC301,ECE,2,88.6,7.38,7.78,declining,0,79.2,86.2,42,70.5,,81.1,Not Eligible,0,0.176
STU-2138,23CS438,CSE,6,65.6,7.92,8.15,declining,0,75.7,69.8,127,67.2,Completed,77.2,Eligible,0,0.418
STU-2471,25IT771,IT,2,83.7,6.6,6.33,improving,0,68.5,81.8,42,81.2,,52.9,Not Eligible,0,0.079
STU-3671,25EC171,ECE,2,74.7,7.69,7.66,stable,0,72.6,78.9,40,55.3,,79.4,Not Eligible,0,0.052
STU-0290,23CS390,CSE,5,82.8,7.81,7.88,stable,0,79.2,66.6,107,59.9,Ongoing,83.6,Eligible,0,0.096
STU-3037,22IT437,IT,7,85.1,9.24,8.93,improving,0,96.6,76.9,149,63.9,Completed,78.8,Placed,0,0.084
STU-0661,24CS761,CSE,3,75.1,8.83,8.97,stable,0,90.7,70.0,61,82.3,,80.9,Not Eligible,0,0.156
STU-6999,25ME799,Mechanical,2,77.9,6.85,6.99,stable,1,65.4,76.7,40,48.3,,69.9,Not Eligible,0,0.268
STU-6347,25ME147,Mechanical,2,76.5,7.98,8.16,declining,0,92.4,74.0,38,73.5,,77.5,Not Eligible,0,0.187
STU-2929,23IT329,IT,6,86.8,6.3,6.16,stable,0,59.3,79.8,127,40.7,,67.7,In Process,0,0.105
STU-1763,25CS963,CSE,1,84.4,7.02,6.83,improving,0,79.1,77.1,19,84.1,,60.9,Not Eligible,0,0.129
STU-0776,25CS876,CSE,2,82.1,7.25,6.71,improving,0,75.8,81.0,42,61.3,,61.8,Not Eligible,0,0.035
STU-8127,24CI127,Civil,3,66.8,6.33,6.53,declining,1,68.5,67.5,60,77.0,,64.7,Not Eligible,0,0.467
STU-7221,24ME121,Mechanical,3,77.0,7.75,7.04,improving,0,81.4,71.1,59,37.1,,97.8,Not Eligible,0,0.124
STU-4537,24EC137,ECE,3,93.0,7.42,7.45,stable,0,71.9,86.3,65,77.3,,76.5,Not Eligible,0,0.145
STU-7497,25ME397,Mechanical,1,78.5,7.29,7.52,declining,0,70.6,70.7,19,76.4,,86.5,Not Eligible,0,0.091
STU-6565,24ME365,Mechanical,4,85.5,6.33,6.49,declining,0,56.8,78.8,82,44.0,,88.1,Not Eligible,0,0.195
STU-7769,25CI669,Civil,2,77.6,7.6,7.45,improving,0,77.8,67.3,40,73.2,,98.0,Not Eligible,0,0.063
STU-0210,25CS310,CSE,2,89.5,6.71,6.74,stable,0,59.2,88.6,43,91.8,Ongoing,75.9,Not Eligible,0,0.081
STU-5210,25EE810,EEE,2,72.9,8.26,8.6,declining,0,81.2,81.2,43,59.5,,98.0,Not Eligible,0,0.264
STU-6322,23ME122,Mechanical,6,80.4,8.3,9.0,declining,0,90.2,73.4,126,77.0,Completed,98.0,Eligible,0,0.233
STU-0570,24CS670,CSE,3,99.0,9.24,9.29,stable,0,89.1,97.5,59,97.9,,98.0,Not Eligible,0,0.143
STU-0842,23CS942,CSE,6,74.6,7.88,7.73,improving,0,85.1,85.5,124,66.9,Ongoing,93.5,Eligible,0,0.134
STU-4378,22EC878,ECE,7,76.9,8.55,8.98,declining,0,80.8,80.6,143,19.2,,91.7,Placed,0,0.166
STU-3282,25IT682,IT,2,82.1,8.35,7.99,improving,0,77.1,79.4,43,79.0,,90.8,Not Eligible,0,0.102
STU-6767,24ME567,Mechanical,4,73.6,7.39,7.37,stable,0,72.1,69.2,80,74.8,,77.0,Not Eligible,0,0.089
STU-1966,23CS266,CSE,5,88.8,8.42,8.77,declining,0,88.0,76.0,103,65.8,Completed,80.4,Eligible,0,0.144
STU-8217,23CI217,Civil,6,69.8,7.44,7.65,declining,0,76.8,62.9,126,71.0,Ongoing,79.3,Eligible,0,0.288
STU-5002,22EC602,ECE,7,75.1,7.11,6.93,improving,0,62.3,66.7,147,68.1,,75.6,In Process,0,0.091
STU-1386,24CS586,CSE,3,80.9,8.25,8.25,stable,0,93.7,77.2,64,53.1,,59.7,Not Eligible,0,0.093
STU-6621,24ME421,Mechanical,3,74.7,7.61,8.02,declining,0,71.7,64.9,61,47.0,,46.2,Not Eligible,0,0.183
STU-4964,25EC564,ECE,2,81.7,8.19,8.11,stable,0,76.8,74.3,38,42.3,,94.5,Not Eligible,0,0.045
STU-6111,24EE811,EEE,3,78.2,7.72,7.49,improving,0,75.4,83.4,65,78.1,,89.8,Not Eligible,0,0.065
STU-3903,24EC403,ECE,4,81.9,8.47,8.19,improving,0,85.5,83.6,85,57.8,,66.1,Not Eligible,0,0.105
STU-6026,24EE726,EEE,3,80.3,8.01,8.5,declining,1,84.2,74.6,60,17.4,,85.4,Not Eligible,0,0.32
STU-7575,22CI475,Civil,8,66.7,6.89,6.62,improving,1,68.4,58.9,160,88.7,,49.9,In Process,0,0.414
STU-0356,23CS456,CSE,6,93.8,7.47,6.92,improving,0,79.4,100.0,124,87.6,Completed,63.4,Eligible,0,0.085
STU-4700,22EC300,ECE,7,72.8,7.7,7.22,improving,0,80.9,83.6,143,37.6,,80.9,Placed,0,0.142
STU-3893,25EC393,ECE,1,69.7,7.76,7.36,improving,0,71.7,80.9,22,60.4,,52.1,Not Eligible,0,0.103
STU-5294,22EE894,EEE,8,77.8,7.31,7.38,stable,0,69.4,78.4,169,62.9,Completed,77.1,Placed,0,0.095
STU-6970,23ME770,Mechanical,5,63.0,6.01,5.64,improving,0,60.3,61.7,107,57.0,,58.5,In Process,0,0.429
STU-7299,23ME199,Mechanical,5,82.3,8.22,7.91,improving,0,84.1,78.2,107,75.9,Completed,91.0,Eligible,0,0.055
STU-5829,25EE529,EEE,1,87.3,6.64,6.45,improving,0,74.0,85.6,22,92.7,,60.4,Not Eligible,0,0.085
STU-3294,24IT694,IT,3,81.4,7.71,7.95,declining,0,73.9,70.5,65,47.2,,81.3,Not Eligible,0,0.051
STU-8151,22CI151,Civil,7,72.7,4.59,4.39,improving,0,45.0,75.1,147,87.7,Completed,47.3,Placed,0,0.433
STU-2755,25IT155,IT,1,91.6,7.69,7.16,improving,0,77.5,76.8,22,51.8,,66.9,Not Eligible,0,0.063
STU-1168,24CS368,CSE,4,87.1,6.93,6.99,stable,0,70.6,84.9,86,69.2,Ongoing,72.6,Not Eligible,0,0.175
STU-5309,25EE909,EEE,2,82.4,7.1,7.06,stable,0,71.4,72.3,43,79.2,,77.1,Not Eligible,0,0.04
STU-1668,22CS868,CSE,8,78.5,8.34,8.6,declining,0,79.3,71.6,166,23.3,Completed,72.9,Placed,0,0.377
STU-1112,25CS312,CSE,2,75.1,8.51,8.5,stable,2,78.0,83.7,30,9.6,,81.6,Not Eligible,1,0.524
STU-6443,24ME243,Mechanical,4,82.2,7.51,7.99,declining,0,74.6,74.9,80,41.2,,82.4,Not Eligible,0,0.163
STU-8165,25CI165,Civil,1,83.4,8.27,8.14,stable,0,78.4,90.3,22,70.6,,83.6,Not Eligible,0,0.045
STU-4824,23EC424,ECE,6,88.6,8.43,8.48,stable,0,84.3,82.8,127,47.1,Completed,87.9,Eligible,0,0.119
STU-7652,23CI552,Civil,6,77.4,7.28,7.03,improving,0,84.4,78.8,122,41.8,,57.2,Eligible,0,0.064
STU-3881,25EC381,ECE,2,71.5,8.78,8.99,declining,0,83.0,66.8,38,59.7,,86.8,Not Eligible,0,0.194
STU-4433,23EC933,ECE,6,80.1,7.47,7.67,declining,0,80.4,71.1,122,50.9,,57.0,Eligible,0,0.141
STU-2747,24IT147,IT,4,92.5,7.3,7.97,declining,0,62.7,91.4,84,66.4,,53.5,Not Eligible,0,0.273
STU-5519,22EE219,EEE,8,75.4,6.45,6.06,improving,2,69.2,78.5,156,70.4,Completed,66.2,Placed,0,0.386
STU-4503,22EC103,ECE,7,84.1,7.68,7.17,improving,0,75.1,92.8,148,98.0,Completed,90.8,Placed,0,0.083
STU-7046,24ME846,Mechanical,3,74.6,6.56,7.11,declining,0,71.9,82.7,59,77.6,,65.0,Not Eligible,0,0.189
STU-3664,23EC164,ECE,6,78.7,9.18,8.59,improving,0,89.4,79.0,122,62.1,,65.2,Eligible,0,0.058
STU-2721,24IT121,IT,3,79.7,6.39,6.22,improving,0,71.7,75.2,59,73.2,,57.6,Not Eligible,0,0.075
STU-7210,23ME110,Mechanical,6,92.8,5.85,5.88,stable,0,53.9,92.9,122,88.5,Completed,48.4,In Process,0,0.357
STU-2992,25IT392,IT,1,77.4,8.96,9.37,declining,0,98.4,82.4,23,28.1,,98.0,Not Eligible,0,0.121
STU-5341,22EE941,EEE,7,80.8,6.24,5.78,improving,0,69.0,72.8,148,60.8,,58.1,Not Eligible,0,0.122
STU-5650,23EE350,EEE,5,78.6,6.65,7.28,declining,1,67.6,75.7,99,72.0,,64.9,In Process,0,0.393
STU-3318,22IT718,IT,8,71.7,7.59,7.91,declining,0,75.9,73.0,168,26.5,,98.0,Placed,0,0.2
STU-6002,25EE702,EEE,1,81.2,7.65,7.26,improving,0,78.3,75.5,21,84.5,,82.0,Not Eligible,0,0.106
STU-6031,22EE731,EEE,7,91.8,6.95,7.02,stable,0,72.2,90.8,149,38.7,Completed,73.6,Placed,0,0.18
STU-7964,25CI864,Civil,2,85.6,6.51,6.86,declining,0,56.5,82.1,40,55.5,,57.3,Not Eligible,0,0.257
STU-3396,24IT796,IT,4,82.9,8.35,8.27,stable,0,89.6,92.1,86,83.3,,66.3,Not Eligible,0,0.063
STU-3780,22EC280,ECE,7,80.3,7.32,6.62,improving,0,70.6,75.6,148,83.5,Completed,66.1,In Process,0,0.058
STU-6487,23ME287,Mechanical,6,94.4,8.46,8.61,declining,0,75.4,87.1,122,22.3,Completed,98.0,Eligible,0,0.154
STU-0110,25CS210,CSE,1,82.0,7.4,7.51,stable,0,74.4,75.0,18,44.7,,50.5,Not Eligible,0,0.142
STU-1741,22CS941,CSE,7,75.9,8.55,8.58,stable,0,90.3,70.2,149,65.8,Completed,76.0,Placed,0,0.083
STU-6387,22ME187,Mechanical,8,75.6,6.27,6.13,stable,1,61.0,71.9,162,76.1,,66.0,Not Eligible,0,0.34
STU-5036,23EC636,ECE,5,77.8,5.55,5.89,declining,0,61.6,79.1,106,66.8,,70.1,In Process,0,0.386
STU-0529,25CS629,CSE,1,78.3,6.24,6.62,declining,1,62.8,83.0,19,52.6,,68.9,Not Eligible,0,0.315
STU-7574,24CI474,Civil,4,85.0,7.57,7.58,stable,0,73.0,77.8,80,46.2,,84.6,Not Eligible,0,0.164
STU-3212,22IT612,IT,8,93.2,8.11,8.1,stable,0,71.0,99.1,166,63.7,Completed,85.1,Placed,0,0.079
STU-2528,22IT828,IT,8,86.9,8.03,8.51,declining,0,76.2,83.4,168,56.9,Completed,88.0,Placed,0,0.189
STU-2697,25IT997,IT,1,71.3,8.01,7.97,stable,0,86.4,75.6,21,61.0,,73.7,Not Eligible,0,0.183
STU-7171,24ME971,Mechanical,3,90.6,7.18,7.38,declining,0,80.2,89.3,61,28.6,,81.6,Not Eligible,0,0.153
STU-3385,22IT785,IT,8,81.0,6.41,5.93,improving,1,58.4,72.2,162,48.6,Completed,58.0,Not Eligible,0,0.311
STU-2531,22IT831,IT,7,89.7,8.09,8.23,stable,0,77.9,84.1,148,60.5,Completed,57.8,Placed,0,0.173
STU-7774,23CI674,Civil,6,72.9,7.74,7.55,improving,0,83.3,72.1,124,71.7,,78.2,Eligible,0,0.091
STU-1560,22CS760,CSE,8,91.9,9.63,9.77,stable,0,96.4,83.9,168,65.4,Completed,98.0,Placed,0,0.118
STU-2284,22IT584,IT,8,86.7,8.8,8.94,stable,0,84.4,89.9,169,20.9,Completed,77.1,Placed,0,0.202
STU-6674,25ME474,Mechanical,1,71.5,6.84,6.29,improving,0,68.5,76.9,21,50.9,,69.9,Not Eligible,0,0.129
STU-5334,25EE934,EEE,1,77.1,9.83,9.98,declining,0,94.0,74.7,18,25.1,,98.0,Not Eligible,0,0.107
STU-3075,23IT475,IT,5,83.2,8.48,8.47,stable,0,81.0,76.3,103,84.6,Completed,75.4,Eligible,0,0.089
STU-2343,22IT643,IT,7,79.9,7.86,7.75,stable,0,74.0,69.6,148,98.0,Completed,73.9,Placed,0,0.089
STU-3539,23EC939,ECE,6,75.3,8.41,7.5,improving,0,87.3,75.9,122,66.1,Ongoing,89.6,Eligible,0,0.134
STU-0550,22CS650,CSE,7,84.8,8.52,7.61,improving,0,80.8,77.4,145,98.0,Completed,68.5,Placed,0,0.098
STU-7856,22CI756,Civil,7,75.2,6.52,6.03,improving,1,69.6,66.7,139,59.8,,65.8,In Process,0,0.239
STU-5593,25EE293,EEE,2,82.4,7.96,7.96,stable,0,91.8,85.1,40,52.6,,75.9,Not Eligible,0,0.057
STU-4367,22EC867,ECE,7,81.4,6.84,7.13,declining,0,74.8,83.7,149,34.8,,54.7,Not Eligible,0,0.111
STU-3062,24IT462,IT,4,79.3,8.87,8.99,stable,0,91.7,78.8,80,34.2,,98.0,Not Eligible,0,0.131
STU-1807,23CS107,CSE,6,82.8,8.25,8.43,declining,0,81.4,74.8,126,73.8,Ongoing,92.6,Eligible,0,0.137
STU-2378,22IT678,IT,7,80.9,7.68,7.35,improving,0,87.4,85.6,149,66.3,Completed,66.6,Not Eligible,0,0.11
STU-2684,24IT984,IT,3,90.8,7.53,7.27,improving,0,72.3,91.3,64,59.7,,71.3,Not Eligible,0,0.08
STU-7736,24CI636,Civil,3,82.0,6.55,6.48,stable,0,64.9,89.6,64,95.4,,64.1,Not Eligible,0,0.061
STU-4158,22EC658,ECE,8,93.9,8.75,8.7,stable,0,80.8,85.6,168,87.4,,74.9,Placed,0,0.075
STU-0231,22CS331,CSE,7,78.2,7.43,6.99,improving,0,66.1,69.7,147,79.1,Completed,89.6,In Process,0,0.078
STU-7314,25ME214,Mechanical,2,66.3,7.5,7.54,stable,0,79.5,75.8,42,88.4,,79.0,Not Eligible,0,0.18
STU-4707,24EC307,ECE,3,81.5,8.09,8.07,stable,0,76.5,82.1,61,48.3,,76.4,Not Eligible,0,0.142
STU-7944,24CI844,Civil,3,75.4,7.69,8.43,declining,0,74.2,76.8,61,34.7,Ongoing,98.0,Not Eligible,0,0.41
STU-7843,24CI743,Civil,4,72.8,7.02,6.67,improving,0,74.0,79.3,80,47.9,,69.4,Not Eligible,0,0.154
STU-8199,24CI199,Civil,4,69.8,7.6,7.97,declining,1,72.3,71.6,81,76.3,,53.9,Not Eligible,0,0.31
STU-2335,24IT635,IT,4,84.6,8.06,7.47,improving,0,93.2,72.0,86,23.5,,79.6,Not Eligible,0,0.174
STU-3574,24EC974,ECE,4,88.9,7.94,8.64,declining,0,80.8,92.4,85,65.6,,77.1,Not Eligible,0,0.235
STU-1036,23CS236,CSE,6,74.9,7.91,7.89,stable,0,78.1,78.2,124,44.6,Completed,70.8,Eligible,0,0.104
STU-4149,23EC649,ECE,5,83.0,8.59,9.45,declining,0,85.9,82.9,101,66.5,Completed,67.1,Eligible,0,0.247
STU-0088,23CS188,CSE,5,77.3,9.11,9.16,stable,0,90.3,81.5,103,32.3,,98.0,Eligible,0,0.141
STU-3439,22IT839,IT,7,76.5,8.1,7.82,improving,0,77.9,82.7,149,69.5,,78.4,Not Eligible,0,0.092
STU-1739,24CS939,CSE,3,83.3,9.8,10.0,declining,0,95.9,78.5,64,55.7,,98.0,Not Eligible,0,0.173
STU-4103,25EC603,ECE,1,80.5,7.68,7.62,stable,0,73.0,76.7,23,39.7,,55.8,Not Eligible,0,0.114
STU-7907,23CI807,Civil,5,77.9,7.96,7.83,stable,0,82.6,81.5,106,59.0,,93.9,Eligible,0,0.089
STU-4576,23EC176,ECE,6,84.9,7.48,7.23,improving,0,67.7,89.4,122,71.1,Ongoing,77.6,Eligible,0,0.076
STU-7798,23CI698,Civil,6,74.0,7.06,6.7,improving,2,69.5,75.1,116,87.0,Ongoing,53.9,In Process,0,0.319
STU-7436,22ME336,Mechanical,8,81.6,5.49,5.31,improving,0,67.3,87.9,168,68.7,,53.0,In Process,0,0.303
STU-0074,22CS174,CSE,7,92.8,9.68,9.94,declining,0,84.3,86.5,149,71.6,Completed,98.0,Placed,0,0.112
STU-1411,25CS611,CSE,2,94.1,9.61,9.86,declining,0,99.0,100.0,38,53.5,,98.0,Not Eligible,0,0.101
STU-6240,23EE940,EEE,6,68.2,7.49,7.92,declining,0,75.9,73.2,128,70.6,,69.5,Eligible,0,0.206
STU-6104,23EE804,EEE,6,81.9,6.78,6.47,improving,0,70.1,90.5,126,34.5,,50.8,Eligible,0,0.113
STU-7921,23CI821,Civil,6,85.9,7.59,7.39,improving,0,76.1,65.4,126,53.1,,54.3,Eligible,0,0.158
STU-4640,22EC240,ECE,7,80.5,8.38,8.13,improving,0,83.5,87.3,143,66.0,Ongoing,58.8,Placed,0,0.059
STU-4438,25EC938,ECE,2,92.8,7.28,7.18,stable,0,72.0,94.3,40,98.0,,58.1,Not Eligible,0,0.062
STU-1180,23CS380,CSE,5,73.3,7.87,7.98,stable,0,74.7,77.7,103,43.9,,80.9,Eligible,0,0.191
STU-6292,25EE992,EEE,1,73.4,7.25,7.54,declining,0,71.6,61.5,21,67.5,Ongoing,72.0,Not Eligible,0,0.176
STU-2449,23IT749,IT,6,89.1,7.38,7.52,stable,0,68.2,77.2,126,46.3,,79.3,Eligible,0,0.057
STU-5717,23EE417,EEE,6,83.5,7.96,8.42,declining,0,90.4,85.3,128,65.7,Ongoing,85.8,Eligible,0,0.165
STU-5940,25EE640,EEE,2,72.8,6.48,6.54,stable,0,63.7,64.2,42,49.8,Ongoing,73.7,Not Eligible,0,0.178
STU-8394,25CI394,Civil,1,71.4,5.55,5.67,stable,2,55.3,69.6,18,28.5,,57.0,Not Eligible,1,0.846
STU-6761,23ME561,Mechanical,5,80.7,7.4,7.06,improving,0,71.1,84.1,101,47.9,,64.0,Eligible,0,0.104
STU-1443,23CS643,CSE,6,86.1,8.01,7.77,improving,0,78.4,77.6,124,43.1,Completed,92.0,Eligible,0,0.12
STU-7443,22ME343,Mechanical,8,76.1,8.35,8.54,declining,0,77.8,79.0,169,83.9,Ongoing,98.0,Placed,0,0.24
STU-1236,24CS436,CSE,3,94.9,6.31,6.36,stable,0,64.3,100.0,64,49.8,,55.2,Not Eligible,0,0.095
STU-5848,25EE548,EEE,1,72.0,7.54,7.43,stable,0,82.4,77.4,22,40.7,,57.9,Not Eligible,0,0.175
STU-0488,24CS588,CSE,3,92.6,8.33,8.24,stable,0,86.0,89.0,63,29.6,,71.2,Not Eligible,0,0.062
STU-0241,22CS341,CSE,8,88.8,7.9,7.91,stable,0,70.4,92.5,166,54.3,Completed,95.2,Placed,0,0.1
STU-6112,24EE812,EEE,4,82.4,6.56,6.36,improving,1,63.2,90.9,76,13.9,,69.0,Not Eligible,0,0.212
STU-3904,24EC404,ECE,4,76.5,7.87,7.99,stable,0,85.3,72.1,84,52.1,,66.2,Not Eligible,0,0.089
STU-3070,25IT470,IT,2,97.1,8.8,9.35,declining,0,86.5,93.5,38,35.2,,78.3,Not Eligible,0,0.247
STU-1442,25CS642,CSE,1,94.5,8.62,8.36,improving,0,78.8,93.6,19,50.6,,96.1,Not Eligible,0,0.034
STU-6606,25ME406,Mechanical,2,84.8,8.51,8.36,improving,0,78.7,76.3,38,81.7,,98.0,Not Eligible,0,0.107
STU-1913,22CS213,CSE,8,78.3,8.31,8.5,declining,0,85.9,69.2,169,68.8,Completed,75.0,Placed,0,0.107
STU-1583,23CS783,CSE,5,89.6,8.28,9.07,declining,0,80.0,90.0,103,60.9,Ongoing,79.5,Eligible,0,0.249
STU-2542,24IT842,IT,4,92.4,8.02,7.69,improving,1,75.7,96.9,82,42.3,,61.3,Not Eligible,0,0.176
STU-5175,24EC775,ECE,4,74.6,8.38,7.23,improving,0,78.4,72.9,82,47.5,,78.0,Not Eligible,0,0.134
STU-7437,25ME337,Mechanical,1,76.4,8.71,8.97,declining,0,77.5,81.4,18,62.5,,83.5,Not Eligible,0,0.152
STU-6994,24ME794,Mechanical,3,82.6,7.78,8.03,declining,0,74.3,73.0,64,67.0,,71.5,Not Eligible,0,0.077
STU-7152,23ME952,Mechanical,6,78.9,7.57,7.67,stable,0,71.8,77.4,122,48.4,Completed,54.5,Eligible,0,0.113
STU-7782,25CI682,Civil,2,73.1,7.3,7.39,stable,0,74.6,73.0,43,33.8,,70.5,Not Eligible,0,0.132
STU-0974,25CS174,CSE,2,91.1,7.71,7.98,declining,0,76.5,85.5,38,72.3,,74.6,Not Eligible,0,0.099
STU-3846,22EC346,ECE,8,79.5,8.73,8.07,improving,0,96.3,74.2,170,62.4,,72.6,Placed,0,0.102
STU-6985,24ME785,Mechanical,4,82.8,8.8,8.54,improving,0,84.6,77.6,85,98.0,,67.4,Not Eligible,0,0.107
STU-4730,25EC330,ECE,1,80.7,6.98,7.25,declining,0,71.5,85.7,22,56.0,,64.9,Not Eligible,0,0.19
STU-8373,22CI373,Civil,8,83.0,7.62,7.53,stable,0,70.1,76.4,170,68.5,,58.4,Placed,0,0.127
STU-0605,25CS705,CSE,1,88.6,8.49,8.35,stable,0,75.9,88.6,18,60.2,,81.3,Not Eligible,0,0.073
STU-2716,25IT116,IT,2,80.3,7.2,7.69,declining,0,70.9,88.4,40,51.5,Ongoing,68.6,Not Eligible,0,0.212
STU-0948,22CS148,CSE,8,88.0,7.11,7.13,stable,0,65.9,83.3,168,50.2,Completed,94.9,In Process,0,0.045
STU-4840,23EC440,ECE,6,99.0,7.12,7.24,stable,0,66.4,100.0,128,95.7,,80.3,Eligible,0,0.139
STU-4099,23EC599,ECE,6,93.8,6.97,6.91,stable,0,71.0,92.9,126,39.2,Completed,59.5,Eligible,0,0.077
STU-3356,24IT756,IT,3,81.1,8.13,8.5,declining,0,86.1,80.3,63,53.7,,78.4,Not Eligible,0,0.151
STU-4584,25EC184,ECE,2,63.4,7.78,7.38,improving,2,81.7,65.7,32,58.8,Ongoing,61.0,Not Eligible,1,0.619
STU-8184,22CI184,Civil,7,61.7,5.67,5.71,stable,2,59.7,69.8,139,96.3,,44.1,Not Eligible,1,0.953
STU-7132,23ME932,Mechanical,5,88.5,6.69,6.71,stable,0,60.8,82.5,106,63.1,,73.2,Eligible,0,0.037
STU-4768,23EC368,ECE,5,83.0,7.72,7.75,stable,0,76.7,77.8,101,50.8,,78.4,Eligible,0,0.077
STU-5105,24EC705,ECE,4,90.6,7.25,6.72,improving,0,75.7,91.0,80,83.6,,53.5,Not Eligible,0,0.088
STU-5725,25EE425,EEE,2,89.7,7.75,7.55,improving,0,73.6,88.7,44,66.2,,65.9,Not Eligible,0,0.062
STU-3667,22EC167,ECE,8,68.0,7.68,8.39,declining,0,80.6,70.9,168,67.2,Ongoing,78.6,Placed,0,0.356
STU-8069,22CI969,Civil,8,73.0,6.39,5.99,improving,0,64.2,72.8,166,11.7,,84.8,In Process,0,0.177
STU-1575,25CS775,CSE,2,74.4,7.76,7.11,improving,0,82.2,74.5,42,82.6,,81.3,Not Eligible,0,0.133
STU-4403,23EC903,ECE,6,83.9,8.01,8.25,declining,0,75.5,78.8,127,94.7,Ongoing,70.6,Eligible,0,0.154
STU-1401,25CS601,CSE,2,93.0,7.65,7.62,stable,0,82.7,83.4,42,98.0,,68.2,Not Eligible,0,0.081
STU-4474,25EC974,ECE,2,75.9,7.48,8.01,declining,1,81.0,70.7,39,50.4,,88.2,Not Eligible,0,0.287
STU-4810,24EC410,ECE,4,68.5,7.87,7.99,stable,0,78.8,71.8,84,40.5,,65.1,Not Eligible,0,0.148
STU-4775,25EC375,ECE,1,74.6,7.18,7.45,declining,0,84.1,75.7,18,60.0,,53.3,Not Eligible,0,0.168
STU-3175,25IT575,IT,2,74.0,8.58,8.53,stable,0,90.5,73.2,43,7.7,,85.6,Not Eligible,0,0.098
STU-3059,24IT459,IT,4,82.1,8.24,8.1,stable,0,77.9,80.3,84,58.4,,98.0,Not Eligible,0,0.216
STU-2358,24IT658,IT,4,76.6,7.36,7.12,improving,0,79.6,75.8,85,29.9,,69.9,Not Eligible,0,0.142
STU-2315,24IT615,IT,4,78.8,8.13,8.44,declining,0,81.8,82.2,80,42.1,,87.6,Not Eligible,0,0.365
STU-5917,23EE617,EEE,6,80.2,8.74,8.82,stable,0,85.1,82.4,127,79.7,Completed,98.0,Eligible,0,0.141
STU-0542,23CS642,CSE,5,88.7,8.14,8.41,declining,0,84.0,77.1,106,67.0,Ongoing,68.6,Eligible,0,0.122
STU-3550,23EC950,ECE,5,99.0,7.4,7.17,improving,0,67.1,100.0,105,47.4,Completed,57.6,Eligible,0,0.087
STU-6169,23EE869,EEE,6,70.0,8.07,8.21,stable,1,81.8,78.3,118,61.5,Completed,83.6,In Process,0,0.348
STU-4324,24EC824,ECE,4,80.6,6.96,6.72,improving,0,66.0,90.3,80,41.5,,55.8,Not Eligible,0,0.117
STU-4767,23EC367,ECE,5,68.4,8.19,8.05,stable,0,84.5,74.1,106,44.2,Completed,86.1,Eligible,0,0.258
STU-2393,23IT693,IT,5,82.1,7.92,8.04,stable,0,74.5,73.0,103,77.1,Completed,59.9,Eligible,0,0.127
STU-1085,22CS285,CSE,8,92.7,8.47,7.72,improving,0,86.5,96.9,170,78.4,Completed,73.1,Placed,0,0.058
STU-1005,22CS205,CSE,7,88.8,7.12,7.23,stable,0,73.1,78.8,145,92.6,Ongoing,86.8,In Process,0,0.11
STU-6579,24ME379,Mechanical,4,85.0,7.13,6.66,improving,0,84.3,84.4,84,66.6,,71.6,Not Eligible,0,0.057
STU-3805,25EC305,ECE,2,99.0,8.34,8.07,improving,0,89.5,93.7,43,39.0,,95.8,Not Eligible,0,0.137
STU-1499,24CS699,CSE,3,95.4,7.24,7.36,stable,0,75.6,96.0,65,50.7,,75.0,Not Eligible,0,0.123
STU-7170,25ME970,Mechanical,2,87.2,8.07,7.68,improving,0,86.4,85.4,44,98.0,,63.7,Not Eligible,0,0.073
STU-1896,23CS196,CSE,6,70.3,6.79,6.49,improving,0,65.4,59.6,128,62.1,Completed,67.9,Eligible,0,0.215
STU-6974,24ME774,Mechanical,3,81.8,7.29,7.08,improving,0,76.6,83.8,65,29.7,,86.3,Not Eligible,0,0.084
STU-3107,24IT507,IT,3,86.4,7.67,7.47,improving,0,73.7,86.1,61,52.0,,86.5,Not Eligible,0,0.091
STU-3749,22EC249,ECE,7,87.2,7.27,7.27,stable,0,73.1,86.3,149,38.7,,80.6,Not Eligible,0,0.073
STU-7612,24CI512,Civil,3,74.2,5.57,5.37,improving,2,49.7,75.4,55,66.6,,70.9,Not Eligible,1,0.649
STU-5342,25EE942,EEE,2,70.9,7.83,7.73,stable,0,81.0,75.9,42,66.3,,67.2,Not Eligible,0,0.155
STU-1624,22CS824,CSE,8,74.9,8.59,8.63,stable,0,93.1,73.6,170,49.8,Completed,82.7,Placed,0,0.042
STU-0321,23CS421,CSE,5,82.6,9.08,8.55,improving,0,87.8,77.6,106,75.6,Completed,98.0,Eligible,0,0.103
STU-7273,22ME173,Mechanical,8,71.7,8.12,8.81,declining,0,82.5,74.3,168,85.9,,58.3,Placed,0,0.302
STU-4546,25EC146,ECE,1,79.2,6.49,6.69,declining,1,61.6,90.2,18,51.7,Ongoing,50.6,Not Eligible,0,0.239
STU-2413,22IT713,IT,7,69.0,7.64,7.53,stable,0,78.6,70.3,143,51.9,,52.2,Placed,0,0.129
STU-3465,24IT865,IT,3,91.2,7.61,7.39,improving,0,72.3,86.3,59,42.3,,66.6,Not Eligible,0,0.106
STU-2504,24IT804,IT,4,92.0,9.01,8.76,improving,0,86.7,88.8,85,73.5,,62.4,Not Eligible,0,0.058
STU-0506,25CS606,CSE,2,73.4,8.33,8.33,stable,0,94.3,80.2,38,77.4,,92.0,Not Eligible,0,0.271
STU-0797,22CS897,CSE,8,89.1,8.06,7.97,stable,0,78.7,81.1,164,55.5,Completed,75.0,Placed,0,0.2
STU-3620,24EC120,ECE,3,67.5,5.8,5.89,stable,1,57.8,68.4,60,81.3,,47.5,Not Eligible,1,0.514
STU-8244,25CI244,Civil,1,70.1,7.53,8.2,declining,0,76.8,60.4,19,76.2,,62.0,Not Eligible,0,0.304
STU-5154,24EC754,ECE,4,90.8,6.44,6.84,declining,0,64.6,81.6,85,65.8,,68.1,Not Eligible,0,0.136
STU-1540,23CS740,CSE,5,80.5,6.52,5.88,improving,0,63.4,84.8,105,91.4,Completed,41.3,Eligible,0,0.081
STU-0879,25CS979,CSE,1,91.3,7.77,8.22,declining,0,74.8,82.4,19,98.0,,76.4,Not Eligible,0,0.185
STU-0118,25CS218,CSE,2,77.7,8.29,7.95,improving,0,89.5,78.7,40,57.6,,75.2,Not Eligible,0,0.09
STU-3206,25IT606,IT,2,87.2,8.71,8.8,stable,0,83.0,82.2,42,86.2,,78.3,Not Eligible,0,0.088
STU-5469,22EE169,EEE,8,68.5,8.42,8.1,improving,0,86.6,63.5,164,34.5,,93.8,Placed,0,0.259
STU-0593,25CS693,CSE,2,85.8,7.96,7.91,stable,0,80.9,81.9,42,75.1,,56.0,Not Eligible,0,0.134
STU-7698,25CI598,Civil,1,73.8,7.34,7.32,stable,0,78.6,64.1,22,59.6,,88.8,Not Eligible,0,0.202
STU-6124,25EE824,EEE,2,60.7,7.09,6.91,improving,0,71.4,69.3,38,98.0,,67.1,Not Eligible,0,0.491
STU-6879,22ME679,Mechanical,7,75.7,7.25,6.99,improving,0,74.2,71.5,148,47.1,,60.7,In Process,0,0.07
STU-5440,22EE140,EEE,8,81.6,6.38,6.21,improving,0,54.0,80.3,166,72.0,,73.8,Placed,0,0.094
STU-7617,23CI517,Civil,5,82.7,7.01,7.23,declining,0,72.5,83.5,101,55.6,,76.8,Eligible,0,0.128
STU-6007,25EE707,EEE,2,91.3,7.0,7.11,stable,0,73.5,92.5,38,82.8,,65.9,Not Eligible,0,0.078
STU-0734,23CS834,CSE,5,80.1,9.0,8.71,improving,0,87.6,73.7,101,45.5,Ongoing,91.6,Eligible,0,0.069
STU-0025,24CS125,CSE,4,81.3,8.46,8.71,declining,0,79.5,74.5,80,36.0,,84.7,Not Eligible,0,0.123
STU-1743,22CS943,CSE,7,74.5,9.95,10.0,stable,0,99.0,79.4,145,97.4,Completed,84.5,Not Eligible,0,0.101
STU-0891,23CS991,CSE,6,78.1,6.95,7.43,declining,1,71.2,87.5,120,59.1,,66.7,In Process,0,0.264
STU-4643,25EC243,ECE,2,89.7,8.01,7.64,improving,0,77.5,85.3,40,66.4,Ongoing,98.0,Not Eligible,0,0.061
STU-0940,23CS140,CSE,5,92.5,6.21,6.48,declining,0,60.6,99.2,107,50.5,,33.1,In Process,0,0.139
STU-6601,22ME401,Mechanical,7,73.4,6.54,6.48,stable,0,55.6,72.3,147,63.0,,60.3,Placed,0,0.145
STU-5138,24EC738,ECE,4,65.7,8.08,8.68,declining,0,88.1,79.3,86,57.0,,62.6,Not Eligible,1,0.531
STU-0342,24CS442,CSE,4,87.4,7.37,7.39,stable,0,78.6,85.9,86,53.8,,78.1,Not Eligible,0,0.074
STU-1115,23CS315,CSE,5,80.4,7.95,7.57,improving,0,80.2,84.9,105,33.0,Completed,62.4,Eligible,0,0.133
STU-4442,25EC942,ECE,1,86.0,7.97,7.43,improving,0,86.4,85.4,19,84.1,,79.4,Not Eligible,0,0.063
STU-3127,25IT527,IT,1,99.0,9.11,9.26,declining,0,85.8,94.4,23,39.7,,78.6,Not Eligible,0,0.103
STU-2093,25CS393,CSE,2,66.0,9.33,9.86,declining,1,91.3,60.4,39,47.2,,89.4,Not Eligible,1,0.734
STU-3584,25EC984,ECE,1,82.4,7.91,7.46,improving,0,81.8,87.5,23,50.4,,74.3,Not Eligible,0,0.055
STU-6312,23EE112,EEE,5,76.1,5.78,5.86,stable,0,63.1,77.9,101,51.8,Ongoing,78.2,In Process,0,0.183
STU-0812,22CS912,CSE,7,88.6,8.15,7.93,improving,0,79.2,86.7,143,22.0,Completed,66.7,Placed,0,0.212
STU-6206,24EE906,EEE,3,83.5,8.09,7.72,improving,0,83.8,77.0,59,26.8,,79.8,Not Eligible,0,0.085
STU-0954,22CS154,CSE,8,85.4,9.2,9.2,stable,0,98.5,76.8,168,60.4,Completed,96.3,Placed,0,0.076
STU-4846,24EC446,ECE,3,76.9,9.32,9.52,declining,0,94.7,81.2,65,44.7,,98.0,Not Eligible,0,0.145
STU-2205,24IT505,IT,3,99.0,8.56,8.2,improving,0,85.3,88.8,65,30.6,,90.2,Not Eligible,0,0.136
STU-7522,22ME422,Mechanical,8,76.1,5.88,5.83,stable,0,57.6,77.7,166,79.5,,45.8,In Process,0,0.146
STU-1769,24CS969,CSE,3,84.9,6.61,6.84,declining,0,57.2,88.5,61,57.7,,49.1,Not Eligible,0,0.194
STU-7478,24ME378,Mechanical,3,85.9,6.42,5.97,improving,0,68.6,93.8,65,28.5,,68.0,Not Eligible,0,0.138
STU-5896,24EE596,EEE,3,83.0,7.35,7.38,stable,0,71.8,83.2,64,77.7,Ongoing,67.8,Not Eligible,0,0.107
STU-3169,25IT569,IT,1,83.8,9.95,10.0,stable,0,99.0,84.9,19,67.0,,98.0,Not Eligible,0,0.131
STU-6525,24ME325,Mechanical,4,79.9,7.66,6.85,improving,0,77.8,72.5,86,46.9,,84.3,Not Eligible,0,0.054
STU-7097,24ME897,Mechanical,3,75.2,8.45,8.42,stable,0,79.7,87.9,64,77.9,,58.5,Not Eligible,0,0.135
STU-3149,22IT549,IT,8,79.5,6.93,6.35,improving,0,73.0,80.2,170,66.7,Completed,71.8,In Process,0,0.091
STU-4682,23EC282,ECE,5,75.2,8.95,8.82,stable,0,93.4,65.2,105,54.2,,92.5,Eligible,0,0.118
STU-1190,23CS390,CSE,6,98.0,7.19,7.82,declining,0,75.0,91.0,124,69.8,Completed,65.0,Eligible,0,0.204
STU-0643,25CS743,CSE,2,81.8,8.67,8.54,stable,0,83.1,82.9,43,70.6,,76.9,Not Eligible,0,0.062
STU-6381,24ME181,Mechanical,4,79.9,8.03,7.71,improving,0,77.3,81.5,86,56.8,,56.8,Not Eligible,0,0.075
STU-5736,24EE436,EEE,4,80.5,7.64,7.2,improving,0,74.2,73.9,82,46.5,,55.7,Not Eligible,0,0.042
STU-3870,22EC370,ECE,7,82.0,7.92,8.57,declining,0,74.2,85.4,149,78.6,Completed,78.6,Placed,0,0.183
STU-5264,25EE864,EEE,2,84.1,7.0,7.48,declining,0,61.2,76.8,44,33.8,,80.2,Not Eligible,0,0.177
STU-2828,23IT228,IT,6,73.0,7.46,7.38,stable,0,72.5,76.2,126,80.5,Completed,79.7,Eligible,0,0.111
STU-7164,23ME964,Mechanical,5,77.4,6.67,6.36,improving,0,62.9,79.8,106,72.3,Ongoing,65.0,Eligible,0,0.189
STU-4685,23EC285,ECE,5,87.8,7.97,7.3,improving,0,72.4,94.0,105,55.2,Completed,89.1,Eligible,0,0.096
STU-4026,22EC526,ECE,7,74.8,8.16,8.13,stable,0,84.3,82.1,148,49.7,Completed,77.0,Placed,0,0.096
STU-2213,24IT513,IT,4,76.6,8.55,8.94,declining,0,83.0,67.5,85,48.2,,81.6,Not Eligible,0,0.082
STU-2036,24CS336,CSE,3,83.6,8.83,8.57,improving,0,75.4,85.4,59,60.3,,93.4,Not Eligible,0,0.077
STU-4373,23EC873,ECE,6,83.5,7.74,7.98,declining,0,73.2,90.2,127,74.9,Completed,78.7,Eligible,0,0.103
STU-6827,22ME627,Mechanical,7,75.6,8.45,8.38,stable,0,82.6,75.2,149,55.2,Completed,58.2,Placed,0,0.164
STU-7359,25ME259,Mechanical,2,74.1,7.86,8.01,declining,1,82.3,92.3,39,40.9,,85.3,Not Eligible,0,0.226
STU-3218,24IT618,IT,4,95.6,8.2,8.62,declining,0,77.6,93.1,84,58.1,,68.1,Not Eligible,0,0.15
STU-6877,22ME677,Mechanical,8,81.6,6.27,6.63,declining,0,54.0,78.1,169,90.7,,85.0,Not Eligible,0,0.194
STU-6892,25ME692,Mechanical,1,91.7,7.65,8.18,declining,0,77.3,90.5,18,79.4,,71.6,Not Eligible,0,0.168
STU-4276,24EC776,ECE,3,79.0,7.19,7.49,declining,0,67.5,78.6,65,98.0,,76.0,Not Eligible,0,0.126
STU-3159,25IT559,IT,1,83.2,8.55,8.52,stable,0,88.5,87.7,22,43.0,,77.5,Not Eligible,0,0.089
STU-5524,25EE224,EEE,1,99.0,5.86,6.39,declining,0,58.7,100.0,18,86.3,Ongoing,57.8,Not Eligible,0,0.229
STU-6335,25ME135,Mechanical,2,87.4,7.92,7.74,improving,0,68.5,86.6,42,74.7,,61.4,Not Eligible,0,0.155
STU-7933,25CI833,Civil,1,78.9,7.51,7.77,declining,0,78.2,94.7,19,87.9,,81.6,Not Eligible,0,0.067
STU-6020,24EE720,EEE,3,66.7,7.88,8.3,declining,0,74.9,74.8,61,50.2,,54.9,Not Eligible,0,0.365
STU-0868,25CS968,CSE,2,80.7,7.85,7.23,improving,0,81.3,80.5,38,91.9,,75.6,Not Eligible,0,0.043
STU-8288,23CI288,Civil,6,79.6,8.12,7.76,improving,0,64.7,84.1,122,57.3,,75.0,Eligible,0,0.081
STU-8360,25CI360,Civil,1,80.2,7.56,7.33,improving,0,74.3,75.6,23,52.6,,41.9,Not Eligible,0,0.046
STU-6102,25EE802,EEE,2,68.1,7.98,8.06,stable,0,88.3,67.8,44,85.9,,73.9,Not Eligible,0,0.147
STU-5307,25EE907,EEE,1,77.1,7.74,8.3,declining,0,79.1,79.1,18,60.3,,77.7,Not Eligible,0,0.186
STU-5960,22EE660,EEE,8,75.4,6.87,6.85,stable,0,68.5,73.7,169,87.4,Completed,79.2,Not Eligible,0,0.076
STU-5240,25EE840,EEE,1,95.1,6.9,7.13,declining,0,69.8,92.1,22,71.6,,69.1,Not Eligible,0,0.098
STU-5442,25EE142,EEE,1,97.7,8.22,8.46,declining,0,73.5,95.4,18,29.9,,70.2,Not Eligible,0,0.169
STU-1207,23CS407,CSE,6,69.9,7.18,7.13,stable,1,70.2,73.7,123,58.8,Completed,71.5,In Process,0,0.288
STU-6270,24EE970,EEE,4,70.8,6.8,6.39,improving,1,84.3,84.3,81,67.0,,73.3,Not Eligible,0,0.286
STU-0137,24CS237,CSE,4,91.9,7.98,7.88,stable,0,81.6,95.5,82,55.0,,75.2,Not Eligible,0,0.095
STU-3557,24EC957,ECE,4,81.0,7.4,7.36,stable,0,80.9,74.0,84,70.3,,74.6,Not Eligible,0,0.074
STU-5580,23EE280,EEE,5,83.6,6.59,6.43,improving,0,64.7,75.4,101,17.8,,63.3,Eligible,0,0.098
STU-8051,25CI951,Civil,2,77.4,5.53,5.23,improving,0,53.6,76.0,44,84.0,,47.1,Not Eligible,0,0.286
STU-6772,24ME572,Mechanical,4,88.4,6.21,5.81,improving,0,62.7,100.0,80,83.0,,58.5,Not Eligible,0,0.072
STU-7036,23ME836,Mechanical,6,88.0,7.87,7.93,stable,0,79.3,84.1,126,27.1,Ongoing,86.5,Eligible,0,0.203
STU-2650,22IT950,IT,7,82.4,9.05,8.83,improving,0,93.9,75.8,149,33.4,,87.3,Placed,0,0.099
STU-4108,25EC608,ECE,2,73.2,8.06,7.87,improving,1,85.2,69.9,34,47.9,,74.9,Not Eligible,0,0.451
STU-6957,23ME757,Mechanical,5,80.0,6.52,6.17,improving,0,63.9,79.5,105,82.0,Completed,59.2,Eligible,0,0.052
STU-5909,24EE609,EEE,4,84.9,7.17,6.96,improving,2,72.3,90.9,76,32.5,,61.4,Not Eligible,0,0.32
STU-4843,24EC443,ECE,3,89.9,9.06,9.23,declining,0,85.0,93.6,63,14.0,Ongoing,83.0,Not Eligible,0,0.154
STU-1669,25CS869,CSE,1,68.5,9.06,8.91,improving,0,90.4,73.8,19,36.0,,65.3,Not Eligible,0,0.241
STU-0843,25CS943,CSE,2,68.1,8.79,8.46,improving,0,81.8,68.0,38,94.1,Ongoing,77.6,Not Eligible,0,0.214
STU-1890,22CS190,CSE,8,72.3,8.39,7.94,improving,0,81.8,72.9,169,66.4,,76.8,Placed,0,0.047
STU-2162,22IT462,IT,7,68.3,7.88,8.15,declining,1,72.6,59.2,143,37.8,Ongoing,72.5,In Process,0,0.345
STU-5077,23EC677,ECE,5,86.1,6.86,7.41,declining,0,65.3,85.8,103,54.4,,78.2,Eligible,0,0.155
STU-7505,24ME405,Mechanical,3,79.5,6.28,6.26,stable,0,62.2,89.6,64,64.8,,61.0,Not Eligible,0,0.174
STU-8070,25CI970,Civil,2,61.8,6.16,5.5,improving,0,60.7,69.8,44,75.0,,62.1,Not Eligible,0,0.498
STU-7949,25CI849,Civil,1,67.8,6.06,6.16,stable,0,64.7,66.5,18,38.0,,43.2,Not Eligible,0,0.294
STU-4001,24EC501,ECE,3,92.9,7.48,6.88,improving,0,83.1,100.0,61,70.0,,90.4,Not Eligible,0,0.058
STU-2331,22IT631,IT,8,84.3,7.56,6.35,improving,0,76.0,93.2,169,41.1,Completed,81.0,Placed,0,0.089
STU-1065,24CS265,CSE,4,80.7,9.78,9.47,improving,0,95.3,70.2,80,69.8,,98.0,Not Eligible,0,0.053
STU-2858,23IT258,IT,5,77.6,8.91,8.56,improving,0,97.4,83.7,107,9.6,Completed,98.0,Eligible,0,0.195
STU-1798,25CS998,CSE,1,87.7,7.64,7.6,stable,0,78.1,93.9,23,38.9,Ongoing,81.6,Not Eligible,0,0.132
STU-2954,23IT354,IT,5,79.6,7.04,7.08,stable,0,64.9,82.4,103,70.3,,69.6,Eligible,0,0.063
STU-2038,25CS338,CSE,2,91.3,9.02,9.16,stable,0,93.1,92.1,40,65.3,,93.4,Not Eligible,0,0.194
STU-5153,23EC753,ECE,6,77.4,8.14,8.34,declining,0,89.9,79.5,122,82.5,,63.7,Eligible,0,0.082
STU-3930,25EC430,ECE,2,79.2,6.67,6.98,declining,0,71.0,82.9,43,68.8,,47.3,Not Eligible,0,0.103
STU-0608,24CS708,CSE,3,87.5,7.21,7.23,stable,0,66.5,83.0,63,44.5,,72.6,Not Eligible,0,0.103
STU-1716,22CS916,CSE,8,90.6,7.1,7.2,stable,0,78.1,88.2,164,57.7,,72.2,In Process,0,0.138
STU-7489,24ME389,Mechanical,3,89.4,8.5,8.89,declining,0,87.4,82.1,61,48.7,,78.8,Not Eligible,0,0.135
STU-4387,22EC887,ECE,7,81.1,8.55,8.76,declining,0,88.7,82.8,143,62.7,,91.4,Placed,0,0.121
STU-7506,22ME406,Mechanical,7,84.7,6.14,6.42,declining,0,61.1,81.8,149,8.8,Completed,39.5,Placed,0,0.466
STU-4797,22EC397,ECE,7,85.7,8.71,8.53,improving,1,84.0,93.0,143,97.1,,90.9,Not Eligible,0,0.26
STU-4693,23EC293,ECE,5,82.2,7.09,7.27,declining,0,76.7,74.1,101,45.5,Ongoing,73.3,Eligible,0,0.106
STU-7750,25CI650,Civil,2,81.6,5.15,5.26,stable,0,55.5,88.5,44,67.3,,47.6,Not Eligible,0,0.451
STU-1690,22CS890,CSE,7,90.7,9.5,9.17,improving,0,97.5,89.6,147,80.5,Completed,93.9,Placed,0,0.111
STU-4585,25EC185,ECE,1,93.7,8.04,8.57,declining,0,77.2,84.5,21,66.1,,79.5,Not Eligible,0,0.108
STU-6261,24EE961,EEE,3,86.4,7.85,8.37,declining,0,73.4,82.0,61,41.5,,70.3,Not Eligible,0,0.17
STU-4933,24EC533,ECE,4,71.2,8.65,8.69,stable,0,82.1,65.7,82,31.8,,87.4,Not Eligible,0,0.269
STU-1662,24CS862,CSE,4,82.3,7.29,7.61,declining,1,69.1,89.1,76,15.5,,75.4,Not Eligible,0,0.349
STU-4689,25EC289,ECE,2,77.8,7.9,7.74,improving,0,69.9,89.0,40,77.3,,61.3,Not Eligible,0,0.08
STU-1312,22CS512,CSE,8,85.0,7.64,7.59,stable,3,68.8,86.5,152,76.2,Completed,71.2,Not Eligible,0,0.395
STU-3364,25IT764,IT,2,85.8,7.16,7.04,stable,0,66.3,93.5,44,65.0,,64.8,Not Eligible,0,0.161
STU-8225,24CI225,Civil,4,74.2,6.22,6.4,declining,2,59.1,70.1,74,54.9,,62.2,Not Eligible,0,0.478
STU-7047,22ME847,Mechanical,8,88.2,7.55,7.7,declining,0,79.6,78.8,169,44.4,Completed,57.9,Placed,0,0.104
STU-6849,24ME649,Mechanical,4,75.4,7.84,8.12,declining,0,70.9,84.5,84,45.5,,85.8,Not Eligible,0,0.113
STU-4116,24EC616,ECE,4,77.7,8.5,8.2,improving,0,87.8,80.2,80,67.9,,64.5,Not Eligible,0,0.103
STU-4664,23EC264,ECE,5,82.5,7.19,7.03,improving,0,74.4,79.0,105,40.3,Completed,74.3,Eligible,0,0.054
STU-1619,23CS819,CSE,5,78.8,7.34,7.0,improving,0,64.7,86.6,103,41.5,Completed,55.2,Eligible,0,0.093
STU-6214,23EE914,EEE,6,80.4,6.73,6.69,stable,0,61.6,84.8,122,58.5,Completed,60.7,Eligible,0,0.074
STU-5555,25EE255,EEE,1,90.4,6.76,6.74,stable,0,71.2,84.6,19,58.8,,49.6,Not Eligible,0,0.131
STU-5654,23EE354,EEE,5,77.3,7.97,8.78,declining,0,82.9,78.5,103,34.9,Completed,68.9,Eligible,0,0.376
STU-1407,22CS607,CSE,7,85.8,8.04,7.7,improving,0,70.9,70.2,145,14.3,,82.7,Placed,0,0.134
STU-1304,23CS504,CSE,5,85.2,7.18,7.49,declining,0,69.8,95.4,107,87.1,,77.3,Eligible,0,0.14
STU-4592,25EC192,ECE,2,90.7,8.17,8.14,stable,0,72.7,85.0,43,27.6,,93.7,Not Eligible,0,0.238
STU-3672,25EC172,ECE,1,79.0,7.95,7.97,stable,0,80.1,82.2,22,60.7,,80.0,Not Eligible,0,0.103
STU-3986,23EC486,ECE,6,97.2,7.03,6.65,improving,0,73.5,87.9,124,55.2,,75.9,Eligible,0,0.077
STU-4923,22EC523,ECE,7,85.8,6.41,6.2,improving,0,63.1,78.9,145,49.5,Ongoing,48.8,Not Eligible,0,0.075
STU-1849,22CS149,CSE,8,90.8,7.69,7.59,stable,0,70.8,87.9,166,44.3,Completed,74.5,Placed,0,0.055
STU-4031,25EC531,ECE,1,65.0,7.95,7.62,improving,0,76.5,71.9,22,51.7,,89.7,Not Eligible,0,0.332
STU-4095,23EC595,ECE,5,79.9,7.94,8.21,declining,0,75.3,89.6,101,71.8,Completed,98.0,Eligible,0,0.087
STU-6277,24EE977,EEE,3,70.8,7.05,6.78,improving,0,72.9,73.0,65,60.4,,74.4,Not Eligible,0,0.084
STU-0259,23CS359,CSE,5,76.2,6.59,7.5,declining,0,65.5,86.3,107,26.1,Completed,70.1,Eligible,0,0.338
STU-6732,24ME532,Mechanical,3,84.3,7.9,7.56,improving,0,93.5,71.7,64,78.0,,63.9,Not Eligible,0,0.073
STU-0288,23CS388,CSE,5,68.9,7.83,7.13,improving,0,84.0,65.1,106,54.7,Completed,72.2,Eligible,0,0.196
STU-1828,22CS128,CSE,8,88.5,8.07,7.81,improving,0,79.3,91.4,170,85.6,Completed,83.5,Placed,0,0.057
STU-2900,23IT300,IT,6,85.2,8.81,9.71,declining,0,84.3,83.2,128,50.3,Ongoing,78.9,Eligible,0,0.401
STU-7720,22CI620,Civil,7,73.7,7.44,7.11,improving,0,71.9,75.7,149,21.1,Completed,58.8,Not Eligible,0,0.175
STU-7604,23CI504,Civil,6,78.8,8.57,8.85,declining,0,81.9,86.1,124,56.6,Completed,86.3,Eligible,0,0.094
STU-2767,24IT167,IT,4,73.8,7.04,7.09,stable,0,64.4,75.2,82,52.8,,69.1,Not Eligible,0,0.07
STU-8271,22CI271,Civil,7,64.9,7.31,7.63,declining,0,75.9,63.6,147,22.9,,76.5,Placed,0,0.494
STU-2743,22IT143,IT,8,87.9,8.51,8.48,stable,0,83.9,89.3,164,54.1,Completed,91.0,Placed,0,0.103
STU-4477,25EC977,ECE,2,88.8,6.24,5.65,improving,0,62.9,80.7,42,82.2,,43.9,Not Eligible,0,0.084
STU-6202,23EE902,EEE,6,90.8,8.26,8.11,improving,0,88.5,92.2,128,47.5,Completed,88.1,Eligible,0,0.084
STU-5982,24EE682,EEE,4,83.9,6.77,6.5,improving,1,72.2,76.6,82,75.1,,62.7,Not Eligible,0,0.222
STU-2561,22IT861,IT,8,86.8,7.69,7.43,improving,0,84.8,84.8,164,39.2,Completed,79.6,Placed,0,0.051
STU-4049,22EC549,ECE,7,70.8,7.98,8.03,stable,1,80.9,69.5,143,40.2,,92.9,In Process,0,0.276
STU-5533,24EE233,EEE,3,68.8,8.3,8.26,stable,0,78.1,72.5,65,24.7,,73.1,Not Eligible,0,0.282
STU-5895,22EE595,EEE,7,89.0,6.31,6.64,declining,0,60.1,93.0,149,68.8,Completed,53.3,In Process,0,0.206
STU-3340,22IT740,IT,8,63.4,6.76,6.37,improving,1,67.9,58.5,165,66.4,,70.7,Placed,0,0.467
STU-2609,23IT909,IT,5,99.0,9.38,9.79,declining,0,96.0,83.1,101,84.1,Completed,89.1,Eligible,0,0.142
STU-0617,25CS717,CSE,1,75.9,7.55,7.37,improving,3,82.3,67.5,18,38.6,,83.2,Not Eligible,1,0.639
STU-0208,23CS308,CSE,6,88.5,6.63,6.35,improving,0,70.6,90.4,128,57.2,Ongoing,56.7,Eligible,0,0.057
STU-5531,22EE231,EEE,7,70.9,8.28,7.95,improving,0,83.3,65.6,143,27.3,Completed,70.2,Placed,0,0.137
STU-4128,24EC628,ECE,3,82.9,7.54,8.12,declining,0,81.4,68.7,65,66.2,,75.2,Not Eligible,0,0.221
STU-3312,25IT712,IT,1,87.4,7.47,7.64,declining,0,75.0,77.8,21,70.8,,76.3,Not Eligible,0,0.16
STU-4860,24EC460,ECE,3,89.4,7.11,7.08,stable,0,68.4,84.2,59,56.3,,60.2,Not Eligible,0,0.039
STU-0026,22CS126,CSE,7,86.8,8.1,7.32,improving,0,80.8,96.0,147,64.0,Ongoing,98.0,Placed,0,0.057
STU-3195,25IT595,IT,2,84.6,6.34,6.44,stable,0,68.9,80.1,43,26.0,,43.3,Not Eligible,0,0.131
STU-0029,23CS129,CSE,5,79.1,7.12,6.6,improving,1,73.4,86.1,103,37.5,Ongoing,73.6,In Process,0,0.114
STU-8034,23CI934,Civil,6,94.3,7.2,7.01,improving,0,72.6,92.7,127,59.7,Completed,63.3,Eligible,0,0.057
STU-1707,23CS907,CSE,6,86.0,6.6,6.71,stable,0,62.6,78.9,126,87.6,Completed,88.5,Eligible,0,0.12
STU-7887,24CI787,Civil,3,76.9,7.79,7.71,stable,0,78.1,77.4,65,58.3,,71.5,Not Eligible,0,0.066
